method,method_label,dataset,scenario,seed,fold,split_signature,best_val_auc,n_test_positive,accuracy,auc,aupr,f1,threshold
arnoldi_s1,ArnoldiGCL + S1,bindingdb,cold_drug,1941488137,0,d3122cff3f09f0e7ffd06030d60d5e2eca915ec3d9ead8dd02edbd3283126894,0.9739024986567983,4182,0.9843702447719664,0.9741388876881427,0.9293033783423763,0.9080915249904129,0.8755108869320706
arnoldi_s1,ArnoldiGCL + S1,bindingdb,cold_drug,1941488137,1,271362873bdfd8fae15456fd6c51cac9d2e8e081d8fbaf95bf8f87f4e97a44bf,0.9795459791931712,4280,0.9817969413763806,0.9708658534588173,0.9192160393331269,0.8911192986913988,0.8618186385990813
arnoldi_s1,ArnoldiGCL + S1,bindingdb,cold_drug,1941488137,2,6fade7330d6d26b28f5faeff6b9ddbaaf1b6001f51b43b0e085de6362903a3fb,0.9825067384539488,4116,0.9845392702535559,0.9749758049131078,0.929123818082335,0.9093499093499093,0.9251206235036449
arnoldi_s1,ArnoldiGCL + S1,bindingdb,cold_drug,1941488137,3,bb13aff79788c532ba4be6faf227627a3fd9a0922917ed81c0c27e8b1e896e17,0.9731972873559022,4061,0.9841731772290748,0.9742285386710096,0.9319958169062601,0.9066913026263693,0.45808042129425103
arnoldi_s1,ArnoldiGCL + S1,bindingdb,cold_drug,1941488137,4,c7ebc80f58f9cbb1d44a9197b733c0c17d684e5c756941826054ab573b76f457,0.9767023730317917,4035,0.9840937253576659,0.974607881163733,0.9295413055741407,0.9069828722002635,0.8362522631475285
arnoldi_s1,ArnoldiGCL + S1,bindingdb,cold_drug,4198936517,0,f99b8da5ab42ba3a3a174619834df007af4996a7b09c0c44599b9192d2853fb2,0.9709496727424828,4084,0.9841064909625145,0.9725801388280009,0.928706061859517,0.906885758998435,0.6541701105359471
arnoldi_s1,ArnoldiGCL + S1,bindingdb,cold_drug,4198936517,1,af1dc944cf987f1e10275d3ad0c7073b6aef183cdfd1520f3a8905ecdd563efa,0.9757435623779884,4191,0.9837096809179844,0.9757834888488878,0.9302241913079271,0.9044893806435202,0.8919666287017168
arnoldi_s1,ArnoldiGCL + S1,bindingdb,cold_drug,4198936517,2,3ed3b0703aaae09b96234f544ce4f3d852b5973fdf99e944f8e86e8ff0842696,0.9799640731601104,4093,0.9852297714501477,0.9771151266883225,0.9384126502672661,0.9128326124000524,0.9307467608092596
arnoldi_s1,ArnoldiGCL + S1,bindingdb,cold_drug,4198936517,3,2b423d98eadf4e955c204ac0c7d2cf1317801698510fe27edaa02dc1817607cc,0.9795004362235114,4171,0.9810814934286524,0.9644900044782964,0.9130584456597657,0.8882307494205511,0.7962901050913804
arnoldi_s1,ArnoldiGCL + S1,bindingdb,cold_drug,4198936517,4,c0d6c15b73d44b1e9e34d83f78ea6d8fde927a5b41c7fa3eec65dd204b3f1780,0.973487215047176,4135,0.9845663405518302,0.9756440507713521,0.9339590228752084,0.9096292481977343,0.5867399779819444
arnoldi_s1,ArnoldiGCL + S1,bindingdb,cold_drug,983997847,0,caa30460df33a20c98ac7f63f64cccd6e9a80b8154201f05a46ca9b2cbfc1bfa,0.973205784217874,4095,0.9831279831279831,0.9754070227696601,0.9317248427753413,0.9,0.8273563365740304
arnoldi_s1,ArnoldiGCL + S1,bindingdb,cold_drug,983997847,1,ae65eea815e50b920663d8c7fb5fe425d8ce49ff9f7ea44fc38c5d61edca2fc0,0.9688883979295544,4095,0.9831057831057831,0.970351681150216,0.9224468934677835,0.9008469055374593,0.46201688202682634
arnoldi_s1,ArnoldiGCL + S1,bindingdb,cold_drug,983997847,2,530d0d9ee08f5eff47c8e7cd28570f7bdbae4a81314d4db83c4016e816c87dcd,0.9739768710679509,4149,0.984026819167817,0.9732885307892011,0.9272107475577958,0.9055577147298873,0.8842808470334128
arnoldi_s1,ArnoldiGCL + S1,bindingdb,cold_drug,983997847,3,7b34a851f2b0deb3f060c6d82b3f07b4d7445a21502d5e1379f27e3441d33311,0.9748797446537976,4189,0.9837236051129582,0.9766645965023036,0.9320512371623826,0.9032008260196179,0.9411954420070131
arnoldi_s1,ArnoldiGCL + S1,bindingdb,cold_drug,983997847,4,a09e124b606033d05e2869d1398ae3af7c00f8029d69e95dcfc4a56497f40ed6,0.9756655693242008,4146,0.9835109415427794,0.9716763366267746,0.9265062717301488,0.9029677419354839,0.8099627584627261
arnoldi_s1,ArnoldiGCL + S1,bindingdb,cold_pair,1941488137,0,2b4cfc3bb4039bbe25bf713ec37108d8cd7099263d4163e97de30bbe11e8916c,0.7532470670353566,876,0.9229970942299709,0.7549629516690645,0.5009776380763775,0.5356695869837297,0.4918379638293018
arnoldi_s1,ArnoldiGCL + S1,bindingdb,cold_pair,1941488137,1,5ecd70455c0eaf43ddb52714a848e8038eed447795919cb02a36dc75e7d002e6,0.6145219100474043,719,0.9109874826147427,0.7343755138201914,0.38548015776315453,0.4238952536824877,0.3273861485719681
arnoldi_s1,ArnoldiGCL + S1,bindingdb,cold_pair,1941488137,2,498c1745279d8458ec7ac82f9c192b80b2d6514f22cd4804005f82496da59376,0.7434055050884503,685,0.9001990710019907,0.7543506846395652,0.4115045409135311,0.43796711509715996,0.1322793254297075
arnoldi_s1,ArnoldiGCL + S1,bindingdb,cold_pair,1941488137,3,43e02e384720b83176d3f006a506fdf82e19e213eac9656a0249835c8f1b0221,0.721609168241966,1166,0.9139248401684079,0.7390808837591095,0.4379793114254762,0.4550839091806515,0.490111768245697
arnoldi_s1,ArnoldiGCL + S1,bindingdb,cold_pair,1941488137,4,b79488fb07b6204668a5d205427de2a4d6a388125d3a689c76e691a7e1078a0c,0.7463953665599756,747,0.9109163928441036,0.7365210955378856,0.411567988373465,0.43950995405819293,0.11524416225617878
arnoldi_s1,ArnoldiGCL + S1,bindingdb,cold_pair,4198936517,0,623e3f2499dd11866908cefe7fe7e7abe7c21170e81c11241d5b048682e96432,0.8165952550379263,1037,0.7967914438502673,0.6792786476084023,0.1552558505660879,0.29415347137637027,0.2780560203447738
arnoldi_s1,ArnoldiGCL + S1,bindingdb,cold_pair,4198936517,1,5e8664cd3b0a95abf0f6b0d15ce4771e4f24c5969a60edec42f76bebdf870ed6,0.8062714681440443,742,0.9033325165400637,0.6821978008006335,0.35861660745593477,0.393543428132206,0.12439471292169127
arnoldi_s1,ArnoldiGCL + S1,bindingdb,cold_pair,4198936517,2,f138fd2b71c3a54018d0937acabffe0ea4ac8598e60bb0b122469f6e7b60a27b,0.7213223363980529,943,0.8755422732092933,0.6946601008266526,0.2948957764152093,0.32655190401669276,0.11114874536962545
arnoldi_s1,ArnoldiGCL + S1,bindingdb,cold_pair,4198936517,3,3894e7ee00e5ffe62c846a7ab1197097de5b9db34c79da92c0981897c6953231,0.7907015457788347,655,0.8897987508674532,0.7677997785676826,0.39678767081492167,0.3984848484848485,0.20114564189355674
arnoldi_s1,ArnoldiGCL + S1,bindingdb,cold_pair,4198936517,4,3d88c52c58071efde8e1fae42ed5be4d4d3354b23c80f64b663bc7d5806a8fc2,0.7901199637845179,723,0.8979001634603294,0.7723487696301525,0.34869038947397724,0.4072992700729927,0.19323002607855055
arnoldi_s1,ArnoldiGCL + S1,bindingdb,cold_pair,983997847,0,a1543616e83727949e58fe0c4fc7e23733d1725603632dfd593a38e9d4314a38,0.6854177777777779,1058,0.8686200378071833,0.7517540317537459,0.2964244410510216,0.37870784234051197,0.4929504420822614
arnoldi_s1,ArnoldiGCL + S1,bindingdb,cold_pair,983997847,1,44c0d6816c76aa3a2113b5e5b49b5baa57093baa92b9170f41621f144578efbc,0.792812706192855,874,0.9136675681298106,0.7427984384900166,0.4021110305540881,0.4211994421199442,0.49691810429912725
arnoldi_s1,ArnoldiGCL + S1,bindingdb,cold_pair,983997847,2,b3cf07d59bdc3e1f2b3148b95d02e95198c5ddf26efd2fe0a722234d1129296a,0.6548334910411769,732,0.8648782911077993,0.7558181417778972,0.3517844569397648,0.3887640449438202,0.023606528946491966
arnoldi_s1,ArnoldiGCL + S1,bindingdb,cold_pair,983997847,3,cb3eb24cc3f35d3248ba1e807c2bc1e8ba6180a8b79931b4372d487d74d59b8c,0.8162916233090531,691,0.904749375082226,0.7456568952481879,0.3799580940248681,0.3853989813242784,0.3604036140319421
arnoldi_s1,ArnoldiGCL + S1,bindingdb,cold_pair,983997847,4,b1ee7b4942b8c6aa621a1b8d5b9dd55945af4aae50932fc4fc5366d293b027b6,0.7748958406892169,771,0.9152222615257635,0.7077206989423677,0.34894062162011386,0.3687445127304653,0.2714704493790457
arnoldi_s1,ArnoldiGCL + S1,bindingdb,cold_protein,1941488137,0,b8f4b00318dc9ff3a71214100e4aa6df2e9f73a506a45512b1452972c20df9a5,0.5917687172499737,4204,0.8260098607386904,0.6988802093470855,0.25856016703508594,0.31558353181354204,5.2670015938929114e-05
arnoldi_s1,ArnoldiGCL + S1,bindingdb,cold_protein,1941488137,1,6324786832b507b8d88ac5af97a996d64cf4221232f8a2c04500f4f96dfda2e5,0.7230306910966888,3581,0.8961945622096418,0.6796637026173932,0.3164885250854732,0.3559615687509844,0.14373272830696954
arnoldi_s1,ArnoldiGCL + S1,bindingdb,cold_protein,1941488137,2,18a6cc162f1fa8d7979557f3103d6589ad6c76101e9d4b05edbc3508c39d7449,0.8406522830039314,3319,0.8938343969980005,0.7843045614370173,0.3272240171864546,0.3226144704648724,0.14791517153586412
arnoldi_s1,ArnoldiGCL + S1,bindingdb,cold_protein,1941488137,3,d8a62a5b9d02c5fdecaf03b3e4205a1fd809acb1a39813a2983042d6e71103a7,0.6924163489140139,5585,0.7775046797428176,0.6665377525970013,0.2319653398893327,0.26993537360465736,0.03217585642554172
arnoldi_s1,ArnoldiGCL + S1,bindingdb,cold_protein,1941488137,4,6f23544a9a5ff66b69f436861c5b792732177ec1bed1d2b13661542bac6e24ff,0.7950994730447166,3985,0.8889243754990305,0.7568546824745872,0.34510733072319655,0.3606040709126724,0.1915868605959087
arnoldi_s1,ArnoldiGCL + S1,bindingdb,cold_protein,4198936517,0,22e974af8b2c809bdefdffe3e21f5cd4dca5166faa3d99cf8e431c989fe973ec,0.7729295454854916,5398,0.8658930917174711,0.6486771633065422,0.24115124453878056,0.28742729306487697,0.07329498156803102
arnoldi_s1,ArnoldiGCL + S1,bindingdb,cold_protein,4198936517,1,7de9c60893654c75d6754628b7974dd61c3826b3a821f9d60b154eb8dce8beb7,0.724476774367101,3710,0.8818181818181818,0.70379959459754,0.33079314523378406,0.3537451427040064,0.1032329279143516
arnoldi_s1,ArnoldiGCL + S1,bindingdb,cold_protein,4198936517,2,a1b2551830003e141ac4c3d8c0b31d0bf510c9258df9358bc6e3050d3e4a2ad1,0.8263177349005693,4675,0.9208361691784152,0.7870908701993193,0.4412895753219479,0.4631412369774496,0.38630567026464907
arnoldi_s1,ArnoldiGCL + S1,bindingdb,cold_protein,4198936517,3,54e27bd08e4aef100ce01bad8ce9e207fa9a2710a2c83e4014f33c0e5ca75c50,0.7193902144176794,3397,0.8354162763936094,0.7299109831190989,0.33020270418863223,0.3650629774932893,0.0013578912922602197
arnoldi_s1,ArnoldiGCL + S1,bindingdb,cold_protein,4198936517,4,0daede7857fabe586f0f52f24e384964600ef55eaaa7afdc863972f69e5aa1ee,0.7194642933405861,3494,0.8656397980954363,0.681425558541931,0.32759510117564067,0.3548225887056472,0.10879991320918685
arnoldi_s1,ArnoldiGCL + S1,bindingdb,cold_protein,983997847,0,a5feacf2df5d6831b820604ee4902c21b8ee04ab2881d4c6d5d7c3b487a651d3,0.846805043334875,5465,0.8834234384097147,0.7035130335353732,0.3376026735354457,0.37057661217891147,0.184061660170555
arnoldi_s1,ArnoldiGCL + S1,bindingdb,cold_protein,983997847,1,0f751e4977a964aa5d45f5e60f178b601671b9f0c0c50246a40f80b5ea0bea35,0.7985440231107443,4229,0.8461488854016639,0.7206337955992026,0.2833550074045212,0.3105673827184279,0.0855616045733021
arnoldi_s1,ArnoldiGCL + S1,bindingdb,cold_protein,983997847,2,97af94b0063094defb869e774b6c443798a524b786f6404e94fa204ec20371a1,0.7979058243949484,3754,0.8939555383348671,0.8137776001105834,0.4054835445213203,0.44138282944253093,0.16183416566620135
arnoldi_s1,ArnoldiGCL + S1,bindingdb,cold_protein,983997847,3,998506e928ef1e0c00d67e1ebc691c0912c556c62ce64b142e76df88d3301536,0.5274114488327322,3428,0.9118224249496129,0.7985565879999836,0.48227740013125764,0.5009755365450999,0.1469143902459373
arnoldi_s1,ArnoldiGCL + S1,bindingdb,cold_protein,983997847,4,265ebe6c7813d7d91f031416042ef8a1914cf0307163f2e590e14d3be8496eaa,0.7659811147325326,3798,0.8501364354444924,0.6968104419304415,0.2918145389001061,0.3352797536893513,0.10239703437134828
arnoldi_s1,ArnoldiGCL + S1,bindingdb,random,1941488137,0,b9f98ff3affb86a1ce4b9c5e5472552e0a3af3744fa4dc64867fb8ca8a7429c5,0.9806542418876814,4135,0.9851379575684291,0.9804431220199757,0.9420838423446053,0.9134443021766966,0.9493921976710018
arnoldi_s1,ArnoldiGCL + S1,bindingdb,random,1941488137,1,df7fca01d0b5a54dcc2c252649e73083ec1e03258bb2ba439dac4818d4116d32,0.9807595159731493,4135,0.9854017808068594,0.980184925628245,0.941152458316155,0.9159919028340081,0.9177002805308119
arnoldi_s1,ArnoldiGCL + S1,bindingdb,random,1941488137,2,e37319a5252456b0cc89339cc40f83f8ec8d2f500338ef847eb2394b202c8a1c,0.9839005401145441,4135,0.9855556776959438,0.9835373057729676,0.9453823877704696,0.9162096671342941,0.9367506167006817
arnoldi_s1,ArnoldiGCL + S1,bindingdb,random,1941488137,3,95055dd9f725f176b4a64f81e2a0e31b3e2c38f4ab090b7d7294df43883af058,0.9799570752227206,4135,0.9843025173134,0.9790432077013842,0.9397626771129481,0.9091603053435114,0.8924944138690218
arnoldi_s1,ArnoldiGCL + S1,bindingdb,random,1941488137,4,bc251326e2f97ec272acb637b42fda0727940e6e0898341d9a1cc3254c6c327b,0.9802659705905143,4134,0.9846285789682017,0.9817563017716372,0.9429652079233174,0.9119758216849263,0.9023446233305215
arnoldi_s1,ArnoldiGCL + S1,bindingdb,random,4198936517,0,e19bb407247a1c3f9a14d3d79cb8a3d6a8146026a241c41e590d6d6d17e2d3b7,0.9812474138397408,4135,0.9856875893151589,0.9812182024742335,0.9450217381014613,0.9177095183921122,0.9102126939166076
arnoldi_s1,ArnoldiGCL + S1,bindingdb,random,4198936517,1,95cdd6a9a549c0f479bbeda625fb14b4b7422a760aa633756e0585d4b7a1f46b,0.9844410384703675,4135,0.9857975156645048,0.9821876569059069,0.9454999037799008,0.9180411063181934,0.9412428283038202
arnoldi_s1,ArnoldiGCL + S1,bindingdb,random,4198936517,2,eebf7de3343762db7f3b4472b0332993b822fe13571c34630f8b932c3b6554d3,0.9760073779588232,4135,0.9837968561064087,0.977788586242139,0.9335718799072278,0.9049154947748678,0.941649418628379
arnoldi_s1,ArnoldiGCL + S1,bindingdb,random,4198936517,3,0705f193b18c75afb116332bc4434d9d915e73660944c5a068ffa67401f3f12b,0.9785400056146177,4135,0.9840826646147082,0.9791941941341865,0.9381155407486854,0.9063389391979302,0.9589681375271621
arnoldi_s1,ArnoldiGCL + S1,bindingdb,random,4198936517,4,0f34655d6654128ba545e6b71007cf13a0096db925a2eca3b4d7ff413699a623,0.9803474666229974,4134,0.9846945507322866,0.9803261518051891,0.9389230981907748,0.9125408394068861,0.8899443581496203
arnoldi_s1,ArnoldiGCL + S1,bindingdb,random,983997847,0,50221d3d5a60a5f8305cd6466d4a636bf326cb35a8869f82e4274a1122350a14,0.9826925017070487,4135,0.9859953830933275,0.9829086820415571,0.9476906397356211,0.9188224799286352,0.9554410328603775
arnoldi_s1,ArnoldiGCL + S1,bindingdb,random,983997847,1,ca7853b850250bd472514b6099f39ed64f5af5c79271809d93cd00db9eb88d59,0.9795104828132745,4135,0.9826316368033418,0.9798950095697068,0.9357101945144786,0.899183256763655,0.8901249328704731
arnoldi_s1,ArnoldiGCL + S1,bindingdb,random,983997847,2,869a929e679ec92faf0964819aa84b6417cbbde21ead1497154a3892b41c1055,0.9776170662451804,4135,0.9835550181378476,0.9783336749867311,0.9369221137565784,0.9037818368922048,0.9483815800082193
arnoldi_s1,ArnoldiGCL + S1,bindingdb,random,983997847,3,0e34704dcc33f0c5c9228868f6d64cca9fa5b9d85a2e751d618cd9213aabcf4c,0.9801771455809009,4135,0.9850720017588216,0.9818628015481139,0.9425217075538285,0.9128033902658277,0.9481225689224999
arnoldi_s1,ArnoldiGCL + S1,bindingdb,random,983997847,4,f0040bedf05f81f4adef9fcf43325837a5e5af196f2e5cb5be7e93b9224a3eb6,0.9829755537490003,4134,0.9849584377886265,0.9812787785995469,0.9407583044255678,0.9135927235977767,0.9067953064017101
arnoldi_s1,ArnoldiGCL + S1,biosnap,cold_drug,1941488137,0,0dde78d724b699a171b9e73ce8da6eed90afbb0e81889dba066c152277a6831a,0.9138876479182989,2947,0.9491007804546997,0.8947018869384463,0.7195237034255402,0.6876183263915183,0.7905683235599568
arnoldi_s1,ArnoldiGCL + S1,biosnap,cold_drug,1941488137,1,05c1111bb5eaeec4581c48562a2d93fdad2397fb306560bc5c63ed2285481684,0.9121091337618241,2789,0.9544639655790605,0.9074997419175189,0.7524981490346131,0.7193088205746434,0.842326612472534
arnoldi_s1,ArnoldiGCL + S1,biosnap,cold_drug,1941488137,2,8d7becc9ec965fae3cad75020e65aae6611a1463eb00b269d8a65490c505b6e2,0.912494302594577,2704,0.9472162452931684,0.8996095801530057,0.7206229639515402,0.6892319873317498,0.6024759378171939
arnoldi_s1,ArnoldiGCL + S1,biosnap,cold_drug,1941488137,3,b69c25480603ce368168d2027d0440423f86dd2866e16d0ed5bac620472b87af,0.874841184007771,2578,0.9521475421397841,0.9058264686392767,0.7260536321078863,0.7022163704191354,0.7918664538697021
arnoldi_s1,ArnoldiGCL + S1,biosnap,cold_drug,1941488137,4,c0fddbd8642abf6c3cf66942cdb56947649f142191b46a8425f429f532262ac6,0.8948806598313024,2812,0.9502133712660028,0.8861168870356468,0.7083807634211883,0.6828665568369028,0.8936159008169827
arnoldi_s1,ArnoldiGCL + S1,biosnap,cold_drug,4198936517,0,5c219cc120686c883e7bf755698024447f43c50ba720467e8ea0c62d10c59c56,0.9079516644620811,2636,0.9527176162229273,0.8983165637571064,0.7334503020620181,0.710454065469905,0.7540456776341349
arnoldi_s1,ArnoldiGCL + S1,biosnap,cold_drug,4198936517,1,3d6c3d07b85c2cc2d5be78939c078813b2caccd1365475fd07f9320e7ab8e035,0.9020852112252868,2980,0.9525930445393532,0.8898472760236027,0.7209603842108624,0.7037743042317957,0.8790452707875259
arnoldi_s1,ArnoldiGCL + S1,biosnap,cold_drug,4198936517,2,8c83f85e76b7e1295bbdc5eeda9af96b06b5bebcc45111d68752138c42d35ae4,0.9257487766978276,2774,0.9471717899980336,0.892031690135354,0.6942494232259488,0.6658374792703151,0.7842303302190076
arnoldi_s1,ArnoldiGCL + S1,biosnap,cold_drug,4198936517,3,f9c6e915b8e319425e68b7ed11852de6369777cb1df242e8acaaf7516c487593,0.908392667621971,2696,0.951106015646075,0.8852682069931056,0.7179673084304171,0.6857390550498483,0.8632271631286569
arnoldi_s1,ArnoldiGCL + S1,biosnap,cold_drug,4198936517,4,8c25f08c33d9218824f51c83c6e15f1b38436e4c883a76888389a856c3727acb,0.9116956209283068,2744,0.9503379273787437,0.8905355456166225,0.7146735411033476,0.6834213305174235,0.8370781625460261
arnoldi_s1,ArnoldiGCL + S1,biosnap,cold_drug,983997847,0,7073e1468209ad34718675fe4cde1f700224fc93c70c42e428ab87870680b0a4,0.8982574989985624,2804,0.9521787057450396,0.9079852172665502,0.7422254088381572,0.7020803878004443,0.7738109467127552
arnoldi_s1,ArnoldiGCL + S1,biosnap,cold_drug,983997847,1,b09953fd4d7f62ee241de6a0743dee295aedf4f2c788ab85ac3d61b3d4534be6,0.882886367264335,2695,0.9465677179962895,0.8834630198849652,0.6861868672714246,0.660813704496788,0.5963929411156536
arnoldi_s1,ArnoldiGCL + S1,biosnap,cold_drug,983997847,2,e03a947319a7ce0a30a9acde4d445c946a156102ab02ceeb9e0082a1c7577c02,0.9100765699187363,2817,0.9502049246458192,0.8935427482792806,0.7140978162505643,0.6885973763874874,0.8178262184335767
arnoldi_s1,ArnoldiGCL + S1,biosnap,cold_drug,983997847,3,b2d432a7a3f9058c024f5f2578182a059bf5778bbcadeb61784cabe54ba6f18c,0.9174246700785144,2922,0.9517764918175596,0.8997470334093691,0.7296178320768965,0.7014637904468413,0.8085166194667553
arnoldi_s1,ArnoldiGCL + S1,biosnap,cold_drug,983997847,4,4662f7f454bfe52811ed009d8fdf5609c6f3c1f4ef1c5a40cf74dc10cf553ded,0.881311482168625,2592,0.9520903479236813,0.8904370999085506,0.7325128728529376,0.7133864876206463,0.5993584771678867
arnoldi_s1,ArnoldiGCL + S1,biosnap,cold_pair,1941488137,0,81ff1cf1289174f7f6901b238f8274214b99ccf0b30871c1e9fb9c54824eaa64,0.6962827988338193,736,0.9177371541501976,0.796322014561673,0.40916299183807675,0.3669201520912547,0.7764123151563619
arnoldi_s1,ArnoldiGCL + S1,biosnap,cold_pair,1941488137,1,eabf504c52c58bec765481fe1a8d067deb9776838063c0dd93aba9f9ca6a4f01,0.7677062988281252,536,0.8973880597014925,0.7640038496881265,0.42176401753837767,0.42105263157894735,0.4156545259364664
arnoldi_s1,ArnoldiGCL + S1,biosnap,cold_pair,1941488137,2,71e439ff03789bdbb390dc0982ac35cf36ec23da8658bdc6f1c9507745b8db2c,0.7869405864197531,530,0.8977701543739279,0.7237052331790672,0.2632258043084219,0.2696078431372549,0.6170580129100854
arnoldi_s1,ArnoldiGCL + S1,biosnap,cold_pair,1941488137,3,a2fec1a3c34444adeaee1cbd3ef8a0559776fb58b5a9dd7b001bf0798e165db1,0.8220758672520866,448,0.9172077922077922,0.7203239596619898,0.35896222324699045,0.3584905660377358,0.7099010026618228
arnoldi_s1,ArnoldiGCL + S1,biosnap,cold_pair,1941488137,4,2d243d87e3fd1623d5b3ffa784324892aff86c3e2b7e6290683beb57d2989f5f,0.7337766383592372,567,0.8961038961038961,0.7562068997695099,0.3934917711475442,0.4151624548736462,0.4533176248204218
arnoldi_s1,ArnoldiGCL + S1,biosnap,cold_pair,4198936517,0,d53948b107e6707f76abc6bf9e2514eb15982fc444fe80edcf89039c411d2277,0.7114134404674944,580,0.9087774294670846,0.7960124851367419,0.45070163050032874,0.4680073126142596,0.34781288706684765
arnoldi_s1,ArnoldiGCL + S1,biosnap,cold_pair,4198936517,1,8bff8961308d7d7b0f11d6d7c62d411933414e2e6c9595b8e07a666c48d87f8f,0.7377126654064272,685,0.8875912408759125,0.6938863018807608,0.37341477365637704,0.36838180462341535,0.25736072136931226
arnoldi_s1,ArnoldiGCL + S1,biosnap,cold_pair,4198936517,2,b06c142765e46d6b37f51c4a3b5e4e7e891c7f7d5174fb2d2222a0e978f374d4,0.7148373658067617,561,0.8554529249716416,0.7715714871266932,0.40466385066037447,0.40214477211796246,0.49216537325349574
arnoldi_s1,ArnoldiGCL + S1,biosnap,cold_pair,4198936517,3,90617ac60f1398f5f2afa657254153ae236a96395e763562096e6ea10484c2ec,0.7386708944378386,486,0.897119341563786,0.7482745262409186,0.3653125466266467,0.39293598233995586,0.36830604868392414
arnoldi_s1,ArnoldiGCL + S1,biosnap,cold_pair,4198936517,4,31c262bcb54487b7291c0f669411fd1ee4e817ab0fde336d5dc0811140ecd8b9,0.7682603550295858,495,0.8554637281910009,0.7173959800020406,0.342196250469611,0.3403185247275775,0.3153647436997662
arnoldi_s1,ArnoldiGCL + S1,biosnap,cold_pair,983997847,0,be2fa14682ea8a906e1802a152fe451a9cfa1250c630bcae12bca002a7e4c105,0.7604608976081699,542,0.8955048641395504,0.7513228305714792,0.37583704526755063,0.4072312083729781,0.41834891069425295
arnoldi_s1,ArnoldiGCL + S1,biosnap,cold_pair,983997847,1,fdb70f98b9e463558151fd73d60c71913bd135cf0ce599a478c803de17e9da06,0.7533631203960873,564,0.9129593810444874,0.7543408279261608,0.42877297035895656,0.44672131147540983,0.5557957389583327
arnoldi_s1,ArnoldiGCL + S1,biosnap,cold_pair,983997847,2,60f2b6d3b2a8cf0e94118477302b68562aa9163fef1a739ab2ee91f9a9ecc305,0.7618013527945887,633,0.8095648427401982,0.7332206524261958,0.37102058627555684,0.3350050150451354,0.35741244233634367
arnoldi_s1,ArnoldiGCL + S1,biosnap,cold_pair,983997847,3,58a094f9e8b563676173b717dbdfaf332a78a9bec18a7880fae9290d9c6c7f60,0.7837728865093528,465,0.9018572825024438,0.7261500751531969,0.34614823846160064,0.3817733990147783,0.6531158486457718
arnoldi_s1,ArnoldiGCL + S1,biosnap,cold_pair,983997847,4,c84d88de123bbd2f315b943f35ec392b0da31f3f67825c3d6b9a97568dc17108,0.6582244897959184,590,0.8835130970724191,0.7133519103705832,0.324474297308984,0.3309734513274336,0.45840028183509224
arnoldi_s1,ArnoldiGCL + S1,biosnap,cold_protein,1941488137,0,766482f3df920b6196c8c65f02aec9f1e1e1665d35dd7f78a5042a0d576940bc,0.8004710743801652,3596,0.8941753463444231,0.8441424224914346,0.5181660155303568,0.4986826347305389,0.46752568992849863
arnoldi_s1,ArnoldiGCL + S1,biosnap,cold_protein,1941488137,1,6845a196d809cb07fee4888cc59d379b6fe25b3ba4eb5507af2fc25a3f7a82d0,0.898092970600936,2732,0.9167775855184347,0.81419731360225,0.45482860048452267,0.45689467969598263,0.4706737840420574
arnoldi_s1,ArnoldiGCL + S1,biosnap,cold_protein,1941488137,2,f39fce42250d53c5ddc8895a8498a944872f43fd73a6f13a0a9fdd355bb652a5,0.8277680066355465,2521,0.9099203057949588,0.8143254496422829,0.4855904164024034,0.4947411003236246,0.36455300061261803
arnoldi_s1,ArnoldiGCL + S1,biosnap,cold_protein,1941488137,3,f358d9d2e2425b7e887892e4fe84f7af67f338032486c9b132b585223b8e3818,0.8088088581314878,2349,0.9153218003792717,0.7644072158455877,0.44056965951991117,0.4369531652084406,0.3258844324823928
arnoldi_s1,ArnoldiGCL + S1,biosnap,cold_protein,1941488137,4,5389109904b9618c65333360931fc52bdb7de0768f8973450380d4a88c7fc7c2,0.8514089288521891,2632,0.9188657087593258,0.8261530043490914,0.49725417819519946,0.5068234306109595,0.5060765846134866
arnoldi_s1,ArnoldiGCL + S1,biosnap,cold_protein,4198936517,0,fc1aa75b9b0048814ec09add25cac8ade5a40e6a544a3caeb436ae39d1baa70f,0.8013665745501322,3097,0.9215956791029442,0.8546931425820753,0.5303780166202683,0.5553520892292325,0.5680861928691603
arnoldi_s1,ArnoldiGCL + S1,biosnap,cold_protein,4198936517,1,db37bd811ed02491ea414044eaae7af593fb30c6d1b44fcfce78e2e99a64654e,0.8297952008928572,3019,0.8925592459875334,0.789408313978347,0.47459524824786303,0.45791552719538137,0.35607970955028934
arnoldi_s1,ArnoldiGCL + S1,biosnap,cold_protein,4198936517,2,008d3a0994db69d5f54c4588ac93f4b42f976f4d22fbd4d859719ba070434feb,0.8506361555506854,2727,0.9292262559589293,0.826863823162661,0.5271483142383444,0.5052435329759962,0.49527375198798634
arnoldi_s1,ArnoldiGCL + S1,biosnap,cold_protein,4198936517,3,2b4e4783de0d8059207c5a62c7dbf0be095bbdf34bc85fea34551d9ed48f64c4,0.7819109709640886,2534,0.8975389251632345,0.8207028609801724,0.48940408544892233,0.4844765342960289,0.30453038192775145
arnoldi_s1,ArnoldiGCL + S1,biosnap,cold_protein,4198936517,4,060b1660c869c9a5900c2bdf4a60648e17462fa3743731198ea2f6c924b2c98c,0.8062625386223901,2453,0.9148723270207167,0.8000227680308262,0.47201645449411844,0.46890173410404623,0.4611255790272804
arnoldi_s1,ArnoldiGCL + S1,biosnap,cold_protein,983997847,0,590177958a695186bda43d57061d2dd194cac2a926bfc568d7e9cbd20a0946d7,0.8317330489110265,2614,0.9095777978716004,0.806833261720042,0.49068879199353665,0.47665056360708535,0.34979527422418333
arnoldi_s1,ArnoldiGCL + S1,biosnap,cold_protein,983997847,1,832f3a6629cf6f280cc79aecaad2047b5b96d712c30e3d0178757df16e2073f4,0.8036343886937792,3068,0.9244399668128481,0.8119807239724013,0.5115924628129791,0.5107444359171144,0.49489686386634224
arnoldi_s1,ArnoldiGCL + S1,biosnap,cold_protein,983997847,2,220d15cc845679126f23b0d8e09c11a2944998d03393e7bdfaf23bdf7bbe6f7c,0.8215614508335112,2953,0.9193116399347351,0.8114222491685693,0.46511837250113186,0.490969120217518,0.5389826491760877
arnoldi_s1,ArnoldiGCL + S1,biosnap,cold_protein,983997847,3,c07811eaf01be5606d069d70d312ec46bd0136fb0cfcf0d26d09dad667c9c6cc,0.8354054748080706,2258,0.9157742169256784,0.8067869502079409,0.4886650031831789,0.4780439121756487,0.33176452362374087
arnoldi_s1,ArnoldiGCL + S1,biosnap,cold_protein,983997847,4,be3028af004ff4ad7fc880847e5721202254729b24a883654424bcb59362c142,0.7722115907504316,2937,0.8968644566193085,0.8149581687576201,0.4531251103440232,0.45573342045083304,0.4362569873218667
arnoldi_s1,ArnoldiGCL + S1,biosnap,random,1941488137,0,ad307479fdfca1bc80726097c9633b89a766f0c052aa390ebf328171c21c20ea,0.9337651115565597,2766,0.9551370538355354,0.9379776260019271,0.8013711112505394,0.7432762836185819,0.8954463572943046
arnoldi_s1,ArnoldiGCL + S1,biosnap,random,1941488137,1,6fa5158ba6cde08eb257cca347f872d440be4063e1353c8862c0835e91c2b47b,0.9387117857878611,2766,0.9521790573851311,0.9276107942796763,0.7849831486897766,0.7268631499906139,0.8672767297045825
arnoldi_s1,ArnoldiGCL + S1,biosnap,random,1941488137,2,f6e10fabc28d032393e8f512d4983004ec310f38d62778b133b3b45cae5a2c2a,0.9363611764205763,2766,0.956911851705778,0.9385012801349305,0.8006224733787876,0.7482235452275783,0.8690368524969441
arnoldi_s1,ArnoldiGCL + S1,biosnap,random,1941488137,3,fd50f36d14dadeb82fe6a6302b549c9776447b6a69cc2f8d76efcbb99005da9f,0.9291837388696866,2766,0.9564845855518307,0.9331246350033906,0.7949521462120107,0.7483846446218168,0.8874272911515961
arnoldi_s1,ArnoldiGCL + S1,biosnap,random,1941488137,4,0ae404c6a6a1746c2c9e5528b7d46caf69054bccd9adcc9e24b79ad0f3a511ae,0.9323222174625337,2766,0.9531979228291593,0.9256943888943786,0.7760655232405763,0.73172569706104,0.8796079105710326
arnoldi_s1,ArnoldiGCL + S1,biosnap,random,4198936517,0,b82fb594ef9a76316622e40d5368109a2f777cd25ff2614256d5e003e1ebb9af,0.9331124574489305,2766,0.9550384539538552,0.9289730975605548,0.7873955254517603,0.7372262773722628,0.9090510423461047
arnoldi_s1,ArnoldiGCL + S1,biosnap,random,4198936517,1,d35151cd376427985bd2eb65c40c7eb5c48ac76a0c112b9972ccc80580a7ea3d,0.9366965164530802,2766,0.9564188522973772,0.9382453119665561,0.7992541056846582,0.7484825493171472,0.8779391942367162
arnoldi_s1,ArnoldiGCL + S1,biosnap,random,4198936517,2,d20f0a71685f63c6b28a247742b9eb647e68a8c5a18cca43d468f7e7f4aad191,0.9187485489308687,2766,0.9543153881548675,0.9364430064166207,0.7985535194316409,0.7430683918669131,0.8701781163068666
arnoldi_s1,ArnoldiGCL + S1,biosnap,random,4198936517,3,83a851fa11ed8fad65087dacef6baaa027b1b9cc62c23a66cdc0dbe4373905fc,0.9263451206472015,2766,0.9549069874449484,0.9355089222555261,0.7914808732462081,0.7418140760255928,0.8571438012466039
arnoldi_s1,ArnoldiGCL + S1,biosnap,random,4198936517,4,926191e192e9d56dfe4651a1e860709623a292874976d39f7933f5519c3d0410,0.9390634758950848,2766,0.9516860579767304,0.9360029649357527,0.7939529620378283,0.7285819793205317,0.8643712505494079
arnoldi_s1,ArnoldiGCL + S1,biosnap,random,983997847,0,8ff5b20121f9b7c7e39c2f4ccfb4b1e8e6af52f307e5880ed1f4e1797346a11e,0.9318538286969972,2766,0.9552356537172155,0.9345684008220887,0.7930561919127264,0.739877769289534,0.8882635309679869
arnoldi_s1,ArnoldiGCL + S1,biosnap,random,983997847,1,1294db83319fed0aa355ff7e286011b66c0f93c8ba895073c9f0c24ea0d1e73e,0.9406105608402631,2766,0.9547097876815881,0.9355350569277077,0.7878141758878272,0.7314886983632112,0.9024685345692177
arnoldi_s1,ArnoldiGCL + S1,biosnap,random,983997847,2,8c6e31b42705db209a13a0b41afcc94f66e6ac0e6ca18b74f1da83e2d6100a90,0.9406004237939369,2766,0.9566160520607375,0.9378274055531245,0.8029463478873622,0.7480916030534351,0.8936672843482394
arnoldi_s1,ArnoldiGCL + S1,biosnap,random,983997847,3,bce862cbfa862881cd04ec719d9e338a9213cc9c047924969597a45bd6381ca9,0.939823222992129,2766,0.952770656675212,0.9381644245353009,0.8017794873008798,0.7396267439753579,0.8593554490641373
arnoldi_s1,ArnoldiGCL + S1,biosnap,random,983997847,4,2ecb245f9cc66272424e0757f73513e0fd93efc0cfda0846ffee8a367806357d,0.9321087672370663,2766,0.9547755209360416,0.9281548908369317,0.7790247147994409,0.7376048817696415,0.8880587021781974
arnoldi_s1,ArnoldiGCL + S1,human,cold_drug,1941488137,0,33abce320291ccdc6698b267d9556020a416233d3b3820b517bdcc91e9fc3299,0.8907296786389415,696,0.9315569487983281,0.8820860582639715,0.5433196831737054,0.45979381443298967,0.9308397894689482
arnoldi_s1,ArnoldiGCL + S1,human,cold_drug,1941488137,1,ae8f7860896616a8f2771806c8c1248d8477c63dbd8ac7815914d7c646584319,0.9296019768306941,422,0.9366652305040931,0.8508976101165743,0.6101895867578908,0.5714285714285714,0.8516756529187502
arnoldi_s1,ArnoldiGCL + S1,human,cold_drug,1941488137,2,b68e45549745c30c1c42e85d37fb893d878dd47a80148d4be45e71d240a4a702,0.9406769390581717,538,0.9224400135180805,0.8908044388551843,0.5384291600289949,0.45808736717827625,0.4661616812503501
arnoldi_s1,ArnoldiGCL + S1,human,cold_drug,1941488137,3,58a25f4b895a6d9e8f1a9cf30e14b44ae170cec34c2c4df93cc50a4dccf76988,0.9305257130656728,572,0.9189446916719644,0.8642887488385741,0.5515590837184584,0.48065173116089616,0.46649165304556284
arnoldi_s1,ArnoldiGCL + S1,human,cold_drug,1941488137,4,f15ad55d17fac03e449c1c1fc6875fdb990fdf60fe1698200900740284a4d36b,0.9078563110275016,405,0.9371492704826038,0.9006736777930193,0.6868092371456717,0.6121883656509696,0.7993729435581048
arnoldi_s1,ArnoldiGCL + S1,human,cold_drug,4198936517,0,53fc35f787d95aa4ccf5a31c279e4d558b641572e662659e34c2367a53e39656,0.9027288888888889,623,0.9223697650663942,0.788082570485586,0.44485295643590567,0.4291845493562232,0.6673011165775663
arnoldi_s1,ArnoldiGCL + S1,human,cold_drug,4198936517,1,1dd2fa861a65bf0fe7898c29c66848a63e8e312ffcf4edc693d33fd53789ab3f,0.9048326997628816,401,0.9226932668329177,0.9163637042058198,0.7006855102492813,0.5983510011778563,0.31647750743447917
arnoldi_s1,ArnoldiGCL + S1,human,cold_drug,4198936517,2,d82dcbcf199a47ea672296109404c19bbedc9801ee61cc53cc69feed6560b615,0.8974906093844801,346,0.9140830267997898,0.8936061178121554,0.7080847030465514,0.5844980940279543,0.4302536178288394
arnoldi_s1,ArnoldiGCL + S1,human,cold_drug,4198936517,3,5a4997537612bc4fe41970e56cb749948ccb460568fff503b1357565f01446ac,0.9457160298764724,686,0.9263185793798039,0.8856872986595722,0.5486291296556397,0.4580896686159844,0.8339892147991752
arnoldi_s1,ArnoldiGCL + S1,human,cold_drug,4198936517,4,fc30f517aa0c44ac36286b6849bfb304bc065ca3c152d835f08baa678d5ca22e,0.9237292828606465,577,0.9294154718764771,0.9038756011041392,0.5703792880792146,0.4838709677419355,0.6264698355165241
arnoldi_s1,ArnoldiGCL + S1,human,cold_drug,983997847,0,edeb4ffb82db75be19b3e81dcdc3e514cd377def69bbd6df03fbb940c8d1b681,0.9366555007715759,563,0.9034393670272889,0.903434089769031,0.5908298416702747,0.48180242634315423,0.049126612127643715
arnoldi_s1,ArnoldiGCL + S1,human,cold_drug,983997847,1,43dd5db9ff3a1acca1bbea81115f16ff2829c4c6ef5eaaa40226e592920df178,0.8985041623309054,626,0.930002904443799,0.8989790137696619,0.555439230469876,0.4668141592920354,0.9127726580345469
arnoldi_s1,ArnoldiGCL + S1,human,cold_drug,983997847,2,a72f61478b527b53fa14a200c243ddf2539dc918440f12da5fdde6ecaea58e65,0.9077180748624054,436,0.8917848206839033,0.8837692534298458,0.6414219942265443,0.5234159779614325,0.0007937315328378363
arnoldi_s1,ArnoldiGCL + S1,human,cold_drug,983997847,3,26bae1a0955b735d7b18996531c3ef1fee75d5172f7afbf34500992918cf0f2e,0.9405521933467821,471,0.9322524609148813,0.8617068080291741,0.6152673067420315,0.5650557620817844,0.4585265553650792
arnoldi_s1,ArnoldiGCL + S1,human,cold_drug,983997847,4,0f58031fe12cc2de5150b5b2ccacebfd0a27eacae9ebcf51533c226483ca9f34,0.9139324920488355,537,0.9190790587438632,0.88723614535543,0.5334241067285964,0.4604966139954853,0.7017270111057856
arnoldi_s1,ArnoldiGCL + S1,human,cold_pair,1941488137,0,bd8c67818f266d75d831f723c20013ef2773f8b572184a55088d978865aaee88,0.7856549432290224,149,0.8938377059182429,0.6479572992207558,0.1838502010175623,0.304,0.5880564451217651
arnoldi_s1,ArnoldiGCL + S1,human,cold_pair,1941488137,1,de41199e4c62efaf511dd2137576a4bfd90a5caba0a24af7151c3e2ea0553713,0.58,72,0.6161616161616161,0.5715663580246912,0.13505834796982819,0.18716577540106952,0.0008485624566674232
arnoldi_s1,ArnoldiGCL + S1,human,cold_pair,1941488137,2,3379df8c72138ebf749fa4110e8d3bd96e74a1e4fac40d7c974d8576f7c5e045,0.5215794306703397,135,0.4067340067340067,0.7104197530864197,0.24707590284577097,0.20126926563916592,0.23646707832813263
arnoldi_s1,ArnoldiGCL + S1,human,cold_pair,1941488137,3,8008f6f231278ae0fbb1547f4ba35df40452c1820b98845457baefe2fa83f3c5,0.5456936226166996,85,0.5315508021390374,0.6734117647058823,0.16239714194797109,0.23157894736842105,0.018281342461705208
arnoldi_s1,ArnoldiGCL + S1,human,cold_pair,1941488137,4,8b34dab23ebbaac711e38571121161f562d541af56098e2c8b87b7e581f85884,0.5804938271604939,54,0.35185185185185186,0.6244513031550069,0.1708760464907163,0.17558886509635974,0.1382412612438202
arnoldi_s1,ArnoldiGCL + S1,human,cold_pair,4198936517,0,c599300df5b2ef0e50f64754f47aba326dcc6a75a3d10b9702e2db478089d1f4,0.676829268292683,152,0.8732057416267942,0.6284496191135733,0.13279155516811864,0.08620689655172414,0.6539977192878723
arnoldi_s1,ArnoldiGCL + S1,human,cold_pair,4198936517,1,6d3820abd87f7335237c574ad06a563bfe76a527f8622d23ed6706e61a02501e,0.6177721088435375,73,0.7808219178082192,0.6724057046350159,0.1831807946395003,0.2903225806451613,0.5023548007011414
arnoldi_s1,ArnoldiGCL + S1,human,cold_pair,4198936517,2,0a398b6e5968651e3f7732810ecdeb9c20ab8410e42ba1dea9b78b57b7f4b740,0.7465973534971644,59,0.8289676425269645,0.6242171789715598,0.17042392865781847,0.16541353383458646,0.22346457839012146
arnoldi_s1,ArnoldiGCL + S1,human,cold_pair,4198936517,3,17ae3f073110d144df44f48448f0b1769b825674b197aa22a58820e1d26a1419,0.7100000000000001,172,0.8319238900634249,0.6939054894537589,0.2118943512589731,0.2772727272727273,0.10858868807554245
arnoldi_s1,ArnoldiGCL + S1,human,cold_pair,4198936517,4,5e4f89773931feec371bc5318cdb8d788c6407efb92cd88e675fc19b2bb40639,0.4805709754163363,120,0.353030303030303,0.6741597222222222,0.2508289077007686,0.1851145038167939,0.41322287917137146
arnoldi_s1,ArnoldiGCL + S1,human,cold_pair,983997847,0,0f03eb4162b879e7617fddc65d193722488f8264565ffd7c40b6a62a83df8fac,0.7744821092278719,92,0.857707509881423,0.7080103969754254,0.1869487788697831,0.28,0.3892940282821655
arnoldi_s1,ArnoldiGCL + S1,human,cold_pair,983997847,1,ab3f176e26732a9405bf7aa8cf428370d2cba2de7f534e7de90b588c3082a051,0.6146572104018913,118,0.5069337442218799,0.7075050272910084,0.32297080348240575,0.2289156626506024,0.4901408553123474
arnoldi_s1,ArnoldiGCL + S1,human,cold_pair,983997847,2,a45d9e52f747a1356f288e2e07ae425edd460014c17d6ea8d75f3dea09754d32,0.53662109375,73,0.5130759651307597,0.5828673297053857,0.18364640446881975,0.17684210526315788,0.001339626731351018
arnoldi_s1,ArnoldiGCL + S1,human,cold_pair,983997847,3,0374dee88a8014ae6196dba73dc66a252067d6bea2c2be5adab49a27342da802,0.5693045563549161,139,0.670372792674951,0.5333005538015629,0.11140075340686013,0.16279069767441862,0.013155999593436718
arnoldi_s1,ArnoldiGCL + S1,human,cold_pair,983997847,4,8b2b4d7f522a6296b722e4648052b41b54ab6f22944ae92675f84ff6ee26c967,0.557530704589528,100,0.3563636363636364,0.53281,0.10050066457128173,0.18807339449541285,0.5032978653907776
arnoldi_s1,ArnoldiGCL + S1,human,cold_protein,1941488137,0,7cb69146150959e01230f6b5c7717ad44925427bbf9b6d06b05a6b5c6cd3a88f,0.7808096885813149,605,0.9187077385424492,0.6818826582883682,0.3938549778405067,0.4022099447513812,0.7870969659988198
arnoldi_s1,ArnoldiGCL + S1,human,cold_protein,1941488137,1,c03a6a0be3b7940366b4d416b49c14232283356fd56d9862dcd17f80180bb081,0.81625675154321,476,0.9314362108479756,0.7716377727561612,0.533133386818015,0.5282522996057819,0.75326061957503
arnoldi_s1,ArnoldiGCL + S1,human,cold_protein,1941488137,2,cb0f1a691beb4adc74b4b7287889c3513e426f8c77b95d8d2469955a14eb25d9,0.8431788328016513,688,0.9230972515856237,0.7002993594510546,0.4133214003266697,0.3924843423799583,0.8426487893682638
arnoldi_s1,ArnoldiGCL + S1,human,cold_protein,1941488137,3,e9a410074f5af92384c7ea7cbc604118a4bb751d05fbef40b158e06af77078ce,0.7302630696540161,448,0.6063311688311688,0.7713623046875,0.4128220333057892,0.2766592095451156,0.48583894445471565
arnoldi_s1,ArnoldiGCL + S1,human,cold_protein,1941488137,4,f27eb92e44ae906264399b45ad8e075aa5c13b614d3dfc215facb2599738bb9f,0.6971144874031401,416,0.9184877622377622,0.8110831176035502,0.5976125326598344,0.5637426900584795,0.028513258098025053
arnoldi_s1,ArnoldiGCL + S1,human,cold_protein,4198936517,0,3593355e476aa732f041a4be078216cf682e8d170e22eccf705d6a3af57bd533,0.8221147095632002,666,0.9213759213759214,0.7356871511150789,0.44762948919385953,0.444015444015444,0.7136290625350118
arnoldi_s1,ArnoldiGCL + S1,human,cold_protein,4198936517,1,2075c796adb0e2a27e7c390bb4d8033e4d271d1bc1dba505d080b6f64d17ff34,0.8565969597715629,452,0.9290024135156878,0.8159781502075338,0.6070197587298208,0.5721212121212121,0.763082876483054
arnoldi_s1,ArnoldiGCL + S1,human,cold_protein,4198936517,2,d99e86b535bcb2a067d03dd88bfd76c86768bcbef42493693fa847c07710d053,0.7537125564668217,438,0.9383561643835616,0.8047225871020203,0.5965013438638332,0.5903448275862069,0.8147290871567923
arnoldi_s1,ArnoldiGCL + S1,human,cold_protein,4198936517,3,87b03a37e5bd84e0d0a7a3ae7cc7077c7b7160aef7bdd2afb26e89064cab7330,0.8378332756232688,616,0.9144037780401417,0.7279146989374263,0.43027441727405774,0.42231075697211157,0.8220582176969475
arnoldi_s1,ArnoldiGCL + S1,human,cold_protein,4198936517,4,126935daee05969237fe55788ca0d3770e52af4a200050501cca7fa44e62a3d3,0.832680025218607,461,0.9258528889765333,0.7366603770921463,0.5306335416840093,0.5167095115681234,0.14223609619761152
arnoldi_s1,ArnoldiGCL + S1,human,cold_protein,983997847,0,b975bda7bffa478f7ce84c3c04a6f2334e76849cc07bdb35f50840e6781a4828,0.8260984148968913,441,0.9325912183055041,0.7833294769154827,0.5601459145869505,0.5439330543933054,0.8183972146413098
arnoldi_s1,ArnoldiGCL + S1,human,cold_protein,983997847,1,957c6eaabfcceb16e4218df5757fdbd002c080cf60c72b1f4f2a9388bc067b8e,0.8127363038714391,513,0.9266347687400319,0.7309204351576364,0.514462800281877,0.5252293577981652,0.579947125111541
arnoldi_s1,ArnoldiGCL + S1,human,cold_protein,983997847,2,905573cff79b426bf47d99a1b18ed055fff710b8b00740d56aa6ab87eb08a1c2,0.7647515505501019,463,0.927351266444139,0.812744380017633,0.5912978377535083,0.5756880733944955,0.23531416517414622
arnoldi_s1,ArnoldiGCL + S1,human,cold_protein,983997847,3,40f3650964082375d0fb6e5e1019d8188002152ae847d74cc00bcd40bcab0264,0.7629197457379663,724,0.9180060271220493,0.7029820136747964,0.3685705687839827,0.3515392254220457,0.8556684404203357
arnoldi_s1,ArnoldiGCL + S1,human,cold_protein,983997847,4,e147190debc1ca6a45f9f658aec6ae9bf10f0a86236fb1b2e36ec955cc112690,0.7249555001779993,492,0.6374722838137472,0.751258964571353,0.3826831360462546,0.26736370425690814,0.4218298139433338
arnoldi_s1,ArnoldiGCL + S1,human,random,1941488137,0,3ee649582c51d150475d3d256d55c6fff7157336dfa58397b759280f8a7dbc85,0.9326531299836032,527,0.9482490943591513,0.927152367955813,0.7618796316416467,0.691358024691358,0.8538912732307227
arnoldi_s1,ArnoldiGCL + S1,human,random,1941488137,1,1eb203df0bf0b5ae9a461841e4e43b8812f7685326bbff9593bb89cefc51caea,0.9429729790435974,527,0.9513541486976022,0.9467070417565324,0.7872863444869929,0.7251461988304093,0.9425017226232241
arnoldi_s1,ArnoldiGCL + S1,human,random,1941488137,2,6c082337c0ebfc9cc8200f8b88b1979992d5518604da2d05d12c4f6c2bb7c2c1,0.9159654994272367,527,0.9534241849232361,0.9347993907730198,0.785791428603516,0.7163865546218487,0.9552177827652186
arnoldi_s1,ArnoldiGCL + S1,human,random,1941488137,3,eb685a487de50970e62869aff74f9bc2208e4d2392b5b13388bec0d70e1129c2,0.9243031378450618,526,0.9445212582094711,0.922362619092368,0.7554033884319922,0.6818632309217046,0.9366042475177817
arnoldi_s1,ArnoldiGCL + S1,human,random,1941488137,4,0b79b831cb7ae126803958380cc5372817612cf9372ab369c224cb212271ef7d,0.9142112710855552,526,0.9512616660905634,0.9303727103182061,0.7708639887893054,0.70625,0.9602006997147652
arnoldi_s1,ArnoldiGCL + S1,human,random,4198936517,0,3bcfa52e669072e9cb6d9b139b85fc06064191c273108f303dd1a87d1a8a0b91,0.9231845645874981,527,0.9503191305847852,0.9317251709400171,0.7679350915228947,0.710261569416499,0.9534525608363211
arnoldi_s1,ArnoldiGCL + S1,human,random,4198936517,1,c5a6c5aaab4d4e3bec9b95463f04984cbbed697217f645a8ea24bc4f0e9de784,0.9376406639563352,527,0.9411764705882353,0.9403382433955403,0.7595293683062894,0.6868686868686869,0.9151658182274807
arnoldi_s1,ArnoldiGCL + S1,human,random,4198936517,2,4e5f39c804d2a94efa32f8fb58590ed9076f3bdd932dcf31fdcfd6fdac711963,0.9357426832281395,527,0.9430740037950665,0.932492465676973,0.7619204363333095,0.6758349705304518,0.92389808991184
arnoldi_s1,ArnoldiGCL + S1,human,random,4198936517,3,e4db0b416220a414e748ec53e82eab3c5d1d6b0064e0b11e992230339346d754,0.9376900788391995,526,0.9495333563774628,0.9321381326894996,0.7538577004618198,0.6791208791208792,0.9644096846449866
arnoldi_s1,ArnoldiGCL + S1,human,random,4198936517,4,1b65f2cfeb8dec15714fa96b172c9ae08f364abd5758434f3a52d7d83202e51d,0.9209653871206848,526,0.9469408918078119,0.9257875637930287,0.7638028236701344,0.703953712632594,0.9344594908087219
arnoldi_s1,ArnoldiGCL + S1,human,random,983997847,0,8e3728b3831b303054f4db65a05ddba96318f5fa1c553d996fb446a685671745,0.9436827564520114,527,0.9468690702087287,0.9419482661155298,0.7642720656821488,0.7148148148148148,0.8682436768322769
arnoldi_s1,ArnoldiGCL + S1,human,random,983997847,1,74a1b53c2ca13a336af7697dcb71b812f573d3df1b21d19bce03e8461e06d5b0,0.8887861907863706,527,0.9470415732275315,0.9322816486575043,0.7712397077161725,0.6945273631840796,0.8833641181253404
arnoldi_s1,ArnoldiGCL + S1,human,random,983997847,2,ff952d55942ea478d13768a392518e50b7b12b8ef7ace19be68a264d64ccb8ad,0.9391298488353811,527,0.9494566154907711,0.9373083113394713,0.7831821884950858,0.7072927072927073,0.90450551052616
arnoldi_s1,ArnoldiGCL + S1,human,random,983997847,3,791163edfbaac8b3d9568440051d03e70556061ba4a76c92e539462704d82ced,0.9420722804968441,526,0.9476322156930522,0.9277384015960908,0.7287013982318984,0.6793650793650794,0.9489997715166167
arnoldi_s1,ArnoldiGCL + S1,human,random,983997847,4,aae19ac732a2aece44d67149029670a09036945210e85bb764eefc2e6c71a80c,0.9387637294759775,526,0.9514344970618734,0.9328998539808295,0.7705503128867882,0.7141403865717192,0.9576377341192065
arnoldi_s12,ArnoldiGCL + S1+S2,bindingdb,cold_drug,1941488137,0,d3122cff3f09f0e7ffd06030d60d5e2eca915ec3d9ead8dd02edbd3283126894,0.9731690011711511,4182,0.9838050519542628,0.9751941921161975,0.9315232389702339,0.9046461026494305,0.6802779479386046
arnoldi_s12,ArnoldiGCL + S1+S2,bindingdb,cold_drug,1941488137,1,271362873bdfd8fae15456fd6c51cac9d2e8e081d8fbaf95bf8f87f4e97a44bf,0.9793761615533889,4280,0.9816482582837723,0.9678217666390078,0.9199257878647239,0.8918918918918919,0.6261777288293195
arnoldi_s12,ArnoldiGCL + S1+S2,bindingdb,cold_drug,1941488137,2,6fade7330d6d26b28f5faeff6b9ddbaaf1b6001f51b43b0e085de6362903a3fb,0.9814234361245315,4116,0.9844288364696528,0.9746520665047915,0.9295617761761412,0.9083344168508647,0.8790968417141517
arnoldi_s12,ArnoldiGCL + S1+S2,bindingdb,cold_drug,1941488137,3,bb13aff79788c532ba4be6faf227627a3fd9a0922917ed81c0c27e8b1e896e17,0.975122278913117,4061,0.984374650220501,0.975188183816595,0.9330758816992557,0.9077451757864129,0.638023112506075
arnoldi_s12,ArnoldiGCL + S1+S2,bindingdb,cold_drug,1941488137,4,c7ebc80f58f9cbb1d44a9197b733c0c17d684e5c756941826054ab573b76f457,0.9757641433106473,4035,0.9843190266982088,0.9729662970691701,0.9270129993419773,0.9082520432375428,0.7411425472122216
arnoldi_s12,ArnoldiGCL + S1+S2,bindingdb,cold_drug,4198936517,0,f99b8da5ab42ba3a3a174619834df007af4996a7b09c0c44599b9192d2853fb2,0.9719634420067866,4084,0.9842400498619891,0.9724505241783468,0.9300044774839228,0.9083376488865873,0.5303409532488221
arnoldi_s12,ArnoldiGCL + S1+S2,bindingdb,cold_drug,4198936517,1,af1dc944cf987f1e10275d3ad0c7073b6aef183cdfd1520f3a8905ecdd563efa,0.9747485314055839,4191,0.9837096809179844,0.9758581907430115,0.9305112892111752,0.9046106947796265,0.7958408818669512
arnoldi_s12,ArnoldiGCL + S1+S2,bindingdb,cold_drug,4198936517,2,3ed3b0703aaae09b96234f544ce4f3d852b5973fdf99e944f8e86e8ff0842696,0.9804202351574975,4093,0.9853408258001466,0.9779114873116486,0.9404494969589259,0.9137029288702929,0.6692477126073023
arnoldi_s12,ArnoldiGCL + S1+S2,bindingdb,cold_drug,4198936517,3,2b423d98eadf4e955c204ac0c7d2cf1317801698510fe27edaa02dc1817607cc,0.9777898441665992,4171,0.9816917678341798,0.9671425859996996,0.9127548228782801,0.8908523908523909,0.8920345610380163
arnoldi_s12,ArnoldiGCL + S1+S2,bindingdb,cold_drug,4198936517,4,c0d6c15b73d44b1e9e34d83f78ea6d8fde927a5b41c7fa3eec65dd204b3f1780,0.9757052084353786,4135,0.9841266351544465,0.9738262158791335,0.9332660200801607,0.9069347770043825,0.47659810599807145
arnoldi_s12,ArnoldiGCL + S1+S2,bindingdb,cold_drug,983997847,0,caa30460df33a20c98ac7f63f64cccd6e9a80b8154201f05a46ca9b2cbfc1bfa,0.973421127201461,4095,0.9841047841047841,0.9758570161354044,0.9347847244599473,0.9060860440713536,0.8432787983139867
arnoldi_s12,ArnoldiGCL + S1+S2,bindingdb,cold_drug,983997847,1,ae65eea815e50b920663d8c7fb5fe425d8ce49ff9f7ea44fc38c5d61edca2fc0,0.968395641333165,4095,0.9831945831945832,0.971431284764618,0.9253388826571802,0.9013937736094829,0.5440234461712439
arnoldi_s12,ArnoldiGCL + S1+S2,bindingdb,cold_drug,983997847,2,530d0d9ee08f5eff47c8e7cd28570f7bdbae4a81314d4db83c4016e816c87dcd,0.9704930169420732,4149,0.9841363745919061,0.9721747004115961,0.9215207582957332,0.9061689994815967,0.8280470313111408
arnoldi_s12,ArnoldiGCL + S1+S2,bindingdb,cold_drug,983997847,3,7b34a851f2b0deb3f060c6d82b3f07b4d7445a21502d5e1379f27e3441d33311,0.9731586007718234,4189,0.9838972199917533,0.9754512509060294,0.9292639020082915,0.9042086238058352,0.9432874151288695
arnoldi_s12,ArnoldiGCL + S1+S2,bindingdb,cold_drug,983997847,4,a09e124b606033d05e2869d1398ae3af7c00f8029d69e95dcfc4a56497f40ed6,0.9769274673008322,4146,0.9832697452089637,0.9717956200235077,0.9253004086171627,0.9018144382962295,0.5283232983498007
arnoldi_s12,ArnoldiGCL + S1+S2,bindingdb,cold_pair,1941488137,0,2b4cfc3bb4039bbe25bf713ec37108d8cd7099263d4163e97de30bbe11e8916c,0.7039544685763376,876,0.8886467413864674,0.7599179541710973,0.4119908862971343,0.42589620117710003,0.1875658369023506
arnoldi_s12,ArnoldiGCL + S1+S2,bindingdb,cold_pair,1941488137,1,5ecd70455c0eaf43ddb52714a848e8038eed447795919cb02a36dc75e7d002e6,0.6084287200832467,719,0.8379061828296877,0.7394483336267146,0.3783100637304028,0.3432377049180328,0.1657443660497665
arnoldi_s12,ArnoldiGCL + S1+S2,bindingdb,cold_pair,1941488137,2,498c1745279d8458ec7ac82f9c192b80b2d6514f22cd4804005f82496da59376,0.7373061949320401,685,0.859721300597213,0.7419052693270819,0.38053291200896594,0.376401179941003,0.13089189880514798
arnoldi_s12,ArnoldiGCL + S1+S2,bindingdb,cold_pair,1941488137,3,43e02e384720b83176d3f006a506fdf82e19e213eac9656a0249835c8f1b0221,0.7142249527410208,1166,0.9079214096366756,0.7406165321619707,0.4266247559243813,0.45500692201199816,0.15546409607137718
arnoldi_s12,ArnoldiGCL + S1+S2,bindingdb,cold_pair,1941488137,4,b79488fb07b6204668a5d205427de2a4d6a388125d3a689c76e691a7e1078a0c,0.7510897729004724,747,0.9132286722648169,0.7748772869254797,0.43034137921302934,0.44253322908522286,0.14591797818876293
arnoldi_s12,ArnoldiGCL + S1+S2,bindingdb,cold_pair,4198936517,0,623e3f2499dd11866908cefe7fe7e7abe7c21170e81c11241d5b048682e96432,0.7452542809126559,1037,0.7876742351187868,0.6461756383157781,0.13100083038137417,0.24406991260923847,0.22488136969200576
arnoldi_s12,ArnoldiGCL + S1+S2,bindingdb,cold_pair,4198936517,1,5e8664cd3b0a95abf0f6b0d15ce4771e4f24c5969a60edec42f76bebdf870ed6,0.8128088642659279,742,0.8783386424895859,0.6874943694102775,0.3607095367417622,0.36630504148053605,0.10670506447961885
arnoldi_s12,ArnoldiGCL + S1+S2,bindingdb,cold_pair,4198936517,2,f138fd2b71c3a54018d0937acabffe0ea4ac8598e60bb0b122469f6e7b60a27b,0.702210654407788,943,0.9169960474308301,0.7038070326758872,0.3499792752337701,0.2878411910669975,0.339104912101406
arnoldi_s12,ArnoldiGCL + S1+S2,bindingdb,cold_pair,4198936517,3,3894e7ee00e5ffe62c846a7ab1197097de5b9db34c79da92c0981897c6953231,0.7744066587395957,655,0.9102012491325469,0.7915704213041197,0.4330672879192265,0.47183673469387755,0.21645342766830378
arnoldi_s12,ArnoldiGCL + S1+S2,bindingdb,cold_pair,4198936517,4,3d88c52c58071efde8e1fae42ed5be4d4d3354b23c80f64b663bc7d5806a8fc2,0.7820280669986418,723,0.8779077077832265,0.7630584872849986,0.3464213461093762,0.37556270096463024,0.16634713599126627
arnoldi_s12,ArnoldiGCL + S1+S2,bindingdb,cold_pair,983997847,0,a1543616e83727949e58fe0c4fc7e23733d1725603632dfd593a38e9d4314a38,0.704971111111111,1058,0.8709400240591166,0.7588666421289232,0.4492235371146798,0.41873065015479877,0.49617147250126487
arnoldi_s12,ArnoldiGCL + S1+S2,bindingdb,cold_pair,983997847,1,44c0d6816c76aa3a2113b5e5b49b5baa57093baa92b9170f41621f144578efbc,0.7734376472806107,874,0.9247971707925942,0.7227928354863878,0.4085036303826348,0.4257347100873709,0.22909887166872414
arnoldi_s12,ArnoldiGCL + S1+S2,bindingdb,cold_pair,983997847,2,b3cf07d59bdc3e1f2b3148b95d02e95198c5ddf26efd2fe0a722234d1129296a,0.6284362504197065,732,0.9201440635866865,0.7676705410731881,0.4063694417527156,0.3985032740879326,0.260226395358778
arnoldi_s12,ArnoldiGCL + S1+S2,bindingdb,cold_pair,983997847,3,cb3eb24cc3f35d3248ba1e807c2bc1e8ba6180a8b79931b4372d487d74d59b8c,0.7811264308012488,691,0.8515984738850151,0.7001253453016979,0.31679175768953516,0.3212996389891697,0.13919991275014948
arnoldi_s12,ArnoldiGCL + S1+S2,bindingdb,cold_pair,983997847,4,b1ee7b4942b8c6aa621a1b8d5b9dd55945af4aae50932fc4fc5366d293b027b6,0.7704470023303438,771,0.9159297252682467,0.7074231084329647,0.36035962698508794,0.39215686274509803,0.29556515744287654
arnoldi_s12,ArnoldiGCL + S1+S2,bindingdb,cold_protein,1941488137,0,b8f4b00318dc9ff3a71214100e4aa6df2e9f73a506a45512b1452972c20df9a5,0.6403544134648589,4204,0.844066257244183,0.856220475764552,0.4588015485704757,0.4382643919918984,0.3747464267684989
arnoldi_s12,ArnoldiGCL + S1+S2,bindingdb,cold_protein,1941488137,1,6324786832b507b8d88ac5af97a996d64cf4221232f8a2c04500f4f96dfda2e5,0.7379504199239286,3581,0.9071615343606407,0.699923196060751,0.37661977480304076,0.4062347783731125,0.12442269051932296
arnoldi_s12,ArnoldiGCL + S1+S2,bindingdb,cold_protein,1941488137,2,18a6cc162f1fa8d7979557f3103d6589ad6c76101e9d4b05edbc3508c39d7449,0.8415818808785842,3319,0.902599359062149,0.7883540229313255,0.34026023344255174,0.3151001540832049,0.1641153699935299
arnoldi_s12,ArnoldiGCL + S1+S2,bindingdb,cold_protein,1941488137,3,d8a62a5b9d02c5fdecaf03b3e4205a1fd809acb1a39813a2983042d6e71103a7,0.6968042556987465,5585,0.8376983804020509,0.627386247694738,0.2516693703672954,0.27064589276570844,0.03976373968977639
arnoldi_s12,ArnoldiGCL + S1+S2,bindingdb,cold_protein,1941488137,4,6f23544a9a5ff66b69f436861c5b792732177ec1bed1d2b13661542bac6e24ff,0.7849367770631162,3985,0.8947872704459906,0.7392431215552676,0.32656720669514866,0.32395192025798886,0.2106420481654063
arnoldi_s12,ArnoldiGCL + S1+S2,bindingdb,cold_protein,4198936517,0,22e974af8b2c809bdefdffe3e21f5cd4dca5166faa3d99cf8e431c989fe973ec,0.7751806722403018,5398,0.864023712486106,0.6411606689233906,0.26047976797802147,0.28077676821663994,0.06962137430293903
arnoldi_s12,ArnoldiGCL + S1+S2,bindingdb,cold_protein,4198936517,1,7de9c60893654c75d6754628b7974dd61c3826b3a821f9d60b154eb8dce8beb7,0.7276134943940901,3710,0.8968145062484685,0.701410462725496,0.34762002838610934,0.3680024013207264,0.10118778660281069
arnoldi_s12,ArnoldiGCL + S1+S2,bindingdb,cold_protein,4198936517,2,a1b2551830003e141ac4c3d8c0b31d0bf510c9258df9358bc6e3050d3e4a2ad1,0.7905315782274441,4675,0.906096256684492,0.6816357825502588,0.31453779128556464,0.3269686411149826,0.1570885247645313
arnoldi_s12,ArnoldiGCL + S1+S2,bindingdb,cold_protein,4198936517,3,54e27bd08e4aef100ce01bad8ce9e207fa9a2710a2c83e4014f33c0e5ca75c50,0.8362688454489804,3397,0.8980383761072604,0.7910262774067995,0.452132064581307,0.46653598431811816,0.4525553518778657
arnoldi_s12,ArnoldiGCL + S1+S2,bindingdb,cold_protein,4198936517,4,0daede7857fabe586f0f52f24e384964600ef55eaaa7afdc863972f69e5aa1ee,0.6791696355720191,3494,0.6158869750741531,0.6653815363912754,0.21024760047517915,0.21983829202557734,0.40001076945703323
arnoldi_s12,ArnoldiGCL + S1+S2,bindingdb,cold_protein,983997847,0,a5feacf2df5d6831b820604ee4902c21b8ee04ab2881d4c6d5d7c3b487a651d3,0.863744776689658,5465,0.9286866838559428,0.7743549678608529,0.5145257513940515,0.5449527650992464,0.10039823174476621
arnoldi_s12,ArnoldiGCL + S1+S2,bindingdb,cold_protein,983997847,1,0f751e4977a964aa5d45f5e60f178b601671b9f0c0c50246a40f80b5ea0bea35,0.7956560372057586,4229,0.8775984006534964,0.7248078427500193,0.31091722928832904,0.3206871868289191,0.12788988905410242
arnoldi_s12,ArnoldiGCL + S1+S2,bindingdb,cold_protein,983997847,2,97af94b0063094defb869e774b6c443798a524b786f6404e94fa204ec20371a1,0.8176367735797416,3754,0.92940863079382,0.8316101716684231,0.5047402315711413,0.527169505271695,0.12726576688354946
arnoldi_s12,ArnoldiGCL + S1+S2,bindingdb,cold_protein,983997847,3,998506e928ef1e0c00d67e1ebc691c0912c556c62ce64b142e76df88d3301536,0.5276845698747373,3428,0.9203882465259361,0.8038451870041351,0.5069599617658584,0.5173633440514469,0.1439042207210848
arnoldi_s12,ArnoldiGCL + S1+S2,bindingdb,cold_protein,983997847,4,265ebe6c7813d7d91f031416042ef8a1914cf0307163f2e590e14d3be8496eaa,0.73044519414426,3798,0.8863037962564029,0.6805108582411241,0.2834087998069332,0.2958790394307738,0.1608489781985544
arnoldi_s12,ArnoldiGCL + S1+S2,bindingdb,random,1941488137,0,b9f98ff3affb86a1ce4b9c5e5472552e0a3af3744fa4dc64867fb8ca8a7429c5,0.9829892430354613,4135,0.9870506760470484,0.9822493036557889,0.9492026282197039,0.9267504041785848,0.9165732649907674
arnoldi_s12,ArnoldiGCL + S1+S2,bindingdb,random,1941488137,1,df7fca01d0b5a54dcc2c252649e73083ec1e03258bb2ba439dac4818d4116d32,0.9837512556127902,4135,0.9867868528086182,0.9817269219465763,0.9461762859542882,0.9243168366704445,0.919790954050953
arnoldi_s12,ArnoldiGCL + S1+S2,bindingdb,random,1941488137,2,e37319a5252456b0cc89339cc40f83f8ec8d2f500338ef847eb2394b202c8a1c,0.9841025530427866,4135,0.9863911179509729,0.9836584937910222,0.9484229161286666,0.9219124511164375,0.89040571761458
arnoldi_s12,ArnoldiGCL + S1+S2,bindingdb,random,1941488137,3,95055dd9f725f176b4a64f81e2a0e31b3e2c38f4ab090b7d7294df43883af058,0.9818510400933431,4135,0.9866109706496647,0.9809053951506662,0.9469470629438643,0.9233865895081143,0.90914491699983
arnoldi_s12,ArnoldiGCL + S1+S2,bindingdb,random,1941488137,4,bc251326e2f97ec272acb637b42fda0727940e6e0898341d9a1cc3254c6c327b,0.9822196090529866,4134,0.9864757883625808,0.9838358711982641,0.9475608799121112,0.9221420432966199,0.9160566919470489
arnoldi_s12,ArnoldiGCL + S1+S2,bindingdb,random,4198936517,0,e19bb407247a1c3f9a14d3d79cb8a3d6a8146026a241c41e590d6d6d17e2d3b7,0.9815468052970411,4135,0.9866769264592723,0.9822014156440214,0.9500292136465743,0.9241172051089407,0.9005062507031718
arnoldi_s12,ArnoldiGCL + S1+S2,bindingdb,random,4198936517,1,95cdd6a9a549c0f479bbeda625fb14b4b7422a760aa633756e0585d4b7a1f46b,0.984477646802519,4135,0.9871386171265252,0.982902117032616,0.9497207320552994,0.9271391206875078,0.8832214745348458
arnoldi_s12,ArnoldiGCL + S1+S2,bindingdb,random,4198936517,2,eebf7de3343762db7f3b4472b0332993b822fe13571c34630f8b932c3b6554d3,0.9780397526643847,4135,0.986303176871496,0.9791416682140982,0.9403191902465804,0.920707649229986,0.9352921788088263
arnoldi_s12,ArnoldiGCL + S1+S2,bindingdb,random,4198936517,3,0705f193b18c75afb116332bc4434d9d915e73660944c5a068ffa67401f3f12b,0.9810441763691845,4135,0.9857975156645048,0.9818755016968135,0.9438237855053542,0.9185166498486378,0.9031230116543711
arnoldi_s12,ArnoldiGCL + S1+S2,bindingdb,random,4198936517,4,0f34655d6654128ba545e6b71007cf13a0096db925a2eca3b4d7ff413699a623,0.9812666592584903,4134,0.9865637507146942,0.9817176328599089,0.9451196247939677,0.9225896363866717,0.931047607603138
arnoldi_s12,ArnoldiGCL + S1+S2,bindingdb,random,983997847,0,50221d3d5a60a5f8305cd6466d4a636bf326cb35a8869f82e4274a1122350a14,0.9836610232933535,4135,0.9874244256348247,0.983666096919417,0.9518924039002681,0.9273373983739838,0.9568580880965273
arnoldi_s12,ArnoldiGCL + S1+S2,bindingdb,random,983997847,1,ca7853b850250bd472514b6099f39ed64f5af5c79271809d93cd00db9eb88d59,0.9803365736794318,4135,0.9836649444871935,0.9806746460524411,0.9406072480708916,0.905338259650911,0.923675670035899
arnoldi_s12,ArnoldiGCL + S1+S2,bindingdb,random,983997847,2,869a929e679ec92faf0964819aa84b6417cbbde21ead1497154a3892b41c1055,0.9798144434583123,4135,0.9869407496977025,0.9803021424738532,0.9465805072063748,0.9246192893401015,0.9392645753409766
arnoldi_s12,ArnoldiGCL + S1+S2,bindingdb,random,983997847,3,0e34704dcc33f0c5c9228868f6d64cca9fa5b9d85a2e751d618cd9213aabcf4c,0.9809871529062227,4135,0.9868528086182258,0.9826563371344103,0.9495728374216954,0.9257696127110229,0.9201772777593304
arnoldi_s12,ArnoldiGCL + S1+S2,bindingdb,random,983997847,4,f0040bedf05f81f4adef9fcf43325837a5e5af196f2e5cb5be7e93b9224a3eb6,0.9840674982344658,4134,0.9872014777675155,0.9823047086838608,0.9465558100940794,0.9261983261476033,0.9434741624005853
arnoldi_s12,ArnoldiGCL + S1+S2,biosnap,cold_drug,1941488137,0,0dde78d724b699a171b9e73ce8da6eed90afbb0e81889dba066c152277a6831a,0.9155681738883962,2947,0.9504272449640621,0.9036117662460972,0.7298476463200836,0.6920866066296225,0.5923411770389515
arnoldi_s12,ArnoldiGCL + S1+S2,biosnap,cold_drug,1941488137,1,05c1111bb5eaeec4581c48562a2d93fdad2397fb306560bc5c63ed2285481684,0.9194849691773439,2789,0.9537794582613515,0.9052438889089583,0.7464880101459649,0.7162865146058424,0.7406615360795634
arnoldi_s12,ArnoldiGCL + S1+S2,biosnap,cold_drug,1941488137,2,8d7becc9ec965fae3cad75020e65aae6611a1463eb00b269d8a65490c505b6e2,0.9132778451433263,2704,0.9477205486820871,0.8971380335072303,0.71617449288536,0.6807637035516321,0.6634888910267458
arnoldi_s12,ArnoldiGCL + S1+S2,biosnap,cold_drug,1941488137,3,b69c25480603ce368168d2027d0440423f86dd2866e16d0ed5bac620472b87af,0.8796452994039705,2578,0.9528880739121236,0.9036859750794602,0.7255809431915075,0.691169671752196,0.8168155278245071
arnoldi_s12,ArnoldiGCL + S1+S2,biosnap,cold_drug,1941488137,4,c0fddbd8642abf6c3cf66942cdb56947649f142191b46a8425f429f532262ac6,0.9012761770404429,2812,0.9479826716668822,0.8960656258283439,0.7141171546283298,0.6811967505448782,0.7206782595098834
arnoldi_s12,ArnoldiGCL + S1+S2,biosnap,cold_drug,4198936517,0,5c219cc120686c883e7bf755698024447f43c50ba720467e8ea0c62d10c59c56,0.9099167965797429,2636,0.9527176162229273,0.9014381817302622,0.7388120578913714,0.7115505996212919,0.69741075030745
arnoldi_s12,ArnoldiGCL + S1+S2,biosnap,cold_drug,4198936517,1,3d6c3d07b85c2cc2d5be78939c078813b2caccd1365475fd07f9320e7ab8e035,0.9044249707048856,2980,0.9510677242220866,0.8954727264537634,0.7303239217438875,0.7055800293685757,0.7870879290365189
arnoldi_s12,ArnoldiGCL + S1+S2,biosnap,cold_drug,4198936517,2,8c83f85e76b7e1295bbdc5eeda9af96b06b5bebcc45111d68752138c42d35ae4,0.9243189378054514,2774,0.946614668676673,0.8933946656277338,0.6926982550731466,0.6647458324758181,0.6315143230026717
arnoldi_s12,ArnoldiGCL + S1+S2,biosnap,cold_drug,4198936517,3,f9c6e915b8e319425e68b7ed11852de6369777cb1df242e8acaaf7516c487593,0.8983194028037351,2696,0.9495548961424333,0.8877594994562779,0.7120700540410887,0.6842549598986915,0.6970844798953566
arnoldi_s12,ArnoldiGCL + S1+S2,biosnap,cold_drug,4198936517,4,8c25f08c33d9218824f51c83c6e15f1b38436e4c883a76888389a856c3727acb,0.910179281429174,2744,0.9502716671084018,0.8934183328162586,0.7176276061583237,0.6901960784313725,0.6289228441372313
arnoldi_s12,ArnoldiGCL + S1+S2,biosnap,cold_drug,983997847,0,7073e1468209ad34718675fe4cde1f700224fc93c70c42e428ab87870680b0a4,0.8971947212279636,2804,0.9534107119699131,0.911986188469295,0.7456683153840629,0.7061950521365774,0.6825860871027594
arnoldi_s12,ArnoldiGCL + S1+S2,biosnap,cold_drug,983997847,1,b09953fd4d7f62ee241de6a0743dee295aedf4f2c788ab85ac3d61b3d4534be6,0.891505119457003,2695,0.9482206105582729,0.8897085374207028,0.7016344746563009,0.6671004120581219,0.49385551735146405
arnoldi_s12,ArnoldiGCL + S1+S2,biosnap,cold_drug,983997847,2,e03a947319a7ce0a30a9acde4d445c946a156102ab02ceeb9e0082a1c7577c02,0.9124445021457268,2817,0.9495917642882499,0.8971068008537344,0.7123383914371637,0.6858407079646017,0.7293228222082769
arnoldi_s12,ArnoldiGCL + S1+S2,biosnap,cold_drug,983997847,3,b2d432a7a3f9058c024f5f2578182a059bf5778bbcadeb61784cabe54ba6f18c,0.9162386623210323,2922,0.9525542903366312,0.8995843154037838,0.7257283194537918,0.7013902486782847,0.7648127605490488
arnoldi_s12,ArnoldiGCL + S1+S2,biosnap,cold_drug,983997847,4,4662f7f454bfe52811ed009d8fdf5609c6f3c1f4ef1c5a40cf74dc10cf553ded,0.8764639718146212,2592,0.9486882716049383,0.8775976324350327,0.7207309395776547,0.6982883068673953,0.495285060307751
arnoldi_s12,ArnoldiGCL + S1+S2,biosnap,cold_pair,1941488137,0,81ff1cf1289174f7f6901b238f8274214b99ccf0b30871c1e9fb9c54824eaa64,0.6974073302790502,736,0.9153903162055336,0.79423828125,0.40630237089503796,0.3059777102330294,0.7500988194060653
arnoldi_s12,ArnoldiGCL + S1+S2,biosnap,cold_pair,1941488137,1,eabf504c52c58bec765481fe1a8d067deb9776838063c0dd93aba9f9ca6a4f01,0.756103515625,536,0.8951831750339213,0.7624154182445979,0.41987993244456867,0.4224299065420561,0.29281947798516655
arnoldi_s12,ArnoldiGCL + S1+S2,biosnap,cold_pair,1941488137,2,71e439ff03789bdbb390dc0982ac35cf36ec23da8658bdc6f1c9507745b8db2c,0.7686342592592593,530,0.8981132075471698,0.7767871128515487,0.37372523158083093,0.4095427435387674,0.3291476057980159
arnoldi_s12,ArnoldiGCL + S1+S2,biosnap,cold_pair,1941488137,3,a2fec1a3c34444adeaee1cbd3ef8a0559776fb58b5a9dd7b001bf0798e165db1,0.8213678256398086,448,0.9186282467532467,0.7171197385204081,0.3626360172637345,0.34796747967479674,0.6494322612514234
arnoldi_s12,ArnoldiGCL + S1+S2,biosnap,cold_pair,1941488137,4,2d243d87e3fd1623d5b3ffa784324892aff86c3e2b7e6290683beb57d2989f5f,0.7456497356192918,567,0.9090909090909091,0.7545216166027453,0.3869254659844988,0.380327868852459,0.30338186739242234
arnoldi_s12,ArnoldiGCL + S1+S2,biosnap,cold_pair,4198936517,0,d53948b107e6707f76abc6bf9e2514eb15982fc444fe80edcf89039c411d2277,0.7177319211102995,580,0.9158307210031348,0.803288644470868,0.4826263283065365,0.4871060171919771,0.4988877704045544
arnoldi_s12,ArnoldiGCL + S1+S2,biosnap,cold_pair,4198936517,1,8bff8961308d7d7b0f11d6d7c62d411933414e2e6c9595b8e07a666c48d87f8f,0.7470108695652173,685,0.8763105507631055,0.7061230752837124,0.39180699061831914,0.3728129205921938,0.2178995823104904
arnoldi_s12,ArnoldiGCL + S1+S2,biosnap,cold_pair,4198936517,2,b06c142765e46d6b37f51c4a3b5e4e7e891c7f7d5174fb2d2222a0e978f374d4,0.6844095497516425,561,0.8279047156052504,0.7721732899933591,0.4027297334748304,0.3686087990487515,0.24195992165232358
arnoldi_s12,ArnoldiGCL + S1+S2,biosnap,cold_pair,4198936517,3,90617ac60f1398f5f2afa657254153ae236a96395e763562096e6ea10484c2ec,0.7499141233980711,486,0.8772914328469884,0.7615954546224323,0.3827926747953227,0.40255009107468126,0.20545757640714515
arnoldi_s12,ArnoldiGCL + S1+S2,biosnap,cold_pair,4198936517,4,31c262bcb54487b7291c0f669411fd1ee4e817ab0fde336d5dc0811140ecd8b9,0.7675029585798817,495,0.8637281910009182,0.7166150392817059,0.338958516432642,0.3410301953818828,0.2791393443003093
arnoldi_s12,ArnoldiGCL + S1+S2,biosnap,cold_pair,983997847,0,be2fa14682ea8a906e1802a152fe451a9cfa1250c630bcae12bca002a7e4c105,0.7653722117710293,542,0.901710835290171,0.7676551585626556,0.4192575321918636,0.44083969465648853,0.2853215852583924
arnoldi_s12,ArnoldiGCL + S1+S2,biosnap,cold_pair,983997847,1,fdb70f98b9e463558151fd73d60c71913bd135cf0ce599a478c803de17e9da06,0.7681197922956166,564,0.8550934880722115,0.7567102384185906,0.4297023830616468,0.4010659560293138,0.29106395824314796
arnoldi_s12,ArnoldiGCL + S1+S2,biosnap,cold_pair,983997847,2,60f2b6d3b2a8cf0e94118477302b68562aa9163fef1a739ab2ee91f9a9ecc305,0.7423282306870772,633,0.8609794628751974,0.7327011722308323,0.34111664884220366,0.3606340819022457,0.3684779035963423
arnoldi_s12,ArnoldiGCL + S1+S2,biosnap,cold_pair,983997847,3,58a094f9e8b563676173b717dbdfaf332a78a9bec18a7880fae9290d9c6c7f60,0.7795227708374645,465,0.9131964809384164,0.7547297953520639,0.3997305116684963,0.37464788732394366,0.4787051771601586
arnoldi_s12,ArnoldiGCL + S1+S2,biosnap,cold_pair,983997847,4,c84d88de123bbd2f315b943f35ec392b0da31f3f67825c3d6b9a97568dc17108,0.6602448979591837,590,0.7480739599383667,0.7411307095662166,0.37083560123311765,0.30749682337992373,0.24111032103838986
arnoldi_s12,ArnoldiGCL + S1+S2,biosnap,cold_protein,1941488137,0,766482f3df920b6196c8c65f02aec9f1e1e1665d35dd7f78a5042a0d576940bc,0.8361939853076217,3596,0.9265092527050258,0.8722074165337583,0.643500996026871,0.5970893970893971,0.3690947307625862
arnoldi_s12,ArnoldiGCL + S1+S2,biosnap,cold_protein,1941488137,1,6845a196d809cb07fee4888cc59d379b6fe25b3ba4eb5507af2fc25a3f7a82d0,0.9220395938344658,2732,0.9318514574737122,0.8559152453219689,0.598122901174492,0.5452930728241563,0.403096293504924
arnoldi_s12,ArnoldiGCL + S1+S2,biosnap,cold_protein,1941488137,2,f39fce42250d53c5ddc8895a8498a944872f43fd73a6f13a0a9fdd355bb652a5,0.8567904980517728,2521,0.9211712523890231,0.8369693542902845,0.6013209768777946,0.5727130570758405,0.326008999670205
arnoldi_s12,ArnoldiGCL + S1+S2,biosnap,cold_protein,1941488137,3,f358d9d2e2425b7e887892e4fe84f7af67f338032486c9b132b585223b8e3818,0.8343328258362168,2349,0.9280931924610085,0.8019424404758344,0.5580835093147204,0.5308080808080808,0.44944789071605634
arnoldi_s12,ArnoldiGCL + S1+S2,biosnap,cold_protein,1941488137,4,5389109904b9618c65333360931fc52bdb7de0768f8973450380d4a88c7fc7c2,0.8606790228100579,2632,0.9290204476374689,0.8360955024551695,0.5940094586363934,0.5683679899180845,0.4336616137746264
arnoldi_s12,ArnoldiGCL + S1+S2,biosnap,cold_protein,4198936517,0,fc1aa75b9b0048814ec09add25cac8ade5a40e6a544a3caeb436ae39d1baa70f,0.8442034807254503,3097,0.9416444066105029,0.8961595632091176,0.685608021176032,0.6336159233321047,0.43881502362146735
arnoldi_s12,ArnoldiGCL + S1+S2,biosnap,cold_protein,4198936517,1,db37bd811ed02491ea414044eaae7af593fb30c6d1b44fcfce78e2e99a64654e,0.8542639907525511,3019,0.9261947062543286,0.8291566463079529,0.5912278952711462,0.5648854961832062,0.49773311614990234
arnoldi_s12,ArnoldiGCL + S1+S2,biosnap,cold_protein,4198936517,2,008d3a0994db69d5f54c4588ac93f4b42f976f4d22fbd4d859719ba070434feb,0.8655420816389477,2727,0.9354268760209354,0.843667610252041,0.5876450680496186,0.56047197640118,0.4998253630775295
arnoldi_s12,ArnoldiGCL + S1+S2,biosnap,cold_protein,4198936517,3,2b4e4783de0d8059207c5a62c7dbf0be095bbdf34bc85fea34551d9ed48f64c4,0.7948334261119031,2534,0.917952213532324,0.8298390507877399,0.5622414663043536,0.5302936948038611,0.2732062863976988
arnoldi_s12,ArnoldiGCL + S1+S2,biosnap,cold_protein,4198936517,4,060b1660c869c9a5900c2bdf4a60648e17462fa3743731198ea2f6c924b2c98c,0.8292656908336195,2453,0.9242115405996368,0.8198186650987195,0.5628663438948296,0.5365964196691593,0.3585964248278366
arnoldi_s12,ArnoldiGCL + S1+S2,biosnap,cold_protein,983997847,0,590177958a695186bda43d57061d2dd194cac2a926bfc568d7e9cbd20a0946d7,0.8610989492119089,2614,0.9288794602490088,0.8511142842758871,0.616871826109238,0.5825678709940805,0.49872819920925243
arnoldi_s12,ArnoldiGCL + S1+S2,biosnap,cold_protein,983997847,1,832f3a6629cf6f280cc79aecaad2047b5b96d712c30e3d0178757df16e2073f4,0.8191236113911023,3068,0.9306032950100747,0.8436132049893845,0.6066006338417633,0.5701174743024964,0.3591217651554983
arnoldi_s12,ArnoldiGCL + S1+S2,biosnap,cold_protein,983997847,2,220d15cc845679126f23b0d8e09c11a2944998d03393e7bdfaf23bdf7bbe6f7c,0.8412007995497681,2953,0.9272850414062741,0.829785679448738,0.5584869165649556,0.539032006245121,0.38243079904007593
arnoldi_s12,ArnoldiGCL + S1+S2,biosnap,cold_protein,983997847,3,c07811eaf01be5606d069d70d312ec46bd0136fb0cfcf0d26d09dad667c9c6cc,0.8555538945256742,2258,0.9272485707383847,0.8278412313741673,0.5868366108165812,0.5576499388004896,0.273517784235412
arnoldi_s12,ArnoldiGCL + S1+S2,biosnap,cold_protein,983997847,4,be3028af004ff4ad7fc880847e5721202254729b24a883654424bcb59362c142,0.8108462651545515,2937,0.9288389513108615,0.846689438601043,0.5981592544726317,0.5620118117736712,0.3589158058166504
arnoldi_s12,ArnoldiGCL + S1+S2,biosnap,random,1941488137,0,ad307479fdfca1bc80726097c9633b89a766f0c052aa390ebf328171c21c20ea,0.9386500642557938,2766,0.9639781765595214,0.9421173933660936,0.8368374338546666,0.7861046057767369,0.9165230430560569
arnoldi_s12,ArnoldiGCL + S1+S2,biosnap,random,1941488137,1,6fa5158ba6cde08eb257cca347f872d440be4063e1353c8862c0835e91c2b47b,0.9421836832794326,2766,0.9612831131269309,0.93036955432901,0.8204208294669615,0.7763007975693126,0.8911091570984824
arnoldi_s12,ArnoldiGCL + S1+S2,biosnap,random,1941488137,2,f6e10fabc28d032393e8f512d4983004ec310f38d62778b133b3b45cae5a2c2a,0.9419526567236413,2766,0.9654900414119503,0.9454042450184007,0.8383576765410817,0.7962747380675204,0.9053752846097296
arnoldi_s12,ArnoldiGCL + S1+S2,biosnap,random,1941488137,3,fd50f36d14dadeb82fe6a6302b549c9776447b6a69cc2f8d76efcbb99005da9f,0.9387684796719521,2766,0.9644054427134687,0.9412424275457223,0.8398887174117007,0.7948475089979162,0.8816253143222365
arnoldi_s12,ArnoldiGCL + S1+S2,biosnap,random,1941488137,4,0ae404c6a6a1746c2c9e5528b7d46caf69054bccd9adcc9e24b79ad0f3a511ae,0.9397390201073219,2766,0.9624663117070926,0.9328531454930727,0.8182445056423769,0.7812260536398468,0.8833578255078567
arnoldi_s12,ArnoldiGCL + S1+S2,biosnap,random,4198936517,0,b82fb594ef9a76316622e40d5368109a2f777cd25ff2614256d5e003e1ebb9af,0.9419934501600673,2766,0.9625977782159995,0.9340890495004677,0.8246103065753497,0.7821592649310873,0.9000591096404482
arnoldi_s12,ArnoldiGCL + S1+S2,biosnap,random,4198936517,1,d35151cd376427985bd2eb65c40c7eb5c48ac76a0c112b9972ccc80580a7ea3d,0.9422403362883367,2766,0.9647669756129627,0.9427779097908755,0.8352909311922069,0.7945573016481411,0.8868684973210504
arnoldi_s12,ArnoldiGCL + S1+S2,biosnap,random,4198936517,2,d20f0a71685f63c6b28a247742b9eb647e68a8c5a18cca43d468f7e7f4aad191,0.9250024525112078,2766,0.9657858410569907,0.9408715818410626,0.8384055078379108,0.7977462599572567,0.9194492848768626
arnoldi_s12,ArnoldiGCL + S1+S2,biosnap,random,4198936517,3,83a851fa11ed8fad65087dacef6baaa027b1b9cc62c23a66cdc0dbe4373905fc,0.9335306923602641,2766,0.9615460461447446,0.9408876260071555,0.8303749178768114,0.7838137472283814,0.8643687910413087
arnoldi_s12,ArnoldiGCL + S1+S2,biosnap,random,4198936517,4,926191e192e9d56dfe4651a1e860709623a292874976d39f7933f5519c3d0410,0.9459467347265775,2766,0.9620390455531453,0.9398177578790907,0.8265809709562029,0.7787780118751197,0.8791476877176598
arnoldi_s12,ArnoldiGCL + S1+S2,biosnap,random,983997847,0,8ff5b20121f9b7c7e39c2f4ccfb4b1e8e6af52f307e5880ed1f4e1797346a11e,0.9343548587517045,2766,0.9630907776244002,0.9387677766746189,0.8301609006671412,0.783079003283755,0.9057132440070585
arnoldi_s12,ArnoldiGCL + S1+S2,biosnap,random,983997847,1,1294db83319fed0aa355ff7e286011b66c0f93c8ba895073c9f0c24ea0d1e73e,0.9467424928631923,2766,0.9628607112338132,0.942060608128138,0.8289247333276706,0.7839388145315488,0.9001906695839477
arnoldi_s12,ArnoldiGCL + S1+S2,biosnap,random,983997847,2,8c6e31b42705db209a13a0b41afcc94f66e6ac0e6ca18b74f1da83e2d6100a90,0.9456525560071809,2766,0.9637152435417078,0.9422257617417156,0.8374301500051513,0.7927927927927928,0.8795878264593755
arnoldi_s12,ArnoldiGCL + S1+S2,biosnap,random,983997847,3,bce862cbfa862881cd04ec719d9e338a9213cc9c047924969597a45bd6381ca9,0.9451492598321175,2766,0.9647669756129627,0.9435581594812328,0.8354456991979887,0.7918446601941748,0.9112926857112206
arnoldi_s12,ArnoldiGCL + S1+S2,biosnap,random,983997847,4,2ecb245f9cc66272424e0757f73513e0fd93efc0cfda0846ffee8a367806357d,0.9372315317731001,2766,0.9629921777427201,0.9347059297146582,0.8226323916049033,0.7823734054889834,0.8968214428996393
arnoldi_s12,ArnoldiGCL + S1+S2,human,cold_drug,1941488137,0,33abce320291ccdc6698b267d9556020a416233d3b3820b517bdcc91e9fc3299,0.8919092627599244,696,0.9273772204806687,0.8848749834852689,0.5466685704836582,0.47842401500938087,0.7475757694570995
arnoldi_s12,ArnoldiGCL + S1+S2,human,cold_drug,1941488137,1,ae8f7860896616a8f2771806c8c1248d8477c63dbd8ac7815914d7c646584319,0.9318365394834732,422,0.9394657475226196,0.8584308528559557,0.6141079707702285,0.5722983257229832,0.8499492136337986
arnoldi_s12,ArnoldiGCL + S1+S2,human,cold_drug,1941488137,2,b68e45549745c30c1c42e85d37fb893d878dd47a80148d4be45e71d240a4a702,0.9425856994459834,538,0.9261574856370396,0.8601922997194621,0.5037521165950838,0.46772228989037756,0.4475542007529572
arnoldi_s12,ArnoldiGCL + S1+S2,human,cold_drug,1941488137,3,58a25f4b895a6d9e8f1a9cf30e14b44ae170cec34c2c4df93cc50a4dccf76988,0.9357711978726915,572,0.9273680864589956,0.8797564978727567,0.6019845178074144,0.5532746823069403,0.4581309558594064
arnoldi_s12,ArnoldiGCL + S1+S2,human,cold_drug,1941488137,4,f15ad55d17fac03e449c1c1fc6875fdb990fdf60fe1698200900740284a4d36b,0.9100241870464929,405,0.936026936026936,0.9016082914189909,0.6836656777158848,0.6122448979591837,0.7819172334017818
arnoldi_s12,ArnoldiGCL + S1+S2,human,cold_drug,4198936517,0,53fc35f787d95aa4ccf5a31c279e4d558b641572e662659e34c2367a53e39656,0.898391111111111,623,0.9229534510433387,0.8098745520174994,0.4623190203073262,0.432258064516129,0.6510324478557663
arnoldi_s12,ArnoldiGCL + S1+S2,human,cold_drug,4198936517,1,1dd2fa861a65bf0fe7898c29c66848a63e8e312ffcf4edc693d33fd53789ab3f,0.8965900109149761,401,0.9281342099297212,0.9150801300986934,0.705087925381087,0.612942612942613,0.3945907178970232
arnoldi_s12,ArnoldiGCL + S1+S2,human,cold_drug,4198936517,2,d82dcbcf199a47ea672296109404c19bbedc9801ee61cc53cc69feed6560b615,0.8904007798812453,346,0.9172359432475039,0.8919229676902001,0.7158998827180956,0.5977011494252874,0.4560514562097314
arnoldi_s12,ArnoldiGCL + S1+S2,human,cold_drug,4198936517,3,5a4997537612bc4fe41970e56cb749948ccb460568fff503b1357565f01446ac,0.9448506176386096,686,0.924198250728863,0.8836103579290941,0.5421866178722566,0.4654205607476635,0.836060121933075
arnoldi_s12,ArnoldiGCL + S1+S2,human,cold_drug,4198936517,4,fc30f517aa0c44ac36286b6849bfb304bc065ca3c152d835f08baa678d5ca22e,0.9233495510462403,577,0.9294154718764771,0.9008287052194311,0.5660744828723355,0.4790697674418605,0.7013969149001658
arnoldi_s12,ArnoldiGCL + S1+S2,human,cold_drug,983997847,0,edeb4ffb82db75be19b3e81dcdc3e514cd377def69bbd6df03fbb940c8d1b681,0.9352440814483044,563,0.9194251574358147,0.8821957352296281,0.5430311012403092,0.4708377518557794,0.5960265344136382
arnoldi_s12,ArnoldiGCL + S1+S2,human,cold_drug,983997847,1,43dd5db9ff3a1acca1bbea81115f16ff2829c4c6ef5eaaa40226e592920df178,0.9008064516129032,626,0.9294220156839965,0.8962643795486328,0.5688750362044404,0.4611973392461197,0.9171173042303896
arnoldi_s12,ArnoldiGCL + S1+S2,human,cold_drug,983997847,2,a72f61478b527b53fa14a200c243ddf2539dc918440f12da5fdde6ecaea58e65,0.9040872208176267,436,0.8944954128440367,0.8804393569564852,0.6433600326173854,0.532347504621072,0.0009385866578668336
arnoldi_s12,ArnoldiGCL + S1+S2,human,cold_drug,983997847,3,26bae1a0955b735d7b18996531c3ef1fee75d5172f7afbf34500992918cf0f2e,0.9390213994699577,471,0.9376568230071415,0.8551198831595603,0.6130444027295785,0.5687583444592791,0.6467552341827006
arnoldi_s12,ArnoldiGCL + S1+S2,human,cold_drug,983997847,4,0f58031fe12cc2de5150b5b2ccacebfd0a27eacae9ebcf51533c226483ca9f34,0.9182278307855408,537,0.9241577789063823,0.8725181971709857,0.5169533388316082,0.45365853658536587,0.7239486949084554
arnoldi_s12,ArnoldiGCL + S1+S2,human,cold_pair,1941488137,0,bd8c67818f266d75d831f723c20013ef2773f8b572184a55088d978865aaee88,0.8036554970922183,149,0.9023794996949359,0.6538061348587901,0.2631332301987845,0.3220338983050847,0.4911027252674103
arnoldi_s12,ArnoldiGCL + S1+S2,human,cold_pair,1941488137,1,de41199e4c62efaf511dd2137576a4bfd90a5caba0a24af7151c3e2ea0553713,0.61,72,0.5984848484848485,0.5766975308641975,0.135201119165174,0.18041237113402062,0.0006964941276237369
arnoldi_s12,ArnoldiGCL + S1+S2,human,cold_pair,1941488137,2,3379df8c72138ebf749fa4110e8d3bd96e74a1e4fac40d7c974d8576f7c5e045,0.5252525252525252,135,0.45656565656565656,0.704872427983539,0.24289814250303712,0.20178041543026706,0.23621295392513275
arnoldi_s12,ArnoldiGCL + S1+S2,human,cold_pair,1941488137,3,8008f6f231278ae0fbb1547f4ba35df40452c1820b98845457baefe2fa83f3c5,0.5608152531229454,85,0.4577540106951872,0.5377577854671279,0.10305225477651209,0.16748768472906403,0.49666038155555725
arnoldi_s12,ArnoldiGCL + S1+S2,human,cold_pair,1941488137,4,8b34dab23ebbaac711e38571121161f562d541af56098e2c8b87b7e581f85884,0.5679012345679013,54,0.2777777777777778,0.6280864197530864,0.17870668065462308,0.1859582542694497,0.20975570380687714
arnoldi_s12,ArnoldiGCL + S1+S2,human,cold_pair,4198936517,0,c599300df5b2ef0e50f64754f47aba326dcc6a75a3d10b9702e2db478089d1f4,0.7804878048780488,152,0.6919856459330144,0.5640841412742383,0.11574342114894816,0.16531604538087522,0.4949224591255188
arnoldi_s12,ArnoldiGCL + S1+S2,human,cold_pair,4198936517,1,6d3820abd87f7335237c574ad06a563bfe76a527f8622d23ed6706e61a02501e,0.5994897959183674,73,0.46201743462017436,0.6205667104522424,0.17625380670189467,0.18796992481203006,0.1108609288930893
arnoldi_s12,ArnoldiGCL + S1+S2,human,cold_pair,4198936517,2,0a398b6e5968651e3f7732810ecdeb9c20ab8410e42ba1dea9b78b57b7f4b740,0.7534971644612476,59,0.8366718027734977,0.6164895145073255,0.14200889747521886,0.18461538461538463,0.2792627215385437
arnoldi_s12,ArnoldiGCL + S1+S2,human,cold_pair,4198936517,3,17ae3f073110d144df44f48448f0b1769b825674b197aa22a58820e1d26a1419,0.70075,172,0.8609936575052854,0.7156942942130881,0.22520009051670953,0.3133159268929504,0.2488761991262436
arnoldi_s12,ArnoldiGCL + S1+S2,human,cold_pair,4198936517,4,5e4f89773931feec371bc5318cdb8d788c6407efb92cd88e675fc19b2bb40639,0.5598731165741475,120,0.7356060606060606,0.6682187500000001,0.20513447408807195,0.24946236559139784,0.5022212266921997
arnoldi_s12,ArnoldiGCL + S1+S2,human,cold_pair,983997847,0,0f03eb4162b879e7617fddc65d193722488f8264565ffd7c40b6a62a83df8fac,0.7867231638418078,92,0.8488142292490118,0.6941635160680529,0.1675028448985081,0.16393442622950818,0.4215734302997589
arnoldi_s12,ArnoldiGCL + S1+S2,human,cold_pair,983997847,1,ab3f176e26732a9405bf7aa8cf428370d2cba2de7f534e7de90b588c3082a051,0.5862884160756502,118,0.5916795069337443,0.6859164033323757,0.32319734675044176,0.2318840579710145,0.4878379702568054
arnoldi_s12,ArnoldiGCL + S1+S2,human,cold_pair,983997847,2,a45d9e52f747a1356f288e2e07ae425edd460014c17d6ea8d75f3dea09754d32,0.556640625,73,0.6438356164383562,0.5836742353161944,0.1859589390808134,0.19662921348314608,0.008720394223928452
arnoldi_s12,ArnoldiGCL + S1+S2,human,cold_pair,983997847,3,0374dee88a8014ae6196dba73dc66a252067d6bea2c2be5adab49a27342da802,0.5549160671462829,139,0.750817527795945,0.4940738057036385,0.10839695578083183,0.1399548532731377,0.06633802503347397
arnoldi_s12,ArnoldiGCL + S1+S2,human,cold_pair,983997847,4,8b2b4d7f522a6296b722e4648052b41b54ab6f22944ae92675f84ff6ee26c967,0.5384615384615385,100,0.26,0.46482,0.1022635137405681,0.13953488372093023,0.49478164315223694
arnoldi_s12,ArnoldiGCL + S1+S2,human,cold_protein,1941488137,0,7cb69146150959e01230f6b5c7717ad44925427bbf9b6d06b05a6b5c6cd3a88f,0.7778062283737024,605,0.9200601051840721,0.6873257291168635,0.40006793417951936,0.3926940639269406,0.8581891296742719
arnoldi_s12,ArnoldiGCL + S1+S2,human,cold_protein,1941488137,1,c03a6a0be3b7940366b4d416b49c14232283356fd56d9862dcd17f80180bb081,0.8144097222222222,476,0.9331550802139037,0.7718571252030223,0.5390365062161626,0.5478036175710594,0.7437132612891393
arnoldi_s12,ArnoldiGCL + S1+S2,human,cold_protein,1941488137,2,cb0f1a691beb4adc74b4b7287889c3513e426f8c77b95d8d2469955a14eb25d9,0.8462234940889473,688,0.9125264270613108,0.7003156266901027,0.4194922786112926,0.41622574955908287,0.12835066707881373
arnoldi_s12,ArnoldiGCL + S1+S2,human,cold_protein,1941488137,3,e9a410074f5af92384c7ea7cbc604118a4bb751d05fbef40b158e06af77078ce,0.7353122999542753,448,0.5933441558441559,0.7798516721141582,0.4243931405257611,0.27443881245474294,0.48192807709517543
arnoldi_s12,ArnoldiGCL + S1+S2,human,cold_protein,1941488137,4,f27eb92e44ae906264399b45ad8e075aa5c13b614d3dfc215facb2599738bb9f,0.7001602499087185,416,0.8868006993006993,0.8123058431952663,0.6021307843843785,0.4970873786407767,0.001428040245050334
arnoldi_s12,ArnoldiGCL + S1+S2,human,cold_protein,4198936517,0,3593355e476aa732f041a4be078216cf682e8d170e22eccf705d6a3af57bd533,0.8278013491651658,666,0.9204204204204204,0.7364851337824311,0.45322631433371924,0.4356243949661181,0.816545175934491
arnoldi_s12,ArnoldiGCL + S1+S2,human,cold_protein,4198936517,1,2075c796adb0e2a27e7c390bb4d8033e4d271d1bc1dba505d080b6f64d17ff34,0.8547409087091626,452,0.9255832662912309,0.817447529172214,0.6107127609050347,0.5657276995305164,0.6463010704843968
arnoldi_s12,ArnoldiGCL + S1+S2,human,cold_protein,4198936517,2,d99e86b535bcb2a067d03dd88bfd76c86768bcbef42493693fa847c07710d053,0.7476645761150826,438,0.933997509339975,0.7687907883488667,0.5769642979498765,0.5793650793650794,0.6130461601361837
arnoldi_s12,ArnoldiGCL + S1+S2,human,cold_protein,4198936517,3,87b03a37e5bd84e0d0a7a3ae7cc7077c7b7160aef7bdd2afb26e89064cab7330,0.8414819944598338,616,0.9096812278630461,0.7318086945522011,0.43035440420937443,0.42696629213483145,0.7928991467413837
arnoldi_s12,ArnoldiGCL + S1+S2,human,cold_protein,4198936517,4,126935daee05969237fe55788ca0d3770e52af4a200050501cca7fa44e62a3d3,0.8274142704421479,461,0.9343324788010254,0.7305235717881997,0.5361012302309804,0.5355648535564853,0.6273331291055024
arnoldi_s12,ArnoldiGCL + S1+S2,human,cold_protein,983997847,0,b975bda7bffa478f7ce84c3c04a6f2334e76849cc07bdb35f50840e6781a4828,0.8268524930747921,441,0.9344465058750773,0.7860094302271172,0.5641452255625587,0.5558659217877095,0.8201848993154421
arnoldi_s12,ArnoldiGCL + S1+S2,human,cold_protein,983997847,1,957c6eaabfcceb16e4218df5757fdbd002c080cf60c72b1f4f2a9388bc067b8e,0.8113162892622352,513,0.9229133439659756,0.7366604729280424,0.5210224118193092,0.5276872964169381,0.47912716326648275
arnoldi_s12,ArnoldiGCL + S1+S2,human,cold_protein,983997847,2,905573cff79b426bf47d99a1b18ed055fff710b8b00740d56aa6ab87eb08a1c2,0.7640330205728,463,0.9338307480856077,0.8102934659395715,0.582349355752303,0.5824039653035935,0.8240461700909757
arnoldi_s12,ArnoldiGCL + S1+S2,human,cold_protein,983997847,3,40f3650964082375d0fb6e5e1019d8188002152ae847d74cc00bcd40bcab0264,0.7592315985714606,724,0.9170015067805123,0.6909122126919203,0.37271221549781536,0.37226970560303896,0.8281373767003626
arnoldi_s12,ArnoldiGCL + S1+S2,human,cold_protein,983997847,4,e147190debc1ca6a45f9f658aec6ae9bf10f0a86236fb1b2e36ec955cc112690,0.729436632253471,492,0.9090909090909091,0.7583194940181108,0.4045000883572594,0.37244897959183676,0.47198354997863506
arnoldi_s12,ArnoldiGCL + S1+S2,human,random,1941488137,0,3ee649582c51d150475d3d256d55c6fff7157336dfa58397b759280f8a7dbc85,0.93461063318434,527,0.9508366396411937,0.929323189152015,0.7601212988710608,0.6905537459283387,0.9662503110219355
arnoldi_s12,ArnoldiGCL + S1+S2,human,random,1941488137,1,1eb203df0bf0b5ae9a461841e4e43b8812f7685326bbff9593bb89cefc51caea,0.9405112194245413,527,0.9534241849232361,0.9465738183625044,0.7893025866982649,0.7222222222222222,0.9463040371463725
arnoldi_s12,ArnoldiGCL + S1+S2,human,random,1941488137,2,6c082337c0ebfc9cc8200f8b88b1979992d5518604da2d05d12c4f6c2bb7c2c1,0.919186451337571,527,0.9532516819044333,0.936609788678892,0.7925479383133981,0.7168234064785789,0.9514732205704466
arnoldi_s12,ArnoldiGCL + S1+S2,human,random,1941488137,3,eb685a487de50970e62869aff74f9bc2208e4d2392b5b13388bec0d70e1129c2,0.9271579703959928,526,0.9462495679225718,0.9256979282626611,0.7571349824242333,0.6645091693635383,0.9633234438830859
arnoldi_s12,ArnoldiGCL + S1+S2,human,random,1941488137,4,0b79b831cb7ae126803958380cc5372817612cf9372ab369c224cb212271ef7d,0.9203185013813706,526,0.9529899758036641,0.9333491159334385,0.7763354756241246,0.7166666666666667,0.9566956544575625
arnoldi_s12,ArnoldiGCL + S1+S2,human,random,4198936517,0,3bcfa52e669072e9cb6d9b139b85fc06064191c273108f303dd1a87d1a8a0b91,0.9244154443970262,527,0.9527341728480249,0.9332017902343651,0.7641466149358143,0.7192622950819673,0.9567602291499099
arnoldi_s12,ArnoldiGCL + S1+S2,human,random,4198936517,1,c5a6c5aaab4d4e3bec9b95463f04984cbbed697217f645a8ea24bc4f0e9de784,0.9347364165225399,527,0.9472140762463344,0.937283106913574,0.7705224316945245,0.6982248520710059,0.9055212094359202
arnoldi_s12,ArnoldiGCL + S1+S2,human,random,4198936517,2,4e5f39c804d2a94efa32f8fb58590ed9076f3bdd932dcf31fdcfd6fdac711963,0.9341748837627186,527,0.9408314645506296,0.9320924354316619,0.7600747291815504,0.6797385620915033,0.879088278829235
arnoldi_s12,ArnoldiGCL + S1+S2,human,random,4198936517,3,e4db0b416220a414e748ec53e82eab3c5d1d6b0064e0b11e992230339346d754,0.9381977044540778,526,0.9462495679225718,0.9323974612904625,0.7539216033227033,0.6803699897225077,0.9485985919220807
arnoldi_s12,ArnoldiGCL + S1+S2,human,random,4198936517,4,1b65f2cfeb8dec15714fa96b172c9ae08f364abd5758434f3a52d7d83202e51d,0.9212888299903416,526,0.9465952298651918,0.9269148751608379,0.7408495591427084,0.6797927461139897,0.9490291226400088
arnoldi_s12,ArnoldiGCL + S1+S2,human,random,983997847,0,8e3728b3831b303054f4db65a05ddba96318f5fa1c553d996fb446a685671745,0.9433974978100221,527,0.9510091426599966,0.9429523024243056,0.7762180601208775,0.7305502846299811,0.9242644326327596
arnoldi_s12,ArnoldiGCL + S1+S2,human,random,983997847,1,74a1b53c2ca13a336af7697dcb71b812f573d3df1b21d19bce03e8461e06d5b0,0.8882594730576581,527,0.9463515611523202,0.9308865836840949,0.7724348131023014,0.6959921798631477,0.8757074939061508
arnoldi_s12,ArnoldiGCL + S1+S2,human,random,983997847,2,ff952d55942ea478d13768a392518e50b7b12b8ef7ace19be68a264d64ccb8ad,0.9389467891556793,527,0.9560117302052786,0.9377486686662178,0.7962300748159887,0.7194719471947195,0.9582486778089445
arnoldi_s12,ArnoldiGCL + S1+S2,human,random,983997847,3,791163edfbaac8b3d9568440051d03e70556061ba4a76c92e539462704d82ced,0.9427303968913546,526,0.9507431731766333,0.9292378088450028,0.7301230518373429,0.6984126984126984,0.9450898464411903
arnoldi_s12,ArnoldiGCL + S1+S2,human,random,983997847,4,aae19ac732a2aece44d67149029670a09036945210e85bb764eefc2e6c71a80c,0.9376429100873744,526,0.9536812996889042,0.9329450331796036,0.772664075175033,0.7237113402061855,0.9505840646077507
arnoldi_s12_shuffle,ArnoldiGCL + shuffled S1+S2,bindingdb,cold_drug,1941488137,0,d3122cff3f09f0e7ffd06030d60d5e2eca915ec3d9ead8dd02edbd3283126894,0.9281572972067446,4182,0.9202860745184992,0.9271890947768453,0.6534420938635409,0.6022345156741512,0.16448940395900666
arnoldi_s12_shuffle,ArnoldiGCL + shuffled S1+S2,bindingdb,cold_drug,1941488137,1,271362873bdfd8fae15456fd6c51cac9d2e8e081d8fbaf95bf8f87f4e97a44bf,0.9377408116363465,4280,0.9210917587085812,0.9252345101100532,0.6449877084178272,0.6038178521915325,0.05600730405788717
arnoldi_s12_shuffle,ArnoldiGCL + shuffled S1+S2,bindingdb,cold_drug,1941488137,2,6fade7330d6d26b28f5faeff6b9ddbaaf1b6001f51b43b0e085de6362903a3fb,0.9358805926928777,4116,0.9267382277586359,0.9321683478680935,0.6937489968431418,0.6353742992195229,0.6391431949073322
arnoldi_s12_shuffle,ArnoldiGCL + shuffled S1+S2,bindingdb,cold_drug,1941488137,3,bb13aff79788c532ba4be6faf227627a3fd9a0922917ed81c0c27e8b1e896e17,0.9366001588156369,4061,0.9243804705513644,0.9306773319776632,0.6647649137176329,0.6148232611174458,0.12413442303056585
arnoldi_s12_shuffle,ArnoldiGCL + shuffled S1+S2,bindingdb,cold_drug,1941488137,4,c7ebc80f58f9cbb1d44a9197b733c0c17d684e5c756941826054ab573b76f457,0.9360423675682051,4035,0.9249521234651347,0.9296519487937793,0.6584240853025713,0.6254357359721129,0.19982611465535716
arnoldi_s12_shuffle,ArnoldiGCL + shuffled S1+S2,bindingdb,cold_drug,4198936517,0,f99b8da5ab42ba3a3a174619834df007af4996a7b09c0c44599b9192d2853fb2,0.9271143604486757,4084,0.9229142551865372,0.9300194987054423,0.6579221232464324,0.6088331638992432,0.18422520975543902
arnoldi_s12_shuffle,ArnoldiGCL + shuffled S1+S2,bindingdb,cold_drug,4198936517,1,af1dc944cf987f1e10275d3ad0c7073b6aef183cdfd1520f3a8905ecdd563efa,0.9281098384963912,4191,0.9314331576321555,0.9343975036894058,0.6892031226539689,0.6348619614185053,0.7711481786754032
arnoldi_s12_shuffle,ArnoldiGCL + shuffled S1+S2,bindingdb,cold_drug,4198936517,2,3ed3b0703aaae09b96234f544ce4f3d852b5973fdf99e944f8e86e8ff0842696,0.9330383401074176,4093,0.9184638962308154,0.9284112679732023,0.6276879759333419,0.6041194866817643,0.11149297799251671
arnoldi_s12_shuffle,ArnoldiGCL + shuffled S1+S2,bindingdb,cold_drug,4198936517,3,2b423d98eadf4e955c204ac0c7d2cf1317801698510fe27edaa02dc1817607cc,0.9443876140025457,4171,0.9368801900568863,0.9312687770434405,0.6895500717513602,0.6369107321965898,0.8646685705527865
arnoldi_s12_shuffle,ArnoldiGCL + shuffled S1+S2,bindingdb,cold_drug,4198936517,4,c0d6c15b73d44b1e9e34d83f78ea6d8fde927a5b41c7fa3eec65dd204b3f1780,0.9279392670876655,4135,0.9086512036935254,0.9251180488033113,0.6027393804183138,0.5898726680485639,0.06839627389017884
arnoldi_s12_shuffle,ArnoldiGCL + shuffled S1+S2,bindingdb,cold_drug,983997847,0,caa30460df33a20c98ac7f63f64cccd6e9a80b8154201f05a46ca9b2cbfc1bfa,0.9359800071509005,4095,0.922965922965923,0.9263318111816279,0.6532225832486456,0.6143587463880863,0.07820979930664583
arnoldi_s12_shuffle,ArnoldiGCL + shuffled S1+S2,bindingdb,cold_drug,983997847,1,ae65eea815e50b920663d8c7fb5fe425d8ce49ff9f7ea44fc38c5d61edca2fc0,0.9103314448933216,4095,0.9243201243201243,0.9272882472296391,0.6522692218834021,0.6182958235359982,0.7258112125690668
arnoldi_s12_shuffle,ArnoldiGCL + shuffled S1+S2,bindingdb,cold_drug,983997847,2,530d0d9ee08f5eff47c8e7cd28570f7bdbae4a81314d4db83c4016e816c87dcd,0.9224242044534943,4149,0.9157299677907054,0.923383501795988,0.6278319047137453,0.5924984106802289,0.024782772315283395
arnoldi_s12_shuffle,ArnoldiGCL + shuffled S1+S2,bindingdb,cold_drug,983997847,3,7b34a851f2b0deb3f060c6d82b3f07b4d7445a21502d5e1379f27e3441d33311,0.9277309136434134,4189,0.9169035786366891,0.9255937166997353,0.6384283126045496,0.5986793837123991,0.268069626411347
arnoldi_s12_shuffle,ArnoldiGCL + shuffled S1+S2,bindingdb,cold_drug,983997847,4,a09e124b606033d05e2869d1398ae3af7c00f8029d69e95dcfc4a56497f40ed6,0.9360981908589733,4146,0.9246590360917423,0.9325237374192201,0.6817275697188555,0.626684050412864,0.12301485111043878
arnoldi_s12_shuffle,ArnoldiGCL + shuffled S1+S2,bindingdb,cold_pair,1941488137,0,2b4cfc3bb4039bbe25bf713ec37108d8cd7099263d4163e97de30bbe11e8916c,0.5751456414937314,876,0.6151930261519303,0.5905696164592065,0.12004226284803655,0.18109540636042404,0.00010331580623081724
arnoldi_s12_shuffle,ArnoldiGCL + shuffled S1+S2,bindingdb,cold_pair,1941488137,1,5ecd70455c0eaf43ddb52714a848e8038eed447795919cb02a36dc75e7d002e6,0.6357151115735922,719,0.5166266278922746,0.6810523424397585,0.1760317851825503,0.22312538102011786,0.00015944236947689204
arnoldi_s12_shuffle,ArnoldiGCL + shuffled S1+S2,bindingdb,cold_pair,1941488137,2,498c1745279d8458ec7ac82f9c192b80b2d6514f22cd4804005f82496da59376,0.5787651116727,685,0.3329794293297943,0.5477182588310512,0.1041597469033818,0.1763356276630613,2.930070823660496e-05
arnoldi_s12_shuffle,ArnoldiGCL + shuffled S1+S2,bindingdb,cold_pair,1941488137,3,43e02e384720b83176d3f006a506fdf82e19e213eac9656a0249835c8f1b0221,0.5785207939508507,1166,0.554732574458132,0.5933587141684491,0.12372888978325364,0.19597353231029144,0.0007490773312428531
arnoldi_s12_shuffle,ArnoldiGCL + shuffled S1+S2,bindingdb,cold_pair,1941488137,4,b79488fb07b6204668a5d205427de2a4d6a388125d3a689c76e691a7e1078a0c,0.5607224508459075,747,0.49190702202750397,0.5304939526064991,0.10152543793380538,0.1674975074775673,0.3583463100537862
arnoldi_s12_shuffle,ArnoldiGCL + shuffled S1+S2,bindingdb,cold_pair,4198936517,0,623e3f2499dd11866908cefe7fe7e7abe7c21170e81c11241d5b048682e96432,0.6379718088086119,1037,0.5711405277461208,0.6117046799749667,0.11493600937014964,0.2107131332687964,0.0034916374245530938
arnoldi_s12_shuffle,ArnoldiGCL + shuffled S1+S2,bindingdb,cold_pair,4198936517,1,5e8664cd3b0a95abf0f6b0d15ce4771e4f24c5969a60edec42f76bebdf870ed6,0.6154903047091411,742,0.5363881401617251,0.5457943127411164,0.10432320307881175,0.17452006980802792,7.486355566732229e-05
arnoldi_s12_shuffle,ArnoldiGCL + shuffled S1+S2,bindingdb,cold_pair,4198936517,2,f138fd2b71c3a54018d0937acabffe0ea4ac8598e60bb0b122469f6e7b60a27b,0.5286878042184965,943,0.30714354574375785,0.5419902636944208,0.09875654853439522,0.17457218330079247,0.31420756184074977
arnoldi_s12_shuffle,ArnoldiGCL + shuffled S1+S2,bindingdb,cold_pair,4198936517,3,3894e7ee00e5ffe62c846a7ab1197097de5b9db34c79da92c0981897c6953231,0.6343686087990488,655,0.8707841776544066,0.6789584523046442,0.16942477930119934,0.19810508182601205,0.008040907693235802
arnoldi_s12_shuffle,ArnoldiGCL + shuffled S1+S2,bindingdb,cold_pair,4198936517,4,3d88c52c58071efde8e1fae42ed5be4d4d3354b23c80f64b663bc7d5806a8fc2,0.532039384336804,723,0.4702627939142462,0.5747369095649945,0.11703697379632637,0.18368533229994188,3.6356570800145996e-05
arnoldi_s12_shuffle,ArnoldiGCL + shuffled S1+S2,bindingdb,cold_pair,983997847,0,a1543616e83727949e58fe0c4fc7e23733d1725603632dfd593a38e9d4314a38,0.5557866666666667,1058,0.7824368448186974,0.5450655014811983,0.12018333260695437,0.16983606557377048,0.0006149580521981091
arnoldi_s12_shuffle,ArnoldiGCL + shuffled S1+S2,bindingdb,cold_pair,983997847,1,44c0d6816c76aa3a2113b5e5b49b5baa57093baa92b9170f41621f144578efbc,0.5713450843623339,874,0.6846265862284169,0.5323849682409186,0.09570573146730352,0.14350282485875707,0.5141817391735234
arnoldi_s12_shuffle,ArnoldiGCL + shuffled S1+S2,bindingdb,cold_pair,983997847,2,b3cf07d59bdc3e1f2b3148b95d02e95198c5ddf26efd2fe0a722234d1129296a,0.6083697078843747,732,0.6055638350720318,0.6088870599301264,0.13424833610130685,0.20560280140070036,0.0006560333100249608
arnoldi_s12_shuffle,ArnoldiGCL + shuffled S1+S2,bindingdb,cold_pair,983997847,3,cb3eb24cc3f35d3248ba1e807c2bc1e8ba6180a8b79931b4372d487d74d59b8c,0.6236537460978148,691,0.7570056571503749,0.6449791719461089,0.15942245363511182,0.22231578947368422,0.00921381845138967
arnoldi_s12_shuffle,ArnoldiGCL + shuffled S1+S2,bindingdb,cold_pair,983997847,4,b1ee7b4942b8c6aa621a1b8d5b9dd55945af4aae50932fc4fc5366d293b027b6,0.5881788009321376,771,0.8026176158471878,0.5423278340491319,0.10323625980484996,0.12264150943396226,0.0024167864073118953
arnoldi_s12_shuffle,ArnoldiGCL + shuffled S1+S2,bindingdb,cold_protein,1941488137,0,b8f4b00318dc9ff3a71214100e4aa6df2e9f73a506a45512b1452972c20df9a5,0.4751414006626328,4204,0.12927082432315543,0.5589654148873666,0.1307733388245651,0.17274109380778238,1.0499362393834386e-17
arnoldi_s12_shuffle,ArnoldiGCL + shuffled S1+S2,bindingdb,cold_protein,1941488137,1,6324786832b507b8d88ac5af97a996d64cf4221232f8a2c04500f4f96dfda2e5,0.5875814442125378,3581,0.34403797821837473,0.5354728729406755,0.11830437083022724,0.1802087629683683,1.9891290162299248e-07
arnoldi_s12_shuffle,ArnoldiGCL + shuffled S1+S2,bindingdb,cold_protein,1941488137,2,18a6cc162f1fa8d7979557f3103d6589ad6c76101e9d4b05edbc3508c39d7449,0.6871971984059897,3319,0.5805143937111397,0.6060338682002995,0.15065691704746564,0.1822841582572481,7.694804798718482e-07
arnoldi_s12_shuffle,ArnoldiGCL + shuffled S1+S2,bindingdb,cold_protein,1941488137,3,d8a62a5b9d02c5fdecaf03b3e4205a1fd809acb1a39813a2983042d6e71103a7,0.4719619952893136,5585,0.2820379262635306,0.4723573021802709,0.09610293068469228,0.15968755953514954,3.1678390264087392e-09
arnoldi_s12_shuffle,ArnoldiGCL + shuffled S1+S2,bindingdb,cold_protein,1941488137,4,6f23544a9a5ff66b69f436861c5b792732177ec1bed1d2b13661542bac6e24ff,0.6442037843109446,3985,0.4522641724649253,0.5522617248811021,0.13741933689164115,0.176442340673664,2.8778272167852412e-08
arnoldi_s12_shuffle,ArnoldiGCL + shuffled S1+S2,bindingdb,cold_protein,4198936517,0,22e974af8b2c809bdefdffe3e21f5cd4dca5166faa3d99cf8e431c989fe973ec,0.6192756770741139,5398,0.5003368250867325,0.48638265671654496,0.10989644835078621,0.1522416207103466,6.888719343344889e-07
arnoldi_s12_shuffle,ArnoldiGCL + shuffled S1+S2,bindingdb,cold_protein,4198936517,1,7de9c60893654c75d6754628b7974dd61c3826b3a821f9d60b154eb8dce8beb7,0.5724844778439593,3710,0.3344768439108062,0.5487625925414665,0.12936857937770616,0.18128654970760233,1.9371867484255024e-09
arnoldi_s12_shuffle,ArnoldiGCL + shuffled S1+S2,bindingdb,cold_protein,4198936517,2,a1b2551830003e141ac4c3d8c0b31d0bf510c9258df9358bc6e3050d3e4a2ad1,0.593084467569629,4675,0.3508410306271269,0.5270910921101547,0.11776695403204104,0.1721923277208818,2.0290110789452627e-08
arnoldi_s12_shuffle,ArnoldiGCL + shuffled S1+S2,bindingdb,cold_protein,4198936517,3,54e27bd08e4aef100ce01bad8ce9e207fa9a2710a2c83e4014f33c0e5ca75c50,0.4746188899649264,3397,0.10859849599914363,0.5684004674681785,0.1329925156963332,0.16941375956910953,6.752859380773415e-19
arnoldi_s12_shuffle,ArnoldiGCL + shuffled S1+S2,bindingdb,cold_protein,4198936517,4,0daede7857fabe586f0f52f24e384964600ef55eaaa7afdc863972f69e5aa1ee,0.4399034615625721,3494,0.13017120258104803,0.5703339996703811,0.1288811473349009,0.17252048216628302,1.2958888814051386e-17
arnoldi_s12_shuffle,ArnoldiGCL + shuffled S1+S2,bindingdb,cold_protein,983997847,0,a5feacf2df5d6831b820604ee4902c21b8ee04ab2881d4c6d5d7c3b487a651d3,0.6791246958515152,5465,0.8185311486317891,0.5452329228082893,0.12208386272349636,0.12902195608782435,0.004240676648914816
arnoldi_s12_shuffle,ArnoldiGCL + shuffled S1+S2,bindingdb,cold_protein,983997847,1,0f751e4977a964aa5d45f5e60f178b601671b9f0c0c50246a40f80b5ea0bea35,0.5552664878335264,4229,0.20630280100604054,0.5056402238124188,0.11184141589919772,0.17092558494633314,2.5186860231584346e-11
arnoldi_s12_shuffle,ArnoldiGCL + shuffled S1+S2,bindingdb,cold_protein,983997847,2,97af94b0063094defb869e774b6c443798a524b786f6404e94fa204ec20371a1,0.586286410613979,3754,0.7896062381944108,0.6080212184963991,0.15589927911021967,0.15715948777648428,0.0024716836649107984
arnoldi_s12_shuffle,ArnoldiGCL + shuffled S1+S2,bindingdb,cold_protein,983997847,3,998506e928ef1e0c00d67e1ebc691c0912c556c62ce64b142e76df88d3301536,0.4519237217296397,3428,0.09090909090909091,0.6376839346571375,0.18429562270730027,0.16666666666666666,0.0
arnoldi_s12_shuffle,ArnoldiGCL + shuffled S1+S2,bindingdb,cold_protein,983997847,4,265ebe6c7813d7d91f031416042ef8a1914cf0307163f2e590e14d3be8496eaa,0.553502697443595,3798,0.20395902149456652,0.5426064575990079,0.13061222069328932,0.1686373521985851,1.8402965792486657e-14
arnoldi_s12_shuffle,ArnoldiGCL + shuffled S1+S2,bindingdb,random,1941488137,0,b9f98ff3affb86a1ce4b9c5e5472552e0a3af3744fa4dc64867fb8ca8a7429c5,0.8857775989905385,4135,0.9161701659887875,0.8884369166974935,0.553016770712183,0.5280356479762347,0.8623522112059266
arnoldi_s12_shuffle,ArnoldiGCL + shuffled S1+S2,bindingdb,random,1941488137,1,df7fca01d0b5a54dcc2c252649e73083ec1e03258bb2ba439dac4818d4116d32,0.8915941201498986,4135,0.9171155325931626,0.8837821031130424,0.538378498014316,0.5182724252491694,0.8925767817480922
arnoldi_s12_shuffle,ArnoldiGCL + shuffled S1+S2,bindingdb,random,1941488137,2,e37319a5252456b0cc89339cc40f83f8ec8d2f500338ef847eb2394b202c8a1c,0.913403949825201,4135,0.9191381774211278,0.9121979299020805,0.6110716447052956,0.5637010676156584,0.8650001892569947
arnoldi_s12_shuffle,ArnoldiGCL + shuffled S1+S2,bindingdb,random,1941488137,3,95055dd9f725f176b4a64f81e2a0e31b3e2c38f4ab090b7d7294df43883af058,0.8858189044476839,4135,0.9167197977355172,0.8869785986557085,0.5382856268845625,0.5098343685300207,0.8837468696620365
arnoldi_s12_shuffle,ArnoldiGCL + shuffled S1+S2,bindingdb,random,1941488137,4,bc251326e2f97ec272acb637b42fda0727940e6e0898341d9a1cc3254c6c327b,0.8887059548578874,4134,0.9172274266613889,0.8943034873817113,0.5350029161080269,0.5035610656818781,0.6697136491128843
arnoldi_s12_shuffle,ArnoldiGCL + shuffled S1+S2,bindingdb,random,4198936517,0,e19bb407247a1c3f9a14d3d79cb8a3d6a8146026a241c41e590d6d6d17e2d3b7,0.8952235356301605,4135,0.9210508958997472,0.8932518375445405,0.5706956495084827,0.5429553264604811,0.8992700081492123
arnoldi_s12_shuffle,ArnoldiGCL + shuffled S1+S2,bindingdb,random,4198936517,1,95cdd6a9a549c0f479bbeda625fb14b4b7422a760aa633756e0585d4b7a1f46b,0.9085470129209319,4135,0.923843025173134,0.9052428921715558,0.609670850725097,0.563618039808516,0.8784134059817826
arnoldi_s12_shuffle,ArnoldiGCL + shuffled S1+S2,bindingdb,random,4198936517,2,eebf7de3343762db7f3b4472b0332993b822fe13571c34630f8b932c3b6554d3,0.8931540773969229,4135,0.9133560514455314,0.8874701613764003,0.5384386986691512,0.5362983880456524,0.7310480063990371
arnoldi_s12_shuffle,ArnoldiGCL + shuffled S1+S2,bindingdb,random,4198936517,3,0705f193b18c75afb116332bc4434d9d915e73660944c5a068ffa67401f3f12b,0.8923259029811574,4135,0.9121908321424645,0.8911462856524582,0.5445581491825833,0.524976213130352,0.8552018279572056
arnoldi_s12_shuffle,ArnoldiGCL + shuffled S1+S2,bindingdb,random,4198936517,4,0f34655d6654128ba545e6b71007cf13a0096db925a2eca3b4d7ff413699a623,0.8847947301547383,4134,0.918041078418437,0.8895690895868894,0.5440922792613507,0.5196545946642609,0.8847221229990866
arnoldi_s12_shuffle,ArnoldiGCL + shuffled S1+S2,bindingdb,random,983997847,0,50221d3d5a60a5f8305cd6466d4a636bf326cb35a8869f82e4274a1122350a14,0.9119547862424316,4135,0.9199736176761569,0.9076421880048953,0.5957824485083942,0.5605987445678416,0.886660226346695
arnoldi_s12_shuffle,ArnoldiGCL + shuffled S1+S2,bindingdb,random,983997847,1,ca7853b850250bd472514b6099f39ed64f5af5c79271809d93cd00db9eb88d59,0.885417711487596,4135,0.9101901725843685,0.8815795586968823,0.5306627885536557,0.511655708308428,0.8878199551530082
arnoldi_s12_shuffle,ArnoldiGCL + shuffled S1+S2,bindingdb,random,983997847,2,869a929e679ec92faf0964819aa84b6417cbbde21ead1497154a3892b41c1055,0.8897642335681043,4135,0.9128064196988018,0.8882333517075603,0.5522244752462948,0.5299834083906139,0.8663469449461326
arnoldi_s12_shuffle,ArnoldiGCL + shuffled S1+S2,bindingdb,random,983997847,3,0e34704dcc33f0c5c9228868f6d64cca9fa5b9d85a2e751d618cd9213aabcf4c,0.8900337242608518,4135,0.9177311201494999,0.8969819908206846,0.583826042387763,0.5402948402948403,0.898693087680699
arnoldi_s12_shuffle,ArnoldiGCL + shuffled S1+S2,bindingdb,random,983997847,4,f0040bedf05f81f4adef9fcf43325837a5e5af196f2e5cb5be7e93b9224a3eb6,0.9162289141124299,4134,0.9249901042353873,0.9136361702745166,0.6300386112704437,0.56926379593383,0.874372693194102
arnoldi_s12_shuffle,ArnoldiGCL + shuffled S1+S2,biosnap,cold_drug,1941488137,0,0dde78d724b699a171b9e73ce8da6eed90afbb0e81889dba066c152277a6831a,0.8875794311103055,2947,0.9299133170867138,0.861778693118064,0.5825504985699996,0.5477707006369427,0.8496384929304255
arnoldi_s12_shuffle,ArnoldiGCL + shuffled S1+S2,biosnap,cold_drug,1941488137,1,05c1111bb5eaeec4581c48562a2d93fdad2397fb306560bc5c63ed2285481684,0.8951729066404637,2789,0.9279311581211904,0.8734978153301893,0.5971932460131921,0.5646780862374483,0.7170340378970315
arnoldi_s12_shuffle,ArnoldiGCL + shuffled S1+S2,biosnap,cold_drug,1941488137,2,8d7becc9ec965fae3cad75020e65aae6611a1463eb00b269d8a65490c505b6e2,0.8820740275711424,2704,0.9310112963959117,0.8670271113800287,0.5862604205908859,0.5760330578512397,0.5096546033963657
arnoldi_s12_shuffle,ArnoldiGCL + shuffled S1+S2,biosnap,cold_drug,1941488137,3,b69c25480603ce368168d2027d0440423f86dd2866e16d0ed5bac620472b87af,0.8575266492177523,2578,0.9245362860568447,0.8613396550510045,0.5497556487542689,0.5351867940920938,0.6734385924796545
arnoldi_s12_shuffle,ArnoldiGCL + shuffled S1+S2,biosnap,cold_drug,1941488137,4,c0fddbd8642abf6c3cf66942cdb56947649f142191b46a8425f429f532262ac6,0.8617379479769446,2812,0.9261606103711367,0.8691906789435239,0.5893780891547918,0.5617805065234075,0.7746882811311172
arnoldi_s12_shuffle,ArnoldiGCL + shuffled S1+S2,biosnap,cold_drug,4198936517,0,5c219cc120686c883e7bf755698024447f43c50ba720467e8ea0c62d10c59c56,0.890684986378811,2636,0.9093668092150642,0.883052454804608,0.6074810272144177,0.561707805203469,0.44096723432002277
arnoldi_s12_shuffle,ArnoldiGCL + shuffled S1+S2,biosnap,cold_drug,4198936517,1,3d6c3d07b85c2cc2d5be78939c078813b2caccd1365475fd07f9320e7ab8e035,0.8879096621296797,2980,0.9313300793166565,0.862489381108959,0.5810040287563215,0.5678633134958725,0.843994044310426
arnoldi_s12_shuffle,ArnoldiGCL + shuffled S1+S2,biosnap,cold_drug,4198936517,2,8c83f85e76b7e1295bbdc5eeda9af96b06b5bebcc45111d68752138c42d35ae4,0.8865123887101909,2774,0.9183325686570099,0.8566139112856066,0.533196903671606,0.5274933636708381,0.5586720126132441
arnoldi_s12_shuffle,ArnoldiGCL + shuffled S1+S2,biosnap,cold_drug,4198936517,3,f9c6e915b8e319425e68b7ed11852de6369777cb1df242e8acaaf7516c487593,0.8671046236970279,2696,0.9253776638791475,0.8696707577001647,0.5980729337200635,0.5712071304010851,0.6677969221791169
arnoldi_s12_shuffle,ArnoldiGCL + shuffled S1+S2,biosnap,cold_drug,4198936517,4,8c25f08c33d9218824f51c83c6e15f1b38436e4c883a76888389a856c3727acb,0.8829732928181975,2744,0.9255897164060429,0.8593265972830199,0.5542816948859361,0.5293378038558256,0.7864377072004425
arnoldi_s12_shuffle,ArnoldiGCL + shuffled S1+S2,biosnap,cold_drug,983997847,0,7073e1468209ad34718675fe4cde1f700224fc93c70c42e428ab87870680b0a4,0.8559729372480729,2804,0.9275710024640125,0.8719019828001978,0.5798885294306335,0.5560413354531002,0.5785973666138842
arnoldi_s12_shuffle,ArnoldiGCL + shuffled S1+S2,biosnap,cold_drug,983997847,1,b09953fd4d7f62ee241de6a0743dee295aedf4f2c788ab85ac3d61b3d4534be6,0.8368115698916585,2695,0.9139821217743296,0.847131394976611,0.5272966936630538,0.5142857142857142,0.4884340516426792
arnoldi_s12_shuffle,ArnoldiGCL + shuffled S1+S2,biosnap,cold_drug,983997847,2,e03a947319a7ce0a30a9acde4d445c946a156102ab02ceeb9e0082a1c7577c02,0.8735791693298027,2817,0.9178042404879465,0.8643969262637754,0.5682983861058435,0.5455842997323818,0.47744071299899116
arnoldi_s12_shuffle,ArnoldiGCL + shuffled S1+S2,biosnap,cold_drug,983997847,3,b2d432a7a3f9058c024f5f2578182a059bf5778bbcadeb61784cabe54ba6f18c,0.8806491199413661,2922,0.9241179764793728,0.8659960653935941,0.5829635712096277,0.5610941155299622,0.6693611830554587
arnoldi_s12_shuffle,ArnoldiGCL + shuffled S1+S2,biosnap,cold_drug,983997847,4,4662f7f454bfe52811ed009d8fdf5609c6f3c1f4ef1c5a40cf74dc10cf553ded,0.8285504394595303,2592,0.9238916947250281,0.866290591123209,0.5947747088191269,0.5639067524115756,0.1804602253355389
arnoldi_s12_shuffle,ArnoldiGCL + shuffled S1+S2,biosnap,cold_pair,1941488137,0,81ff1cf1289174f7f6901b238f8274214b99ccf0b30871c1e9fb9c54824eaa64,0.679789670970429,736,0.7781620553359684,0.7097999616020795,0.2056036627666985,0.25166666666666665,0.018959493198980614
arnoldi_s12_shuffle,ArnoldiGCL + shuffled S1+S2,biosnap,cold_pair,1941488137,1,eabf504c52c58bec765481fe1a8d067deb9776838063c0dd93aba9f9ca6a4f01,0.6957336425781251,536,0.8883989145183175,0.6870078246825574,0.24801628091947986,0.30736842105263157,0.6165145220495251
arnoldi_s12_shuffle,ArnoldiGCL + shuffled S1+S2,biosnap,cold_pair,1941488137,2,71e439ff03789bdbb390dc0982ac35cf36ec23da8658bdc6f1c9507745b8db2c,0.7479745370370371,530,0.9058319039451115,0.6674165183339267,0.2034568934396505,0.15926493108728942,0.764653362068412
arnoldi_s12_shuffle,ArnoldiGCL + shuffled S1+S2,biosnap,cold_pair,1941488137,3,a2fec1a3c34444adeaee1cbd3ef8a0559776fb58b5a9dd7b001bf0798e165db1,0.7953285075748586,448,0.9050324675324676,0.6490921954719389,0.20056906605878075,0.15827338129496402,0.7378062507877611
arnoldi_s12_shuffle,ArnoldiGCL + shuffled S1+S2,biosnap,cold_pair,1941488137,4,2d243d87e3fd1623d5b3ffa784324892aff86c3e2b7e6290683beb57d2989f5f,0.6566896330716232,567,0.900753567420234,0.6967124847195394,0.2238996848533213,0.16464237516869096,0.8510677737405855
arnoldi_s12_shuffle,ArnoldiGCL + shuffled S1+S2,biosnap,cold_pair,4198936517,0,d53948b107e6707f76abc6bf9e2514eb15982fc444fe80edcf89039c411d2277,0.6642074506939372,580,0.8090909090909091,0.6758675683709869,0.22842517453567623,0.24628712871287128,0.0038889230984543812
arnoldi_s12_shuffle,ArnoldiGCL + shuffled S1+S2,biosnap,cold_pair,4198936517,1,8bff8961308d7d7b0f11d6d7c62d411933414e2e6c9595b8e07a666c48d87f8f,0.7003544423440454,685,0.8910418049104181,0.6288559859342533,0.20781508713566801,0.23055295220243674,0.556586601105455
arnoldi_s12_shuffle,ArnoldiGCL + shuffled S1+S2,biosnap,cold_pair,4198936517,2,b06c142765e46d6b37f51c4a3b5e4e7e891c7f7d5174fb2d2222a0e978f374d4,0.6394968755007211,561,0.8248257980878302,0.6318885616148907,0.1628586056746539,0.19747587230883445,0.18662821505984217
arnoldi_s12_shuffle,ArnoldiGCL + shuffled S1+S2,biosnap,cold_pair,4198936517,3,90617ac60f1398f5f2afa657254153ae236a96395e763562096e6ea10484c2ec,0.6797199101598627,486,0.6264496820052375,0.6508029348507173,0.21074921474193453,0.21532416502946955,0.004504526648160121
arnoldi_s12_shuffle,ArnoldiGCL + shuffled S1+S2,biosnap,cold_pair,4198936517,4,31c262bcb54487b7291c0f669411fd1ee4e817ab0fde336d5dc0811140ecd8b9,0.7027928994082839,495,0.8064279155188246,0.6241061116212632,0.18545458731750344,0.21810089020771514,0.024753248772188412
arnoldi_s12_shuffle,ArnoldiGCL + shuffled S1+S2,biosnap,cold_pair,983997847,0,be2fa14682ea8a906e1802a152fe451a9cfa1250c630bcae12bca002a7e4c105,0.6739720505240527,542,0.9092586380409259,0.6929508040467858,0.2710704796921222,0.3090676883780332,0.720057141691038
arnoldi_s12_shuffle,ArnoldiGCL + shuffled S1+S2,biosnap,cold_pair,983997847,1,fdb70f98b9e463558151fd73d60c71913bd135cf0ce599a478c803de17e9da06,0.685460693153001,564,0.8868471953578336,0.7132876552990293,0.26258110417505637,0.31712062256809337,0.5689265752491885
arnoldi_s12_shuffle,ArnoldiGCL + shuffled S1+S2,biosnap,cold_pair,983997847,2,60f2b6d3b2a8cf0e94118477302b68562aa9163fef1a739ab2ee91f9a9ecc305,0.7128515485938056,633,0.8614103116472784,0.6903563611678883,0.21661977753569006,0.2525174283501162,0.10966000411404316
arnoldi_s12_shuffle,ArnoldiGCL + shuffled S1+S2,biosnap,cold_pair,983997847,3,58a094f9e8b563676173b717dbdfaf332a78a9bec18a7880fae9290d9c6c7f60,0.7259369422962523,465,0.8494623655913979,0.6669103942652329,0.23965275873654762,0.29097605893186,0.6633818145974042
arnoldi_s12_shuffle,ArnoldiGCL + shuffled S1+S2,biosnap,cold_pair,983997847,4,c84d88de123bbd2f315b943f35ec392b0da31f3f67825c3d6b9a97568dc17108,0.6447755102040816,590,0.8563944530046225,0.694340132145935,0.231426445749987,0.26614173228346455,0.09042913561916571
arnoldi_s12_shuffle,ArnoldiGCL + shuffled S1+S2,biosnap,cold_protein,1941488137,0,766482f3df920b6196c8c65f02aec9f1e1e1665d35dd7f78a5042a0d576940bc,0.7575029843893479,3596,0.8821417736879361,0.7403269151176503,0.3484120369762494,0.35625517812758906,0.37750323692004933
arnoldi_s12_shuffle,ArnoldiGCL + shuffled S1+S2,biosnap,cold_protein,1941488137,1,6845a196d809cb07fee4888cc59d379b6fe25b3ba4eb5507af2fc25a3f7a82d0,0.8610312517155181,2732,0.9025356049514175,0.7249780541448996,0.31291443699939364,0.3742790002136296,0.5563577431522003
arnoldi_s12_shuffle,ArnoldiGCL + shuffled S1+S2,biosnap,cold_protein,1941488137,2,f39fce42250d53c5ddc8895a8498a944872f43fd73a6f13a0a9fdd355bb652a5,0.7644249836040277,2521,0.8628971187479716,0.7492277561856053,0.3504284862116868,0.41525684404798524,0.4881809226249995
arnoldi_s12_shuffle,ArnoldiGCL + shuffled S1+S2,biosnap,cold_protein,1941488137,3,f358d9d2e2425b7e887892e4fe84f7af67f338032486c9b132b585223b8e3818,0.7390205613225683,2349,0.8924880993846511,0.6811613539524168,0.2363389059033636,0.2847579814624099,0.5697263042240925
arnoldi_s12_shuffle,ArnoldiGCL + shuffled S1+S2,biosnap,cold_protein,1941488137,4,5389109904b9618c65333360931fc52bdb7de0768f8973450380d4a88c7fc7c2,0.8126448301213275,2632,0.8979690522243714,0.761264721200839,0.39336361717031565,0.3873911240149316,0.2510214176569899
arnoldi_s12_shuffle,ArnoldiGCL + shuffled S1+S2,biosnap,cold_protein,4198936517,0,fc1aa75b9b0048814ec09add25cac8ade5a40e6a544a3caeb436ae39d1baa70f,0.7729682982107198,3097,0.901165350632577,0.8144877514867733,0.40310663425979315,0.4814415524410904,0.6758340050096379
arnoldi_s12_shuffle,ArnoldiGCL + shuffled S1+S2,biosnap,cold_protein,4198936517,1,db37bd811ed02491ea414044eaae7af593fb30c6d1b44fcfce78e2e99a64654e,0.7281831951530612,3019,0.8913246409105965,0.6981351078808488,0.27380736680894274,0.3042220936957779,0.6271964815299804
arnoldi_s12_shuffle,ArnoldiGCL + shuffled S1+S2,biosnap,cold_protein,4198936517,2,008d3a0994db69d5f54c4588ac93f4b42f976f4d22fbd4d859719ba070434feb,0.7922268031509486,2727,0.9203587025369203,0.7750058730356594,0.4146101257170831,0.4554365169819922,0.7390837681211837
arnoldi_s12_shuffle,ArnoldiGCL + shuffled S1+S2,biosnap,cold_protein,4198936517,3,2b4e4783de0d8059207c5a62c7dbf0be095bbdf34bc85fea34551d9ed48f64c4,0.7438958972094881,2534,0.9067589868694841,0.7382996301600522,0.3694825261351713,0.36810114271821054,0.5510337642774186
arnoldi_s12_shuffle,ArnoldiGCL + shuffled S1+S2,biosnap,cold_protein,4198936517,4,060b1660c869c9a5900c2bdf4a60648e17462fa3743731198ea2f6c924b2c98c,0.7913474610655098,2453,0.9142423007078531,0.7450807093454789,0.4170809168364389,0.4317288801571709,0.6040242137974255
arnoldi_s12_shuffle,ArnoldiGCL + shuffled S1+S2,biosnap,cold_protein,983997847,0,590177958a695186bda43d57061d2dd194cac2a926bfc568d7e9cbd20a0946d7,0.7605945264552618,2614,0.8795298045489324,0.7234649339762529,0.3362757683704847,0.37787356321839083,0.45432811231237563
arnoldi_s12_shuffle,ArnoldiGCL + shuffled S1+S2,biosnap,cold_protein,983997847,1,832f3a6629cf6f280cc79aecaad2047b5b96d712c30e3d0178757df16e2073f4,0.7328954418614522,3068,0.8713405238828967,0.743044282869474,0.32746042576581547,0.34706766917293236,0.5058082764197702
arnoldi_s12_shuffle,ArnoldiGCL + shuffled S1+S2,biosnap,cold_protein,983997847,2,220d15cc845679126f23b0d8e09c11a2944998d03393e7bdfaf23bdf7bbe6f7c,0.782106037377011,2953,0.9135855678354832,0.7392074490416456,0.35009708751124663,0.43464249748237666,0.6684046313860645
arnoldi_s12_shuffle,ArnoldiGCL + shuffled S1+S2,biosnap,cold_protein,983997847,3,c07811eaf01be5606d069d70d312ec46bd0136fb0cfcf0d26d09dad667c9c6cc,0.7771443460418194,2258,0.9032530799581286,0.7376057552675616,0.35656618998673373,0.4241552839683681,0.5188878858660998
arnoldi_s12_shuffle,ArnoldiGCL + shuffled S1+S2,biosnap,cold_protein,983997847,4,be3028af004ff4ad7fc880847e5721202254729b24a883654424bcb59362c142,0.7394830282195013,2937,0.896090630513511,0.7514343721847365,0.3862973671288927,0.3868493150684931,0.2932777789439236
arnoldi_s12_shuffle,ArnoldiGCL + shuffled S1+S2,biosnap,random,1941488137,0,ad307479fdfca1bc80726097c9633b89a766f0c052aa390ebf328171c21c20ea,0.9059007419663908,2766,0.9294682179714717,0.9119811754550793,0.6665070738052647,0.6165117941386705,0.8620074317471621
arnoldi_s12_shuffle,ArnoldiGCL + shuffled S1+S2,biosnap,random,1941488137,1,6fa5158ba6cde08eb257cca347f872d440be4063e1353c8862c0835e91c2b47b,0.9003588432649138,2766,0.9320975481496089,0.8932174741947071,0.6554080387812207,0.6122372372372372,0.8614753749680846
arnoldi_s12_shuffle,ArnoldiGCL + shuffled S1+S2,biosnap,random,1941488137,2,f6e10fabc28d032393e8f512d4983004ec310f38d62778b133b3b45cae5a2c2a,0.9055056424107858,2766,0.9380135410504175,0.9048729302045445,0.6683952789749193,0.6247512932749701,0.8834507917296397
arnoldi_s12_shuffle,ArnoldiGCL + shuffled S1+S2,biosnap,random,1941488137,3,fd50f36d14dadeb82fe6a6302b549c9776447b6a69cc2f8d76efcbb99005da9f,0.8964581650638144,2766,0.935877210280681,0.8942963479687497,0.6524986913501889,0.61722581910928,0.8824453869094584
arnoldi_s12_shuffle,ArnoldiGCL + shuffled S1+S2,biosnap,random,1941488137,4,0ae404c6a6a1746c2c9e5528b7d46caf69054bccd9adcc9e24b79ad0f3a511ae,0.8909050256859674,2766,0.9348254782094262,0.8849256008164422,0.6319613389772439,0.5937307928703135,0.9026752800974129
arnoldi_s12_shuffle,ArnoldiGCL + shuffled S1+S2,biosnap,random,4198936517,0,b82fb594ef9a76316622e40d5368109a2f777cd25ff2614256d5e003e1ebb9af,0.9037366869516594,2766,0.9375205416420167,0.8975132326792281,0.6683148493685785,0.6210882997807454,0.8988816131059437
arnoldi_s12_shuffle,ArnoldiGCL + shuffled S1+S2,biosnap,random,4198936517,1,d35151cd376427985bd2eb65c40c7eb5c48ac76a0c112b9972ccc80580a7ea3d,0.9013785565500033,2766,0.9374219417603366,0.9082575172963301,0.6693868805433068,0.6291390728476821,0.8925445937538802
arnoldi_s12_shuffle,ArnoldiGCL + shuffled S1+S2,biosnap,random,4198936517,2,d20f0a71685f63c6b28a247742b9eb647e68a8c5a18cca43d468f7e7f4aad191,0.8898009868905102,2766,0.9268388877933347,0.900470450240473,0.6502964955697093,0.6033499643620812,0.8628141906571715
arnoldi_s12_shuffle,ArnoldiGCL + shuffled S1+S2,biosnap,random,4198936517,3,83a851fa11ed8fad65087dacef6baaa027b1b9cc62c23a66cdc0dbe4373905fc,0.8937979670317093,2766,0.9357457437717741,0.9055394068246327,0.6694213760836567,0.6223681668920225,0.8899949630645857
arnoldi_s12_shuffle,ArnoldiGCL + shuffled S1+S2,biosnap,random,4198936517,4,926191e192e9d56dfe4651a1e860709623a292874976d39f7933f5519c3d0410,0.8985219941205131,2766,0.9336094130020377,0.8954542792895239,0.6380337955346576,0.5933977455716586,0.8913515379575834
arnoldi_s12_shuffle,ArnoldiGCL + shuffled S1+S2,biosnap,random,983997847,0,8ff5b20121f9b7c7e39c2f4ccfb4b1e8e6af52f307e5880ed1f4e1797346a11e,0.9010368399883588,2766,0.9295668178531519,0.9015941561853497,0.65612172677914,0.6122670526506242,0.8660924984984203
arnoldi_s12_shuffle,ArnoldiGCL + shuffled S1+S2,biosnap,random,983997847,1,1294db83319fed0aa355ff7e286011b66c0f93c8ba895073c9f0c24ea0d1e73e,0.9039523853124009,2766,0.9337737461381713,0.9057798340451584,0.6537257557731108,0.6134663341645885,0.8881905010710023
arnoldi_s12_shuffle,ArnoldiGCL + shuffled S1+S2,biosnap,random,983997847,2,8c6e31b42705db209a13a0b41afcc94f66e6ac0e6ca18b74f1da83e2d6100a90,0.9104241536383821,2766,0.9361730099257214,0.911099033873254,0.6838259306294764,0.6348251222264009,0.8762572403639961
arnoldi_s12_shuffle,ArnoldiGCL + shuffled S1+S2,biosnap,random,983997847,3,bce862cbfa862881cd04ec719d9e338a9213cc9c047924969597a45bd6381ca9,0.9100728314078395,2766,0.93518701110892,0.9063835064142681,0.6569403466230581,0.6118110236220472,0.8842763977916273
arnoldi_s12_shuffle,ArnoldiGCL + shuffled S1+S2,biosnap,random,983997847,4,2ecb245f9cc66272424e0757f73513e0fd93efc0cfda0846ffee8a367806357d,0.9040293124139578,2766,0.9359758101623611,0.8990082548704991,0.6434226595242695,0.6064646464646465,0.8551200878538497
arnoldi_s12_shuffle,ArnoldiGCL + shuffled S1+S2,human,cold_drug,1941488137,0,33abce320291ccdc6698b267d9556020a416233d3b3820b517bdcc91e9fc3299,0.8962948960302458,696,0.8975966562173459,0.880706665345488,0.48730938186914424,0.4235294117647059,0.39137492509737404
arnoldi_s12_shuffle,ArnoldiGCL + shuffled S1+S2,human,cold_drug,1941488137,1,ae8f7860896616a8f2771806c8c1248d8477c63dbd8ac7815914d7c646584319,0.9174938888298437,422,0.8998276604911676,0.8589224747871791,0.5377127803015301,0.5026737967914439,0.05088453678643866
arnoldi_s12_shuffle,ArnoldiGCL + shuffled S1+S2,human,cold_drug,1941488137,2,b68e45549745c30c1c42e85d37fb893d878dd47a80148d4be45e71d240a4a702,0.9308734418282548,538,0.914836093274755,0.8801550559002778,0.46704284695116355,0.40705882352941175,0.8578976469987059
arnoldi_s12_shuffle,ArnoldiGCL + shuffled S1+S2,human,cold_drug,1941488137,3,58a25f4b895a6d9e8f1a9cf30e14b44ae170cec34c2c4df93cc50a4dccf76988,0.9071990760959231,572,0.8676096630642085,0.8743361533571324,0.4644132463530097,0.4487094639311714,0.0009076491397748129
arnoldi_s12_shuffle,ArnoldiGCL + shuffled S1+S2,human,cold_drug,1941488137,4,f15ad55d17fac03e449c1c1fc6875fdb990fdf60fe1698200900740284a4d36b,0.9101943921884798,405,0.9162738496071829,0.8911324493217498,0.593954415344181,0.5478787878787879,0.39303361789820923
arnoldi_s12_shuffle,ArnoldiGCL + shuffled S1+S2,human,cold_drug,4198936517,0,53fc35f787d95aa4ccf5a31c279e4d558b641572e662659e34c2367a53e39656,0.9034977777777777,623,0.9051510287465344,0.7770267101917145,0.3716376037713631,0.358974358974359,0.5701310688665469
arnoldi_s12_shuffle,ArnoldiGCL + shuffled S1+S2,human,cold_drug,4198936517,1,1dd2fa861a65bf0fe7898c29c66848a63e8e312ffcf4edc693d33fd53789ab3f,0.8846738680417028,401,0.8934481976875992,0.9121429593099544,0.638472715687541,0.5472061657032755,0.1387382504793064
arnoldi_s12_shuffle,ArnoldiGCL + shuffled S1+S2,human,cold_drug,4198936517,2,d82dcbcf199a47ea672296109404c19bbedc9801ee61cc53cc69feed6560b615,0.8766032217821377,346,0.8633736205990541,0.8203719636472986,0.46610599957445903,0.3995381062355658,0.4607625477934537
arnoldi_s12_shuffle,ArnoldiGCL + shuffled S1+S2,human,cold_drug,4198936517,3,5a4997537612bc4fe41970e56cb749948ccb460568fff503b1357565f01446ac,0.9349827635736857,686,0.9068380598992843,0.8812319909221498,0.5010071305888822,0.4362469927826784,0.5501338899217246
arnoldi_s12_shuffle,ArnoldiGCL + shuffled S1+S2,human,cold_drug,4198936517,4,fc30f517aa0c44ac36286b6849bfb304bc065ca3c152d835f08baa678d5ca22e,0.9185712590482971,577,0.8990074050732629,0.90143333863977,0.5362420291394598,0.42716711349419123,0.25962119941842055
arnoldi_s12_shuffle,ArnoldiGCL + shuffled S1+S2,human,cold_drug,983997847,0,edeb4ffb82db75be19b3e81dcdc3e514cd377def69bbd6df03fbb940c8d1b681,0.9259663517633332,563,0.901501695462619,0.8799393631553875,0.46523863047239516,0.3912175648702595,0.7220053720800829
arnoldi_s12_shuffle,ArnoldiGCL + shuffled S1+S2,human,cold_drug,983997847,1,43dd5db9ff3a1acca1bbea81115f16ff2829c4c6ef5eaaa40226e592920df178,0.8940946930280956,626,0.8881789137380192,0.8930557115005767,0.49874333317701325,0.43215339233038347,0.36422546130745564
arnoldi_s12_shuffle,ArnoldiGCL + shuffled S1+S2,human,cold_drug,983997847,2,a72f61478b527b53fa14a200c243ddf2539dc918440f12da5fdde6ecaea58e65,0.9007466160403793,436,0.9032527105921602,0.8793472771652218,0.5867877815375199,0.532258064516129,0.0014539926427684412
arnoldi_s12_shuffle,ArnoldiGCL + shuffled S1+S2,human,cold_drug,983997847,3,26bae1a0955b735d7b18996531c3ef1fee75d5172f7afbf34500992918cf0f2e,0.9197341877299158,471,0.9075468056359776,0.8722801465914777,0.5510406939273299,0.49204665959703076,0.33446607058995376
arnoldi_s12_shuffle,ArnoldiGCL + shuffled S1+S2,human,cold_drug,983997847,4,0f58031fe12cc2de5150b5b2ccacebfd0a27eacae9ebcf51533c226483ca9f34,0.9173831264320647,537,0.9150160826138479,0.8928589758261116,0.4978675076641052,0.4080188679245283,0.8140720279249425
arnoldi_s12_shuffle,ArnoldiGCL + shuffled S1+S2,human,cold_pair,1941488137,0,bd8c67818f266d75d831f723c20013ef2773f8b572184a55088d978865aaee88,0.8051786208806424,149,0.8871262965222697,0.6438786541146795,0.19813233236965364,0.2857142857142857,0.4911496341228485
arnoldi_s12_shuffle,ArnoldiGCL + shuffled S1+S2,human,cold_pair,1941488137,1,de41199e4c62efaf511dd2137576a4bfd90a5caba0a24af7151c3e2ea0553713,0.61,72,0.5138888888888888,0.5686728395061729,0.13099968259210734,0.18259023354564755,4.137120777158998e-05
arnoldi_s12_shuffle,ArnoldiGCL + shuffled S1+S2,human,cold_pair,1941488137,2,3379df8c72138ebf749fa4110e8d3bd96e74a1e4fac40d7c974d8576f7c5e045,0.5275482093663912,135,0.3744107744107744,0.587045267489712,0.1054067528899867,0.188646288209607,0.4989364743232727
arnoldi_s12_shuffle,ArnoldiGCL + shuffled S1+S2,human,cold_pair,1941488137,3,8008f6f231278ae0fbb1547f4ba35df40452c1820b98845457baefe2fa83f3c5,0.5272846811308349,85,0.6352941176470588,0.7204152249134949,0.2118752152270767,0.2538293216630197,0.39208000898361206
arnoldi_s12_shuffle,ArnoldiGCL + shuffled S1+S2,human,cold_pair,1941488137,4,8b34dab23ebbaac711e38571121161f562d541af56098e2c8b87b7e581f85884,0.631358024691358,54,0.5117845117845118,0.6246227709190673,0.1535678216555431,0.18994413407821228,0.00048414411139674485
arnoldi_s12_shuffle,ArnoldiGCL + shuffled S1+S2,human,cold_pair,4198936517,0,c599300df5b2ef0e50f64754f47aba326dcc6a75a3d10b9702e2db478089d1f4,0.6615853658536586,152,0.881578947368421,0.6759911703601108,0.1626613108239239,0.1,0.6931437253952026
arnoldi_s12_shuffle,ArnoldiGCL + shuffled S1+S2,human,cold_pair,4198936517,1,6d3820abd87f7335237c574ad06a563bfe76a527f8622d23ed6706e61a02501e,0.6011904761904763,73,0.6301369863013698,0.6156126853068118,0.15452480718462647,0.2204724409448819,0.004778102971613407
arnoldi_s12_shuffle,ArnoldiGCL + shuffled S1+S2,human,cold_pair,4198936517,2,0a398b6e5968651e3f7732810ecdeb9c20ab8410e42ba1dea9b78b57b7f4b740,0.7569470699432892,59,0.8443759630200308,0.6273197357081298,0.1656891590966239,0.12173913043478261,0.09638848155736923
arnoldi_s12_shuffle,ArnoldiGCL + shuffled S1+S2,human,cold_pair,4198936517,3,17ae3f073110d144df44f48448f0b1769b825674b197aa22a58820e1d26a1419,0.6907500000000001,172,0.903276955602537,0.7172289075175771,0.2591763673218646,0.17937219730941703,0.6192193627357483
arnoldi_s12_shuffle,ArnoldiGCL + shuffled S1+S2,human,cold_pair,4198936517,4,5e4f89773931feec371bc5318cdb8d788c6407efb92cd88e675fc19b2bb40639,0.5352894528152261,120,0.678030303030303,0.6653402777777777,0.204148953460155,0.22018348623853212,0.5034219622612
arnoldi_s12_shuffle,ArnoldiGCL + shuffled S1+S2,human,cold_pair,983997847,0,0f03eb4162b879e7617fddc65d193722488f8264565ffd7c40b6a62a83df8fac,0.8168549905838042,92,0.83399209486166,0.6725956994328922,0.16133718780807688,0.24324324324324326,0.49127787351608276
arnoldi_s12_shuffle,ArnoldiGCL + shuffled S1+S2,human,cold_pair,983997847,1,ab3f176e26732a9405bf7aa8cf428370d2cba2de7f534e7de90b588c3082a051,0.5342789598108747,118,0.652542372881356,0.6200624820453893,0.2506144246232476,0.19607843137254902,0.4925803542137146
arnoldi_s12_shuffle,ArnoldiGCL + shuffled S1+S2,human,cold_pair,983997847,2,a45d9e52f747a1356f288e2e07ae425edd460014c17d6ea8d75f3dea09754d32,0.55859375,73,0.7422166874221668,0.6048320510414711,0.1842773121990116,0.21292775665399238,0.02697080746293068
arnoldi_s12_shuffle,ArnoldiGCL + shuffled S1+S2,human,cold_pair,983997847,3,0374dee88a8014ae6196dba73dc66a252067d6bea2c2be5adab49a27342da802,0.5985611510791367,139,0.6834532374100719,0.5635163811396926,0.10770421921207263,0.17406143344709898,0.24548237025737762
arnoldi_s12_shuffle,ArnoldiGCL + shuffled S1+S2,human,cold_pair,983997847,4,8b2b4d7f522a6296b722e4648052b41b54ab6f22944ae92675f84ff6ee26c967,0.5119586296056884,100,0.7736363636363637,0.63302,0.1252374586428922,0.1782178217821782,0.24688269197940826
arnoldi_s12_shuffle,ArnoldiGCL + shuffled S1+S2,human,cold_protein,1941488137,0,7cb69146150959e01230f6b5c7717ad44925427bbf9b6d06b05a6b5c6cd3a88f,0.7581972318339101,605,0.907137490608565,0.6742980670719214,0.37932631524041327,0.3782696177062374,0.8320621795686957
arnoldi_s12_shuffle,ArnoldiGCL + shuffled S1+S2,human,cold_protein,1941488137,1,c03a6a0be3b7940366b4d416b49c14232283356fd56d9862dcd17f80180bb081,0.8213011188271605,476,0.9255156608097784,0.7675927724030789,0.5199040268489998,0.5400943396226415,0.7223533573542554
arnoldi_s12_shuffle,ArnoldiGCL + shuffled S1+S2,human,cold_protein,1941488137,2,cb0f1a691beb4adc74b4b7287889c3513e426f8c77b95d8d2469955a14eb25d9,0.8283167573653593,688,0.9178118393234672,0.6715851473769605,0.4044750788064157,0.4064885496183206,0.43625233077431386
arnoldi_s12_shuffle,ArnoldiGCL + shuffled S1+S2,human,cold_protein,1941488137,3,e9a410074f5af92384c7ea7cbc604118a4bb751d05fbef40b158e06af77078ce,0.7332296905959457,448,0.6306818181818182,0.774984056122449,0.4065400649838492,0.28683385579937304,0.46352461404996376
arnoldi_s12_shuffle,ArnoldiGCL + shuffled S1+S2,human,cold_protein,1941488137,4,f27eb92e44ae906264399b45ad8e075aa5c13b614d3dfc215facb2599738bb9f,0.6888768307030713,416,0.590034965034965,0.7386224690273668,0.4182366570138355,0.25614591593973035,0.47870709656036065
arnoldi_s12_shuffle,ArnoldiGCL + shuffled S1+S2,human,cold_protein,4198936517,0,3593355e476aa732f041a4be078216cf682e8d170e22eccf705d6a3af57bd533,0.8375324318549495,666,0.9201474201474201,0.7322435047660272,0.4533657924220645,0.4588344125809436,0.8039687420407386
arnoldi_s12_shuffle,ArnoldiGCL + shuffled S1+S2,human,cold_protein,4198936517,1,2075c796adb0e2a27e7c390bb4d8033e4d271d1bc1dba505d080b6f64d17ff34,0.8492119481537472,452,0.91934835076428,0.8120247278565276,0.624003292865171,0.5636561479869423,0.35784671231491916
arnoldi_s12_shuffle,ArnoldiGCL + shuffled S1+S2,human,cold_protein,4198936517,2,d99e86b535bcb2a067d03dd88bfd76c86768bcbef42493693fa847c07710d053,0.7572781895530898,438,0.9250726442507264,0.7604079356143533,0.4842582476689122,0.45385779122541603,0.939332671851328
arnoldi_s12_shuffle,ArnoldiGCL + shuffled S1+S2,human,cold_protein,4198936517,3,87b03a37e5bd84e0d0a7a3ae7cc7077c7b7160aef7bdd2afb26e89064cab7330,0.8435379155124654,616,0.9110094451003542,0.7019567486085343,0.41940509035237317,0.41055718475073316,0.7647537511913743
arnoldi_s12_shuffle,ArnoldiGCL + shuffled S1+S2,human,cold_protein,4198936517,4,126935daee05969237fe55788ca0d3770e52af4a200050501cca7fa44e62a3d3,0.8165154463967544,461,0.9325576809307828,0.7400341613299393,0.5330761879023369,0.5365853658536586,0.6115466094996849
arnoldi_s12_shuffle,ArnoldiGCL + shuffled S1+S2,human,cold_protein,983997847,0,b975bda7bffa478f7ce84c3c04a6f2334e76849cc07bdb35f50840e6781a4828,0.8154220529393661,441,0.9313543599257885,0.7686509221980553,0.5447556607529529,0.5406896551724137,0.78710339707871
arnoldi_s12_shuffle,ArnoldiGCL + shuffled S1+S2,human,cold_protein,983997847,1,957c6eaabfcceb16e4218df5757fdbd002c080cf60c72b1f4f2a9388bc067b8e,0.8106559532505477,513,0.9234449760765551,0.7136509239310103,0.4973781417409059,0.5045871559633027,0.1649094929719623
arnoldi_s12_shuffle,ArnoldiGCL + shuffled S1+S2,human,cold_protein,983997847,2,905573cff79b426bf47d99a1b18ed055fff710b8b00740d56aa6ab87eb08a1c2,0.7604721768422269,463,0.9326526605144315,0.7974413278039268,0.5685875056294882,0.5739130434782609,0.776351886906036
arnoldi_s12_shuffle,ArnoldiGCL + shuffled S1+S2,human,cold_protein,983997847,3,40f3650964082375d0fb6e5e1019d8188002152ae847d74cc00bcd40bcab0264,0.7564171963792368,724,0.9084630838774486,0.7066210585757455,0.36063476814893713,0.3318056828597617,0.8309414742744134
arnoldi_s12_shuffle,ArnoldiGCL + shuffled S1+S2,human,cold_protein,983997847,4,e147190debc1ca6a45f9f658aec6ae9bf10f0a86236fb1b2e36ec955cc112690,0.7189282465092363,492,0.9085365853658537,0.7509999421640557,0.38594817107053125,0.35797665369649806,0.48106026113033296
arnoldi_s12_shuffle,ArnoldiGCL + shuffled S1+S2,human,random,1941488137,0,3ee649582c51d150475d3d256d55c6fff7157336dfa58397b759280f8a7dbc85,0.9240560634307406,527,0.9406589615318268,0.9147269460517269,0.7120254211970706,0.6401673640167364,0.9195248523803604
arnoldi_s12_shuffle,ArnoldiGCL + shuffled S1+S2,human,random,1941488137,1,1eb203df0bf0b5ae9a461841e4e43b8812f7685326bbff9593bb89cefc51caea,0.9284202960400709,527,0.9403139554942211,0.9372514213495888,0.7400465075803587,0.6647286821705426,0.940385224884504
arnoldi_s12_shuffle,ArnoldiGCL + shuffled S1+S2,human,random,1941488137,2,6c082337c0ebfc9cc8200f8b88b1979992d5518604da2d05d12c4f6c2bb7c2c1,0.9079355809617935,527,0.9447990339830947,0.9329493859121661,0.7458016018138425,0.6588486140724946,0.9667396088169046
arnoldi_s12_shuffle,ArnoldiGCL + shuffled S1+S2,human,random,1941488137,3,eb685a487de50970e62869aff74f9bc2208e4d2392b5b13388bec0d70e1129c2,0.9129511915725164,526,0.9374351883857587,0.9148831123769318,0.7038417459208698,0.6260330578512396,0.939310834669087
arnoldi_s12_shuffle,ArnoldiGCL + shuffled S1+S2,human,random,1941488137,4,0b79b831cb7ae126803958380cc5372817612cf9372ab369c224cb212271ef7d,0.909384335482132,526,0.94106463878327,0.9197028293021439,0.7114095410224691,0.6538071065989848,0.9471685837392937
arnoldi_s12_shuffle,ArnoldiGCL + shuffled S1+S2,human,random,4198936517,0,3bcfa52e669072e9cb6d9b139b85fc06064191c273108f303dd1a87d1a8a0b91,0.9174681610925182,527,0.945489046058306,0.9276564564737567,0.7252861103729444,0.658008658008658,0.9428859650272212
arnoldi_s12_shuffle,ArnoldiGCL + shuffled S1+S2,human,random,4198936517,1,c5a6c5aaab4d4e3bec9b95463f04984cbbed697217f645a8ea24bc4f0e9de784,0.926953572471418,527,0.9396239434190098,0.9259848629419326,0.7185593361485447,0.6541501976284585,0.9177532865576548
arnoldi_s12_shuffle,ArnoldiGCL + shuffled S1+S2,human,random,4198936517,2,4e5f39c804d2a94efa32f8fb58590ed9076f3bdd932dcf31fdcfd6fdac711963,0.9303587071269737,527,0.9358288770053476,0.9266234350751993,0.7055827222190271,0.628,0.9265229081454341
arnoldi_s12_shuffle,ArnoldiGCL + shuffled S1+S2,human,random,4198936517,3,e4db0b416220a414e748ec53e82eab3c5d1d6b0064e0b11e992230339346d754,0.9356595763796861,526,0.9393363290701694,0.9207320114502162,0.703081068193924,0.6332288401253918,0.9562485440136634
arnoldi_s12_shuffle,ArnoldiGCL + shuffled S1+S2,human,random,4198936517,4,1b65f2cfeb8dec15714fa96b172c9ae08f364abd5758434f3a52d7d83202e51d,0.9254104804474294,526,0.944175596266851,0.9242682776966562,0.7084877774485374,0.6423034330011074,0.9512285250506989
arnoldi_s12_shuffle,ArnoldiGCL + shuffled S1+S2,human,random,983997847,0,8e3728b3831b303054f4db65a05ddba96318f5fa1c553d996fb446a685671745,0.9241144628377619,527,0.9416939796446437,0.9286255666495037,0.705282661417559,0.6646825396825397,0.9380157818532969
arnoldi_s12_shuffle,ArnoldiGCL + shuffled S1+S2,human,random,983997847,1,74a1b53c2ca13a336af7697dcb71b812f573d3df1b21d19bce03e8461e06d5b0,0.8912872576986142,527,0.9420389856822494,0.9257423603584789,0.7365971148492403,0.6660039761431411,0.9145925820690309
arnoldi_s12_shuffle,ArnoldiGCL + shuffled S1+S2,human,random,983997847,2,ff952d55942ea478d13768a392518e50b7b12b8ef7ace19be68a264d64ccb8ad,0.9339839626243794,527,0.9427289977574608,0.9270461493038178,0.7189045936243237,0.6261261261261262,0.9720222721361135
arnoldi_s12_shuffle,ArnoldiGCL + shuffled S1+S2,human,random,983997847,3,791163edfbaac8b3d9568440051d03e70556061ba4a76c92e539462704d82ced,0.9342063295972687,526,0.94123746975458,0.9209942315199005,0.6814595599713832,0.6428571428571429,0.9493255076343068
arnoldi_s12_shuffle,ArnoldiGCL + shuffled S1+S2,human,random,983997847,4,aae19ac732a2aece44d67149029670a09036945210e85bb764eefc2e6c71a80c,0.930857348217695,526,0.9462495679225718,0.9264361563706285,0.7278126798721243,0.676378772112383,0.9477863573048206
arnoldi_s2,ArnoldiGCL + S2,bindingdb,cold_drug,1941488137,0,d3122cff3f09f0e7ffd06030d60d5e2eca915ec3d9ead8dd02edbd3283126894,0.970660685395022,4182,0.9828920481718186,0.9735142937976767,0.9237588068377443,0.8987781350482316,0.5075372391122601
arnoldi_s2,ArnoldiGCL + S2,bindingdb,cold_drug,1941488137,1,271362873bdfd8fae15456fd6c51cac9d2e8e081d8fbaf95bf8f87f4e97a44bf,0.9741016648687628,4280,0.9808623619371283,0.9640392365053717,0.9018555684799907,0.8858192877962235,0.168889961663173
arnoldi_s2,ArnoldiGCL + S2,bindingdb,cold_drug,1941488137,2,6fade7330d6d26b28f5faeff6b9ddbaaf1b6001f51b43b0e085de6362903a3fb,0.9801905313480377,4116,0.9829269370085697,0.9707511089955905,0.9171878484079984,0.899831540754179,0.6897779147918925
arnoldi_s2,ArnoldiGCL + S2,bindingdb,cold_drug,1941488137,3,bb13aff79788c532ba4be6faf227627a3fd9a0922917ed81c0c27e8b1e896e17,0.9728509232299815,4061,0.9825613932976651,0.968696441687317,0.9188475263209357,0.8973243706339792,0.1373412694506426
arnoldi_s2,ArnoldiGCL + S2,bindingdb,cold_drug,1941488137,4,c7ebc80f58f9cbb1d44a9197b733c0c17d684e5c756941826054ab573b76f457,0.9762731011855565,4035,0.9832150501295482,0.9733171981837976,0.9239593538482866,0.9020381328073636,0.4338760783084382
arnoldi_s2,ArnoldiGCL + S2,bindingdb,cold_drug,4198936517,0,f99b8da5ab42ba3a3a174619834df007af4996a7b09c0c44599b9192d2853fb2,0.9668418508165237,4084,0.9826373430682931,0.9694791090095266,0.9176528623069777,0.8974493820667894,0.5913546581055993
arnoldi_s2,ArnoldiGCL + S2,bindingdb,cold_drug,4198936517,1,af1dc944cf987f1e10275d3ad0c7073b6aef183cdfd1520f3a8905ecdd563efa,0.9673061304974115,4191,0.982364807704822,0.9736919183663896,0.9228157117152105,0.8963406859620043,0.694559817036543
arnoldi_s2,ArnoldiGCL + S2,bindingdb,cold_drug,4198936517,2,3ed3b0703aaae09b96234f544ce4f3d852b5973fdf99e944f8e86e8ff0842696,0.9756933154303964,4093,0.983697221420163,0.9721347770134741,0.9263240901280853,0.9052658750645328,0.07732707753777623
arnoldi_s2,ArnoldiGCL + S2,bindingdb,cold_drug,4198936517,3,2b423d98eadf4e955c204ac0c7d2cf1317801698510fe27edaa02dc1817607cc,0.978216766414915,4171,0.9807545607114055,0.958765050734194,0.8975446382697319,0.8850709358323572,0.7657569979396525
arnoldi_s2,ArnoldiGCL + S2,bindingdb,cold_drug,4198936517,4,c0d6c15b73d44b1e9e34d83f78ea6d8fde927a5b41c7fa3eec65dd204b3f1780,0.9688218550463572,4135,0.9832692096295482,0.971519312677193,0.921854063459681,0.9019961365099807,0.12405260362547467
arnoldi_s2,ArnoldiGCL + S2,bindingdb,cold_drug,983997847,0,caa30460df33a20c98ac7f63f64cccd6e9a80b8154201f05a46ca9b2cbfc1bfa,0.9716507601169659,4095,0.9804417804417804,0.9694042468181663,0.9163263544567717,0.884246485350151,0.2776511631559001
arnoldi_s2,ArnoldiGCL + S2,bindingdb,cold_drug,983997847,1,ae65eea815e50b920663d8c7fb5fe425d8ce49ff9f7ea44fc38c5d61edca2fc0,0.9592045985355384,4095,0.9822621822621823,0.9669142272732016,0.9122635661699237,0.8946605141727093,0.37875162708022464
arnoldi_s2,ArnoldiGCL + S2,bindingdb,cold_drug,983997847,2,530d0d9ee08f5eff47c8e7cd28570f7bdbae4a81314d4db83c4016e816c87dcd,0.9683890672723,4149,0.9821643769583032,0.9663951118033303,0.9102508547575268,0.8942582488958171,0.19636099937844181
arnoldi_s2,ArnoldiGCL + S2,bindingdb,cold_drug,983997847,3,7b34a851f2b0deb3f060c6d82b3f07b4d7445a21502d5e1379f27e3441d33311,0.969443416466075,4189,0.9819223507454589,0.9716221240353663,0.914735211322556,0.8935191103157356,0.0741120619520806
arnoldi_s2,ArnoldiGCL + S2,bindingdb,cold_drug,983997847,4,a09e124b606033d05e2869d1398ae3af7c00f8029d69e95dcfc4a56497f40ed6,0.9739246076591229,4146,0.9817787133271938,0.9703407133826618,0.9173712038705192,0.8932562620423892,0.23413971930334013
arnoldi_s2,ArnoldiGCL + S2,bindingdb,cold_pair,1941488137,0,2b4cfc3bb4039bbe25bf713ec37108d8cd7099263d4163e97de30bbe11e8916c,0.5892695105908883,876,0.5478414279784143,0.5909609500427431,0.12506384699245862,0.1902992008920275,8.71292854282903e-05
arnoldi_s2,ArnoldiGCL + S2,bindingdb,cold_pair,1941488137,1,5ecd70455c0eaf43ddb52714a848e8038eed447795919cb02a36dc75e7d002e6,0.5350791999075037,719,0.4712353015551903,0.6156038850126024,0.1494236473979001,0.19110251450676982,3.499481790640861e-05
arnoldi_s2,ArnoldiGCL + S2,bindingdb,cold_pair,1941488137,2,498c1745279d8458ec7ac82f9c192b80b2d6514f22cd4804005f82496da59376,0.6416160098353937,685,0.8049104180491041,0.601014864936864,0.1496918744921698,0.19141914191419143,0.011643084314690053
arnoldi_s2,ArnoldiGCL + S2,bindingdb,cold_pair,1941488137,3,43e02e384720b83176d3f006a506fdf82e19e213eac9656a0249835c8f1b0221,0.5821301984877126,1166,0.6598315920785903,0.5939271718119739,0.15358210806999276,0.19367954167436702,0.0003583955765089454
arnoldi_s2,ArnoldiGCL + S2,bindingdb,cold_pair,1941488137,4,b79488fb07b6204668a5d205427de2a4d6a388125d3a689c76e691a7e1078a0c,0.6143575674439872,747,0.8197639041012535,0.6085016549912277,0.15595974646804284,0.1893814997263273,0.003278975500980369
arnoldi_s2,ArnoldiGCL + S2,bindingdb,cold_pair,4198936517,0,623e3f2499dd11866908cefe7fe7e7abe7c21170e81c11241d5b048682e96432,0.6263228814970704,1037,0.7667221881300955,0.5893510041669417,0.10755005021307174,0.17895711200246836,0.06490787104180419
arnoldi_s2,ArnoldiGCL + S2,bindingdb,cold_pair,4198936517,1,5e8664cd3b0a95abf0f6b0d15ce4771e4f24c5969a60edec42f76bebdf870ed6,0.706426592797784,742,0.6500857632933105,0.5708709614141134,0.12669432217113447,0.1774193548387097,0.0012535076182054942
arnoldi_s2,ArnoldiGCL + S2,bindingdb,cold_pair,4198936517,2,f138fd2b71c3a54018d0937acabffe0ea4ac8598e60bb0b122469f6e7b60a27b,0.6015244726879394,943,0.692663646004049,0.5880024042759677,0.14324262804651644,0.19697732997481107,0.001014353865103745
arnoldi_s2,ArnoldiGCL + S2,bindingdb,cold_pair,4198936517,3,3894e7ee00e5ffe62c846a7ab1197097de5b9db34c79da92c0981897c6953231,0.5922996432818074,655,0.8574600971547537,0.6760025639531496,0.19770313854879834,0.26274228284278534,0.004819044380461518
arnoldi_s2,ArnoldiGCL + S2,bindingdb,cold_pair,4198936517,4,3d88c52c58071efde8e1fae42ed5be4d4d3354b23c80f64b663bc7d5806a8fc2,0.5985513807152557,723,0.7206085753803596,0.5992862458367528,0.15044294244054132,0.19783393501805055,0.0008168953653003981
arnoldi_s2,ArnoldiGCL + S2,bindingdb,cold_pair,983997847,0,a1543616e83727949e58fe0c4fc7e23733d1725603632dfd593a38e9d4314a38,0.5885733333333333,1058,0.7088846880907372,0.6025382270646545,0.1459699708890148,0.19639468690702086,0.03523359704915792
arnoldi_s2,ArnoldiGCL + S2,bindingdb,cold_pair,983997847,1,44c0d6816c76aa3a2113b5e5b49b5baa57093baa92b9170f41621f144578efbc,0.6494580073522481,874,0.8087164551695444,0.5785150338536622,0.11949387525431199,0.16900135562584725,0.01722791345866575
arnoldi_s2,ArnoldiGCL + S2,bindingdb,cold_pair,983997847,2,b3cf07d59bdc3e1f2b3148b95d02e95198c5ddf26efd2fe0a722234d1129296a,0.6269619364488264,732,0.5286885245901639,0.626094762459315,0.15395432842782963,0.20155691142436355,0.0003378542434752679
arnoldi_s2,ArnoldiGCL + S2,bindingdb,cold_pair,983997847,3,cb3eb24cc3f35d3248ba1e807c2bc1e8ba6180a8b79931b4372d487d74d59b8c,0.612343912591051,691,0.8123931061702407,0.6219868434555511,0.1566286880439043,0.2156215621562156,0.012778064905448932
arnoldi_s2,ArnoldiGCL + S2,bindingdb,cold_pair,983997847,4,b1ee7b4942b8c6aa621a1b8d5b9dd55945af4aae50932fc4fc5366d293b027b6,0.6090036014405763,771,0.8266713830916166,0.5987699367977646,0.13481388150505608,0.19230769230769232,0.002670864493598879
arnoldi_s2,ArnoldiGCL + S2,bindingdb,cold_protein,1941488137,0,b8f4b00318dc9ff3a71214100e4aa6df2e9f73a506a45512b1452972c20df9a5,0.5573274977603612,4204,0.6653403684802353,0.6596534546184549,0.2820708895697142,0.2252703243892671,0.0013323908904088943
arnoldi_s2,ArnoldiGCL + S2,bindingdb,cold_protein,1941488137,1,6324786832b507b8d88ac5af97a996d64cf4221232f8a2c04500f4f96dfda2e5,0.673714108325665,3581,0.9109187377827422,0.6362384403209063,0.2757013007262427,0.2675850553120434,0.45401687241172
arnoldi_s2,ArnoldiGCL + S2,bindingdb,cold_protein,1941488137,2,18a6cc162f1fa8d7979557f3103d6589ad6c76101e9d4b05edbc3508c39d7449,0.7864209099813495,3319,0.9111178065682435,0.6730512172513546,0.27581540008122696,0.2579464898239195,0.24815548131727166
arnoldi_s2,ArnoldiGCL + S2,bindingdb,cold_protein,1941488137,3,d8a62a5b9d02c5fdecaf03b3e4205a1fd809acb1a39813a2983042d6e71103a7,0.6090845223389583,5585,0.3350695857410271,0.5359386674083045,0.2115467417391672,0.16012171553106624,3.2384059202068125e-06
arnoldi_s2,ArnoldiGCL + S2,bindingdb,cold_protein,1941488137,4,6f23544a9a5ff66b69f436861c5b792732177ec1bed1d2b13661542bac6e24ff,0.7039446346038843,3985,0.9002623474392608,0.6396704454754262,0.27111826105561954,0.2597358618354216,0.3255155507179156
arnoldi_s2,ArnoldiGCL + S2,bindingdb,cold_protein,4198936517,0,22e974af8b2c809bdefdffe3e21f5cd4dca5166faa3d99cf8e431c989fe973ec,0.724738055037377,5398,0.893058034962444,0.584368805854981,0.2380632572776048,0.22692963233503774,0.24199427350743116
arnoldi_s2,ArnoldiGCL + S2,bindingdb,cold_protein,4198936517,1,7de9c60893654c75d6754628b7974dd61c3826b3a821f9d60b154eb8dce8beb7,0.6201627790741111,3710,0.8843910806174957,0.6300952368843586,0.27021556466251684,0.2558359621451104,0.014707359206952056
arnoldi_s2,ArnoldiGCL + S2,bindingdb,cold_protein,4198936517,2,a1b2551830003e141ac4c3d8c0b31d0bf510c9258df9358bc6e3050d3e4a2ad1,0.6636445892867182,4675,0.8985707340787554,0.6208271737824931,0.2377733264586579,0.2137473620741634,0.25364723360701785
arnoldi_s2,ArnoldiGCL + S2,bindingdb,cold_protein,4198936517,3,54e27bd08e4aef100ce01bad8ce9e207fa9a2710a2c83e4014f33c0e5ca75c50,0.5611644335024362,3397,0.9032836459978055,0.6509431515400564,0.297546040033669,0.2780663204155014,0.44260782166702806
arnoldi_s2,ArnoldiGCL + S2,bindingdb,cold_protein,4198936517,4,0daede7857fabe586f0f52f24e384964600ef55eaaa7afdc863972f69e5aa1ee,0.48548247115822396,3494,0.15603372014362282,0.6179202289377259,0.20606190477059022,0.17637051519691238,0.003879392022994181
arnoldi_s2,ArnoldiGCL + S2,bindingdb,cold_protein,983997847,0,a5feacf2df5d6831b820604ee4902c21b8ee04ab2881d4c6d5d7c3b487a651d3,0.7376102073236944,5465,0.7347750145554354,0.5653706084381269,0.19984753294344204,0.18050986842105263,0.03637637555599213
arnoldi_s2,ArnoldiGCL + S2,bindingdb,cold_protein,983997847,1,0f751e4977a964aa5d45f5e60f178b601671b9f0c0c50246a40f80b5ea0bea35,0.6230597609561753,4229,0.8729336400180572,0.5607358429598107,0.1760610350014565,0.17340232135365682,0.17339113789061966
arnoldi_s2,ArnoldiGCL + S2,bindingdb,cold_protein,983997847,2,97af94b0063094defb869e774b6c443798a524b786f6404e94fa204ec20371a1,0.6796485031735068,3754,0.9088003099723931,0.6595536134214784,0.2755313460896178,0.2557312252964427,0.5114762521769884
arnoldi_s2,ArnoldiGCL + S2,bindingdb,cold_protein,983997847,3,998506e928ef1e0c00d67e1ebc691c0912c556c62ce64b142e76df88d3301536,0.459066447392641,3428,0.11069269120611011,0.6375363835678175,0.19608503160927943,0.1665672532060841,4.5806898484841755e-06
arnoldi_s2,ArnoldiGCL + S2,bindingdb,cold_protein,983997847,4,265ebe6c7813d7d91f031416042ef8a1914cf0307163f2e590e14d3be8496eaa,0.6268017083809435,3798,0.8862080520848293,0.5884890325026253,0.18972008404838198,0.1856800274066461,0.1895987355749899
arnoldi_s2,ArnoldiGCL + S2,bindingdb,random,1941488137,0,b9f98ff3affb86a1ce4b9c5e5472552e0a3af3744fa4dc64867fb8ca8a7429c5,0.978771736539904,4135,0.9844783994723535,0.9797805941844842,0.9397428924514599,0.9111055149836313,0.9050502081031668
arnoldi_s2,ArnoldiGCL + S2,bindingdb,random,1941488137,1,df7fca01d0b5a54dcc2c252649e73083ec1e03258bb2ba439dac4818d4116d32,0.9821241861362802,4135,0.9845663405518302,0.9796929388869312,0.9396336876395899,0.9109363105810708,0.9410429079565282
arnoldi_s2,ArnoldiGCL + S2,bindingdb,random,1941488137,2,e37319a5252456b0cc89339cc40f83f8ec8d2f500338ef847eb2394b202c8a1c,0.9813200273712623,4135,0.9853138397273826,0.9819100608396485,0.9438332491817504,0.9162277401555053,0.9251770692002285
arnoldi_s2,ArnoldiGCL + S2,bindingdb,random,1941488137,3,95055dd9f725f176b4a64f81e2a0e31b3e2c38f4ab090b7d7294df43883af058,0.9797075975722627,4135,0.9844783994723535,0.9784452187288446,0.9393032379379544,0.910132382892057,0.9401660791815144
arnoldi_s2,ArnoldiGCL + S2,bindingdb,random,1941488137,4,bc251326e2f97ec272acb637b42fda0727940e6e0898341d9a1cc3254c6c327b,0.9796787020290119,4134,0.9843646919118617,0.9821653080909044,0.9427170666320923,0.9104421211739514,0.9397676378896794
arnoldi_s2,ArnoldiGCL + S2,bindingdb,random,4198936517,0,e19bb407247a1c3f9a14d3d79cb8a3d6a8146026a241c41e590d6d6d17e2d3b7,0.9800760385946494,4135,0.9846103110915686,0.9805303942368286,0.942267303008838,0.9110772357723578,0.9204130431642269
arnoldi_s2,ArnoldiGCL + S2,bindingdb,random,4198936517,1,95cdd6a9a549c0f479bbeda625fb14b4b7422a760aa633756e0585d4b7a1f46b,0.9811175026939931,4135,0.9848081785203914,0.9801107512621926,0.9410756768832967,0.9124984171204255,0.9207095410317593
arnoldi_s2,ArnoldiGCL + S2,bindingdb,random,4198936517,2,eebf7de3343762db7f3b4472b0332993b822fe13571c34630f8b932c3b6554d3,0.9759767278474812,4135,0.9840167088051006,0.9760114310111139,0.9310388101886546,0.9074239144276073,0.9375302470301928
arnoldi_s2,ArnoldiGCL + S2,bindingdb,random,4198936517,3,0705f193b18c75afb116332bc4434d9d915e73660944c5a068ffa67401f3f12b,0.9780531495228305,4135,0.9833351654391558,0.9788140815786434,0.9341438542556703,0.9033409844427442,0.9243514050767849
arnoldi_s2,ArnoldiGCL + S2,bindingdb,random,4198936517,4,0f34655d6654128ba545e6b71007cf13a0096db925a2eca3b4d7ff413699a623,0.9797920178848976,4134,0.9839248801512952,0.9784272177178222,0.9356411731540754,0.9084074677358727,0.9022520085720174
arnoldi_s2,ArnoldiGCL + S2,bindingdb,random,983997847,0,50221d3d5a60a5f8305cd6466d4a636bf326cb35a8869f82e4274a1122350a14,0.9820178702760083,4135,0.9850939870286908,0.9811325620057053,0.9435698006921067,0.9138938277876556,0.9475910784038782
arnoldi_s2,ArnoldiGCL + S2,bindingdb,random,983997847,1,ca7853b850250bd472514b6099f39ed64f5af5c79271809d93cd00db9eb88d59,0.9764840356235808,4135,0.9834450917885017,0.977963168691487,0.9325935131613557,0.9041618938526155,0.9247351197755502
arnoldi_s2,ArnoldiGCL + S2,bindingdb,random,983997847,2,869a929e679ec92faf0964819aa84b6417cbbde21ead1497154a3892b41c1055,0.9778932096752733,4135,0.9843684731230076,0.9775165784752511,0.9387397527989699,0.9085059837858706,0.9600542856732459
arnoldi_s2,ArnoldiGCL + S2,bindingdb,random,983997847,3,0e34704dcc33f0c5c9228868f6d64cca9fa5b9d85a2e751d618cd9213aabcf4c,0.9792657022878105,4135,0.9858634714741124,0.9800392906281209,0.9413263850193108,0.9194336549304598,0.9188527026813332
arnoldi_s2,ArnoldiGCL + S2,bindingdb,random,983997847,4,f0040bedf05f81f4adef9fcf43325837a5e5af196f2e5cb5be7e93b9224a3eb6,0.983377843314145,4134,0.9843427013238334,0.9805246748441014,0.9399800403690963,0.9096446700507614,0.9381626138131913
arnoldi_s2,ArnoldiGCL + S2,biosnap,cold_drug,1941488137,0,0dde78d724b699a171b9e73ce8da6eed90afbb0e81889dba066c152277a6831a,0.9149388399334983,2947,0.9491007804546997,0.8978941217935824,0.7169349589112202,0.6680080482897385,0.6949308003791389
arnoldi_s2,ArnoldiGCL + S2,biosnap,cold_drug,1941488137,1,05c1111bb5eaeec4581c48562a2d93fdad2397fb306560bc5c63ed2285481684,0.9207412382831388,2789,0.9481078262003325,0.9047215273957606,0.7310471490018615,0.6799356654603941,0.65786415599797
arnoldi_s2,ArnoldiGCL + S2,biosnap,cold_drug,1941488137,2,8d7becc9ec965fae3cad75020e65aae6611a1463eb00b269d8a65490c505b6e2,0.911552809334476,2704,0.947384346422808,0.8964316028084627,0.7055571285599742,0.6744331183690452,0.6311544279529626
arnoldi_s2,ArnoldiGCL + S2,biosnap,cold_drug,1941488137,3,b69c25480603ce368168d2027d0440423f86dd2866e16d0ed5bac620472b87af,0.8795539587862382,2578,0.9473164539107131,0.8981844496699108,0.7036812828242185,0.6589041095890411,0.7106311066509935
arnoldi_s2,ArnoldiGCL + S2,biosnap,cold_drug,1941488137,4,c0fddbd8642abf6c3cf66942cdb56947649f142191b46a8425f429f532262ac6,0.8975943080352902,2812,0.9456873141083667,0.8910910098258025,0.6990896701823583,0.6577017114914425,0.8147145064889567
arnoldi_s2,ArnoldiGCL + S2,biosnap,cold_drug,4198936517,0,5c219cc120686c883e7bf755698024447f43c50ba720467e8ea0c62d10c59c56,0.9109151588876291,2636,0.9453028003862601,0.8954687028674982,0.7246659108816333,0.6810136765888978,0.39986340176569335
arnoldi_s2,ArnoldiGCL + S2,biosnap,cold_drug,4198936517,1,3d6c3d07b85c2cc2d5be78939c078813b2caccd1365475fd07f9320e7ab8e035,0.9120593057057869,2980,0.9467358145210494,0.8974490450880592,0.7171875363937528,0.6811541271000731,0.6939602739843601
arnoldi_s2,ArnoldiGCL + S2,biosnap,cold_drug,4198936517,2,8c83f85e76b7e1295bbdc5eeda9af96b06b5bebcc45111d68752138c42d35ae4,0.9243914926232609,2774,0.9433374844333748,0.8923520183556344,0.6802675707792833,0.6523225417253167,0.4676257206152561
arnoldi_s2,ArnoldiGCL + S2,biosnap,cold_drug,4198936517,3,f9c6e915b8e319425e68b7ed11852de6369777cb1df242e8acaaf7516c487593,0.8977677949264046,2696,0.9496560561100621,0.8967323485612272,0.714422428852066,0.6759279357499457,0.7661641368310746
arnoldi_s2,ArnoldiGCL + S2,biosnap,cold_drug,4198936517,4,8c25f08c33d9218824f51c83c6e15f1b38436e4c883a76888389a856c3727acb,0.9053282546204442,2744,0.9444738934534853,0.8854929374134077,0.6930011292611178,0.6571194762684124,0.5257226868851546
arnoldi_s2,ArnoldiGCL + S2,biosnap,cold_drug,983997847,0,7073e1468209ad34718675fe4cde1f700224fc93c70c42e428ab87870680b0a4,0.8873349528621347,2804,0.9461159382700038,0.9011746770967093,0.7094047154021238,0.6594262295081967,0.4431923357591237
arnoldi_s2,ArnoldiGCL + S2,biosnap,cold_drug,983997847,1,b09953fd4d7f62ee241de6a0743dee295aedf4f2c788ab85ac3d61b3d4534be6,0.8800339824081514,2695,0.9449148254343059,0.8859779361904991,0.6924356659239661,0.6490436277670321,0.45705503994471414
arnoldi_s2,ArnoldiGCL + S2,biosnap,cold_drug,983997847,2,e03a947319a7ce0a30a9acde4d445c946a156102ab02ceeb9e0082a1c7577c02,0.9104055623402119,2817,0.946267789718269,0.8938823618809124,0.7007852300937365,0.6627506582945109,0.6918011093466252
arnoldi_s2,ArnoldiGCL + S2,biosnap,cold_drug,983997847,3,b2d432a7a3f9058c024f5f2578182a059bf5778bbcadeb61784cabe54ba6f18c,0.9136300122972082,2922,0.9485719619189845,0.9002722566327527,0.7185616109631658,0.6729970326409496,0.6882296541292379
arnoldi_s2,ArnoldiGCL + S2,biosnap,cold_drug,983997847,4,4662f7f454bfe52811ed009d8fdf5609c6f3c1f4ef1c5a40cf74dc10cf553ded,0.8647237870354755,2592,0.9471450617283951,0.8916967479471498,0.7163881006960102,0.6791569086651054,0.3297437345818302
arnoldi_s2,ArnoldiGCL + S2,biosnap,cold_pair,1941488137,0,81ff1cf1289174f7f6901b238f8274214b99ccf0b30871c1e9fb9c54824eaa64,0.6960433152852978,736,0.9137845849802372,0.7645053683246692,0.3351123158685266,0.3734290843806104,0.4285643070813728
arnoldi_s2,ArnoldiGCL + S2,biosnap,cold_pair,1941488137,1,eabf504c52c58bec765481fe1a8d067deb9776838063c0dd93aba9f9ca6a4f01,0.713116455078125,536,0.89280868385346,0.7022624749387391,0.30224631189520945,0.31004366812227074,0.3180914652061789
arnoldi_s2,ArnoldiGCL + S2,biosnap,cold_pair,1941488137,2,71e439ff03789bdbb390dc0982ac35cf36ec23da8658bdc6f1c9507745b8db2c,0.7285300925925926,530,0.8919382504288165,0.7011630473478107,0.20574702349767843,0.1732283464566929,0.37659817477203406
arnoldi_s2,ArnoldiGCL + S2,biosnap,cold_pair,1941488137,3,a2fec1a3c34444adeaee1cbd3ef8a0559776fb58b5a9dd7b001bf0798e165db1,0.7991732921957202,448,0.9084821428571429,0.642685247927296,0.20124690384044233,0.11741682974559686,0.5069049527873732
arnoldi_s2,ArnoldiGCL + S2,biosnap,cold_pair,1941488137,4,2d243d87e3fd1623d5b3ffa784324892aff86c3e2b7e6290683beb57d2989f5f,0.709117128665278,567,0.9124579124579124,0.7207014858984289,0.33293378390800965,0.32923832923832924,0.30113676628021346
arnoldi_s2,ArnoldiGCL + S2,biosnap,cold_pair,4198936517,0,d53948b107e6707f76abc6bf9e2514eb15982fc444fe80edcf89039c411d2277,0.6677136596055515,580,0.9072100313479624,0.704677764565993,0.26838742815431915,0.225130890052356,0.2645880972073503
arnoldi_s2,ArnoldiGCL + S2,biosnap,cold_pair,4198936517,1,8bff8961308d7d7b0f11d6d7c62d411933414e2e6c9595b8e07a666c48d87f8f,0.7033553875236296,685,0.8613138686131386,0.6404578826788854,0.24622691832397567,0.26460239268121044,0.2539932159732466
arnoldi_s2,ArnoldiGCL + S2,biosnap,cold_pair,4198936517,2,b06c142765e46d6b37f51c4a3b5e4e7e891c7f7d5174fb2d2222a0e978f374d4,0.6155744271751321,561,0.712688381137579,0.7276408310853104,0.3723151757698666,0.2778004073319756,0.23071359366586763
arnoldi_s2,ArnoldiGCL + S2,biosnap,cold_pair,4198936517,3,90617ac60f1398f5f2afa657254153ae236a96395e763562096e6ea10484c2ec,0.605971726780288,486,0.7719790497568275,0.644294992294535,0.22510486360774198,0.23573667711598745,0.502758460110181
arnoldi_s2,ArnoldiGCL + S2,biosnap,cold_pair,4198936517,4,31c262bcb54487b7291c0f669411fd1ee4e817ab0fde336d5dc0811140ecd8b9,0.6675266272189349,495,0.8139577594123049,0.6321244770941741,0.24647709827147204,0.26219956300072833,0.48924470451596663
arnoldi_s2,ArnoldiGCL + S2,biosnap,cold_pair,983997847,0,be2fa14682ea8a906e1802a152fe451a9cfa1250c630bcae12bca002a7e4c105,0.7156879871002418,542,0.8950016772895002,0.7137242820767691,0.33500420503477174,0.35196687370600416,0.2775530910410293
arnoldi_s2,ArnoldiGCL + S2,biosnap,cold_pair,983997847,1,fdb70f98b9e463558151fd73d60c71913bd135cf0ce599a478c803de17e9da06,0.6778529163144549,564,0.877337201805287,0.7034637342186006,0.3143777843218591,0.30881017257039056,0.31682945808319196
arnoldi_s2,ArnoldiGCL + S2,biosnap,cold_pair,983997847,2,60f2b6d3b2a8cf0e94118477302b68562aa9163fef1a739ab2ee91f9a9ecc305,0.709683161267355,633,0.7557087462300732,0.6906401223891847,0.24860719336051276,0.2715203426124197,0.3148912329706427
arnoldi_s2,ArnoldiGCL + S2,biosnap,cold_pair,983997847,3,58a094f9e8b563676173b717dbdfaf332a78a9bec18a7880fae9290d9c6c7f60,0.7567056646176218,465,0.8774193548387097,0.707364782055729,0.29393165775260727,0.30718232044198895,0.3613253072516558
arnoldi_s2,ArnoldiGCL + S2,biosnap,cold_pair,983997847,4,c84d88de123bbd2f315b943f35ec392b0da31f3f67825c3d6b9a97568dc17108,0.6440612244897959,590,0.8459167950693375,0.6936966388968687,0.28846402187260184,0.2967651195499297,0.32419545227534147
arnoldi_s2,ArnoldiGCL + S2,biosnap,cold_protein,1941488137,0,766482f3df920b6196c8c65f02aec9f1e1e1665d35dd7f78a5042a0d576940bc,0.8038002754820938,3596,0.9079532814238043,0.8428675037212278,0.6143741148984206,0.5441342181044196,0.3547830351329829
arnoldi_s2,ArnoldiGCL + S2,biosnap,cold_protein,1941488137,1,6845a196d809cb07fee4888cc59d379b6fe25b3ba4eb5507af2fc25a3f7a82d0,0.9104271948149963,2732,0.9367097031811527,0.8456003115829098,0.6001545716925527,0.5718144979738856,0.49914841129355236
arnoldi_s2,ArnoldiGCL + S2,biosnap,cold_protein,1941488137,2,f39fce42250d53c5ddc8895a8498a944872f43fd73a6f13a0a9fdd355bb652a5,0.8086606998186798,2521,0.9233348959648048,0.7833665751912416,0.5456376354941961,0.5394280762564991,0.4480847459623259
arnoldi_s2,ArnoldiGCL + S2,biosnap,cold_protein,1941488137,3,f358d9d2e2425b7e887892e4fe84f7af67f338032486c9b132b585223b8e3818,0.7842347097270281,2349,0.9306474708773559,0.727598421907568,0.46615323507352635,0.44034978138663333,0.4604290892979873
arnoldi_s2,ArnoldiGCL + S2,biosnap,cold_protein,1941488137,4,5389109904b9618c65333360931fc52bdb7de0768f8973450380d4a88c7fc7c2,0.8512588615261105,2632,0.9355484940591323,0.8344313196362746,0.6003348020497687,0.5682554372975475,0.4278488294719017
arnoldi_s2,ArnoldiGCL + S2,biosnap,cold_protein,4198936517,0,fc1aa75b9b0048814ec09add25cac8ade5a40e6a544a3caeb436ae39d1baa70f,0.8105037194810901,3097,0.9397070478762438,0.8574803243193988,0.6470304681743635,0.6105422828972317,0.44191228931080806
arnoldi_s2,ArnoldiGCL + S2,biosnap,cold_protein,4198936517,1,db37bd811ed02491ea414044eaae7af593fb30c6d1b44fcfce78e2e99a64654e,0.8023028539540817,3019,0.9387515432563461,0.8088418047079767,0.5775145005399899,0.5735849056603773,0.502499227189038
arnoldi_s2,ArnoldiGCL + S2,biosnap,cold_protein,4198936517,2,008d3a0994db69d5f54c4588ac93f4b42f976f4d22fbd4d859719ba070434feb,0.8479635412861909,2727,0.9452611927859452,0.8291717748965949,0.5932665735186141,0.5987292277614858,0.497138438853499
arnoldi_s2,ArnoldiGCL + S2,biosnap,cold_protein,4198936517,3,2b4e4783de0d8059207c5a62c7dbf0be095bbdf34bc85fea34551d9ed48f64c4,0.7654807878558377,2534,0.9175934562674894,0.7844316428381432,0.47138938100772976,0.4479692381639029,0.49895963991341524
arnoldi_s2,ArnoldiGCL + S2,biosnap,cold_protein,4198936517,4,060b1660c869c9a5900c2bdf4a60648e17462fa3743731198ea2f6c924b2c98c,0.8035179925720171,2453,0.9368491272282549,0.7941670964063239,0.5319450489337645,0.5318681318681319,0.5000650384981339
arnoldi_s2,ArnoldiGCL + S2,biosnap,cold_protein,983997847,0,590177958a695186bda43d57061d2dd194cac2a926bfc568d7e9cbd20a0946d7,0.8249991182090597,2614,0.9291924601794533,0.7969630378826507,0.5467683287707373,0.5304428044280443,0.5022407631841425
arnoldi_s2,ArnoldiGCL + S2,biosnap,cold_protein,983997847,1,832f3a6629cf6f280cc79aecaad2047b5b96d712c30e3d0178757df16e2073f4,0.7970031180702184,3068,0.937862984473154,0.8099388969537081,0.5411488152764665,0.5361645653616457,0.5004538137373858
arnoldi_s2,ArnoldiGCL + S2,biosnap,cold_protein,983997847,2,220d15cc845679126f23b0d8e09c11a2944998d03393e7bdfaf23bdf7bbe6f7c,0.8160697083195871,2953,0.9331342548409938,0.7965437066932685,0.5417816949800942,0.5132227700582699,0.44330998484402484
arnoldi_s2,ArnoldiGCL + S2,biosnap,cold_protein,983997847,3,c07811eaf01be5606d069d70d312ec46bd0136fb0cfcf0d26d09dad667c9c6cc,0.8157863074341266,2258,0.9322811820597472,0.7810131440931212,0.5433716115993488,0.5421883505715841,0.3252859175776782
arnoldi_s2,ArnoldiGCL + S2,biosnap,cold_protein,983997847,4,be3028af004ff4ad7fc880847e5721202254729b24a883654424bcb59362c142,0.7546926187478948,2937,0.9254650694895843,0.8085836327489699,0.5501500363254963,0.5283979631805719,0.49042250065770876
arnoldi_s2,ArnoldiGCL + S2,biosnap,random,1941488137,0,ad307479fdfca1bc80726097c9633b89a766f0c052aa390ebf328171c21c20ea,0.9382626083601202,2766,0.9622362453165056,0.9415168906183912,0.8281580492215072,0.7710699342498506,0.9133714759594773
arnoldi_s2,ArnoldiGCL + S2,biosnap,random,1941488137,1,6fa5158ba6cde08eb257cca347f872d440be4063e1353c8862c0835e91c2b47b,0.9417737869062062,2766,0.9627621113521331,0.9270695144375275,0.8133297578480352,0.7728093041908963,0.9165751042839599
arnoldi_s2,ArnoldiGCL + S2,biosnap,random,1941488137,2,f6e10fabc28d032393e8f512d4983004ec310f38d62778b133b3b45cae5a2c2a,0.9422544791029694,2766,0.9635180437783475,0.9437924304473964,0.8333619099911351,0.7884908536585366,0.8924139885869744
arnoldi_s2,ArnoldiGCL + S2,biosnap,random,1941488137,3,fd50f36d14dadeb82fe6a6302b549c9776447b6a69cc2f8d76efcbb99005da9f,0.9326737440690105,2766,0.9598041149017288,0.9373178480662564,0.8281786907529574,0.7761303313197877,0.8622700527106243
arnoldi_s2,ArnoldiGCL + S2,biosnap,random,1941488137,4,0ae404c6a6a1746c2c9e5528b7d46caf69054bccd9adcc9e24b79ad0f3a511ae,0.9318346582343883,2766,0.9610859133635706,0.9268182843630094,0.8057537373319023,0.767752059631228,0.9175255832198548
arnoldi_s2,ArnoldiGCL + S2,biosnap,random,4198936517,0,b82fb594ef9a76316622e40d5368109a2f777cd25ff2614256d5e003e1ebb9af,0.938246953163576,2766,0.9609873134818905,0.9308090010974079,0.8140862297340256,0.7696487483019601,0.9101371979468487
arnoldi_s2,ArnoldiGCL + S2,biosnap,random,4198936517,1,d35151cd376427985bd2eb65c40c7eb5c48ac76a0c112b9972ccc80580a7ea3d,0.9401208761024038,2766,0.9622033786892789,0.9394506895789122,0.826164732321107,0.7815349544072948,0.8772345005649409
arnoldi_s2,ArnoldiGCL + S2,biosnap,random,4198936517,2,d20f0a71685f63c6b28a247742b9eb647e68a8c5a18cca43d468f7e7f4aad191,0.9258651642038004,2766,0.9621376454348255,0.9389042795247948,0.8268158645097914,0.7781201848998459,0.9201729604642682
arnoldi_s2,ArnoldiGCL + S2,biosnap,random,4198936517,3,83a851fa11ed8fad65087dacef6baaa027b1b9cc62c23a66cdc0dbe4373905fc,0.930733848578688,2766,0.9596397817655952,0.9391565160358011,0.8199965112523869,0.7717472118959108,0.8917308081502783
arnoldi_s2,ArnoldiGCL + S2,biosnap,random,4198936517,4,926191e192e9d56dfe4651a1e860709623a292874976d39f7933f5519c3d0410,0.9410469443345355,2766,0.9606257805823967,0.9358737750883704,0.8166705293442762,0.7711993888464477,0.8842520609702149
arnoldi_s2,ArnoldiGCL + S2,biosnap,random,983997847,0,8ff5b20121f9b7c7e39c2f4ccfb4b1e8e6af52f307e5880ed1f4e1797346a11e,0.931246668672276,2766,0.9608887136002103,0.9346737041411332,0.8183020260684883,0.7697368421052632,0.88979149873126
arnoldi_s2,ArnoldiGCL + S2,biosnap,random,983997847,1,1294db83319fed0aa355ff7e286011b66c0f93c8ba895073c9f0c24ea0d1e73e,0.9413754582108441,2766,0.9626963780976796,0.9377517071515545,0.8184817231676288,0.7752920213819046,0.9267700530894821
arnoldi_s2,ArnoldiGCL + S2,biosnap,random,983997847,2,8c6e31b42705db209a13a0b41afcc94f66e6ac0e6ca18b74f1da83e2d6100a90,0.9427751881076097,2766,0.9637481101689345,0.9405950928248137,0.8305054149093795,0.7842753764912967,0.9186645954847332
arnoldi_s2,ArnoldiGCL + S2,biosnap,random,983997847,3,bce862cbfa862881cd04ec719d9e338a9213cc9c047924969597a45bd6381ca9,0.9400355695875531,2766,0.9613159797541576,0.9400052426191609,0.8242741336503768,0.7758522186250238,0.8720824233064918
arnoldi_s2,ArnoldiGCL + S2,biosnap,random,983997847,4,2ecb245f9cc66272424e0757f73513e0fd93efc0cfda0846ffee8a367806357d,0.9379506080592788,2766,0.9598041149017288,0.9335856548032639,0.8146231653006681,0.7687653620722253,0.89517781714054
arnoldi_s2,ArnoldiGCL + S2,human,cold_drug,1941488137,0,33abce320291ccdc6698b267d9556020a416233d3b3820b517bdcc91e9fc3299,0.9032136105860114,696,0.9157523510971787,0.876614108534813,0.5253779458234548,0.45012787723785164,0.6274051801799075
arnoldi_s2,ArnoldiGCL + S2,human,cold_drug,1941488137,1,ae8f7860896616a8f2771806c8c1248d8477c63dbd8ac7815914d7c646584319,0.9238309065788075,422,0.9142610943558811,0.8486438983850318,0.5902147513822649,0.5273159144893111,0.07219156575019245
arnoldi_s2,ArnoldiGCL + S2,human,cold_drug,1941488137,2,b68e45549745c30c1c42e85d37fb893d878dd47a80148d4be45e71d240a4a702,0.9357773545706372,538,0.9050354849611355,0.8827510675640193,0.5047946638695616,0.4311740890688259,0.4533850462550986
arnoldi_s2,ArnoldiGCL + S2,human,cold_drug,1941488137,3,58a25f4b895a6d9e8f1a9cf30e14b44ae170cec34c2c4df93cc50a4dccf76988,0.9252035597480617,572,0.9089319771137953,0.8625382048021909,0.5122791576598862,0.44422890397672166,0.47235276601085924
arnoldi_s2,ArnoldiGCL + S2,human,cold_drug,1941488137,4,f15ad55d17fac03e449c1c1fc6875fdb990fdf60fe1698200900740284a4d36b,0.9093135059273193,405,0.9198653198653198,0.8998134430727024,0.6667490275379557,0.5853658536585366,0.16109265349499166
arnoldi_s2,ArnoldiGCL + S2,human,cold_drug,4198936517,0,53fc35f787d95aa4ccf5a31c279e4d558b641572e662659e34c2367a53e39656,0.9106044444444443,623,0.9140522398949366,0.7984208858395019,0.432428142895156,0.3983656792645557,0.582992319668809
arnoldi_s2,ArnoldiGCL + S2,human,cold_drug,4198936517,1,1dd2fa861a65bf0fe7898c29c66848a63e8e312ffcf4edc693d33fd53789ab3f,0.889943166848583,401,0.9038766719564725,0.9135198164190521,0.6778113946326508,0.5646817248459959,0.3410808808183017
arnoldi_s2,ArnoldiGCL + S2,human,cold_drug,4198936517,2,d82dcbcf199a47ea672296109404c19bbedc9801ee61cc53cc69feed6560b615,0.8857845509888267,346,0.9085654230162901,0.882333188546226,0.631983288698574,0.5456919060052219,0.45717560518277833
arnoldi_s2,ArnoldiGCL + S2,human,cold_drug,4198936517,3,5a4997537612bc4fe41970e56cb749948ccb460568fff503b1357565f01446ac,0.9403045101982189,686,0.9223429631592897,0.8803629865107225,0.5119161201741133,0.43106796116504853,0.790990412676171
arnoldi_s2,ArnoldiGCL + S2,human,cold_drug,4198936517,4,fc30f517aa0c44ac36286b6849bfb304bc065ca3c152d835f08baa678d5ca22e,0.9228630196590325,577,0.9079880258389791,0.9071994329121225,0.5642992386596943,0.4521575984990619,0.278371085418414
arnoldi_s2,ArnoldiGCL + S2,human,cold_drug,983997847,0,edeb4ffb82db75be19b3e81dcdc3e514cd377def69bbd6df03fbb940c8d1b681,0.932191651925176,563,0.9105441627644114,0.8761118595193852,0.4984153512588644,0.42291666666666666,0.5419349335970943
arnoldi_s2,ArnoldiGCL + S2,human,cold_drug,983997847,1,43dd5db9ff3a1acca1bbea81115f16ff2829c4c6ef5eaaa40226e592920df178,0.897144901144641,626,0.903717688062736,0.8918111851708193,0.533268729186483,0.4578904333605887,0.4241607056496892
arnoldi_s2,ArnoldiGCL + S2,human,cold_drug,983997847,2,a72f61478b527b53fa14a200c243ddf2539dc918440f12da5fdde6ecaea58e65,0.9009419410191583,436,0.8892827356130109,0.883802394579581,0.6470749675338383,0.5246195165622203,0.0008591920072021452
arnoldi_s2,ArnoldiGCL + S2,human,cold_drug,983997847,3,26bae1a0955b735d7b18996531c3ef1fee75d5172f7afbf34500992918cf0f2e,0.9284561528420553,471,0.9121791160007721,0.8770673590544581,0.5833377670294025,0.5144076840981857,0.4335513103334871
arnoldi_s2,ArnoldiGCL + S2,human,cold_drug,983997847,4,0f58031fe12cc2de5150b5b2ccacebfd0a27eacae9ebcf51533c226483ca9f34,0.9197291474299784,537,0.9190790587438632,0.8819692824124646,0.497403742220911,0.39646464646464646,0.7027218505127789
arnoldi_s2,ArnoldiGCL + S2,human,cold_pair,1941488137,0,bd8c67818f266d75d831f723c20013ef2773f8b572184a55088d978865aaee88,0.7997784547216836,149,0.9097010372178157,0.6377145173640828,0.21722464455662943,0.3018867924528302,0.48702627420425415
arnoldi_s2,ArnoldiGCL + S2,human,cold_pair,1941488137,1,de41199e4c62efaf511dd2137576a4bfd90a5caba0a24af7151c3e2ea0553713,0.64,72,0.6755050505050505,0.5725501543209875,0.13143152309065465,0.20923076923076922,0.001664668321609497
arnoldi_s2,ArnoldiGCL + S2,human,cold_pair,1941488137,2,3379df8c72138ebf749fa4110e8d3bd96e74a1e4fac40d7c974d8576f7c5e045,0.5206611570247934,135,0.41279461279461277,0.7191330589849109,0.26930414451033174,0.20727272727272728,0.2311328947544098
arnoldi_s2,ArnoldiGCL + S2,human,cold_pair,1941488137,3,8008f6f231278ae0fbb1547f4ba35df40452c1820b98845457baefe2fa83f3c5,0.5332018408941486,85,0.5818181818181818,0.7253148788927336,0.21388957047040288,0.2318271119842829,0.26215675473213196
arnoldi_s2,ArnoldiGCL + S2,human,cold_pair,1941488137,4,8b34dab23ebbaac711e38571121161f562d541af56098e2c8b87b7e581f85884,0.614320987654321,54,0.6346801346801347,0.6203360768175583,0.14004105136709818,0.21660649819494585,0.008197817020118237
arnoldi_s2,ArnoldiGCL + S2,human,cold_pair,4198936517,0,c599300df5b2ef0e50f64754f47aba326dcc6a75a3d10b9702e2db478089d1f4,0.6585365853658537,152,0.8690191387559809,0.648803237534626,0.13829536186908412,0.11336032388663968,0.679823637008667
arnoldi_s2,ArnoldiGCL + S2,human,cold_pair,4198936517,1,6d3820abd87f7335237c574ad06a563bfe76a527f8622d23ed6706e61a02501e,0.6096938775510203,73,0.5006226650062267,0.6090448489397635,0.13527357378299792,0.1996007984031936,0.11040088534355164
arnoldi_s2,ArnoldiGCL + S2,human,cold_pair,4198936517,2,0a398b6e5968651e3f7732810ecdeb9c20ab8410e42ba1dea9b78b57b7f4b740,0.7522211720226842,59,0.8073959938366718,0.6155415110600402,0.13481886806413457,0.17218543046357615,0.08628256618976593
arnoldi_s2,ArnoldiGCL + S2,human,cold_pair,4198936517,3,17ae3f073110d144df44f48448f0b1769b825674b197aa22a58820e1d26a1419,0.6892499999999999,172,0.8995771670190275,0.7222789345592212,0.24780075096258122,0.25196850393700787,0.6858843564987183
arnoldi_s2,ArnoldiGCL + S2,human,cold_pair,4198936517,4,5e4f89773931feec371bc5318cdb8d788c6407efb92cd88e675fc19b2bb40639,0.507533703409992,120,0.39621212121212124,0.6783506944444445,0.27803724479802555,0.19576185671039353,0.49629056453704834
arnoldi_s2,ArnoldiGCL + S2,human,cold_pair,983997847,0,0f03eb4162b879e7617fddc65d193722488f8264565ffd7c40b6a62a83df8fac,0.78954802259887,92,0.8221343873517787,0.6777292060491493,0.16037113077795195,0.23076923076923078,0.4079214632511139
arnoldi_s2,ArnoldiGCL + S2,human,cold_pair,983997847,1,ab3f176e26732a9405bf7aa8cf428370d2cba2de7f534e7de90b588c3082a051,0.5815602836879432,118,0.5200308166409862,0.6351299913817868,0.3194705119333288,0.19612903225806452,0.49436426162719727
arnoldi_s2,ArnoldiGCL + S2,human,cold_pair,983997847,2,a45d9e52f747a1356f288e2e07ae425edd460014c17d6ea8d75f3dea09754d32,0.54833984375,73,0.8331257783312578,0.5013323325201726,0.11142660498506307,0.1518987341772152,0.4903627336025238
arnoldi_s2,ArnoldiGCL + S2,human,cold_pair,983997847,3,0374dee88a8014ae6196dba73dc66a252067d6bea2c2be5adab49a27342da802,0.5510791366906476,139,0.7854807063440157,0.5523523627141452,0.13758857131538166,0.17587939698492464,0.1297147274017334
arnoldi_s2,ArnoldiGCL + S2,human,cold_pair,983997847,4,8b2b4d7f522a6296b722e4648052b41b54ab6f22944ae92675f84ff6ee26c967,0.5497737556561086,100,0.30727272727272725,0.347825,0.06972317980125955,0.1056338028169014,0.49412673711776733
arnoldi_s2,ArnoldiGCL + S2,human,cold_protein,1941488137,0,7cb69146150959e01230f6b5c7717ad44925427bbf9b6d06b05a6b5c6cd3a88f,0.7835259515570934,605,0.9125469571750563,0.7011015641008128,0.4015031689327486,0.39751552795031053,0.8314359848058387
arnoldi_s2,ArnoldiGCL + S2,human,cold_protein,1941488137,1,c03a6a0be3b7940366b4d416b49c14232283356fd56d9862dcd17f80180bb081,0.8160976080246914,476,0.9308632543926662,0.7690779252877621,0.5326024197256761,0.5497512437810945,0.7693507715447313
arnoldi_s2,ArnoldiGCL + S2,human,cold_protein,1941488137,2,cb0f1a691beb4adc74b4b7287889c3513e426f8c77b95d8d2469955a14eb25d9,0.8286545318070933,688,0.9209830866807611,0.6897634701189832,0.42244484240540653,0.4137254901960784,0.5000368794145651
arnoldi_s2,ArnoldiGCL + S2,human,cold_protein,1941488137,3,e9a410074f5af92384c7ea7cbc604118a4bb751d05fbef40b158e06af77078ce,0.7277771681146166,448,0.6304788961038961,0.7834128866390306,0.4338247636138788,0.2850412249705536,0.47076133493691275
arnoldi_s2,ArnoldiGCL + S2,human,cold_protein,1941488137,4,f27eb92e44ae906264399b45ad8e075aa5c13b614d3dfc215facb2599738bb9f,0.7081676741449958,416,0.8948863636363636,0.8098251433062131,0.6060287709263487,0.5126646403242148,0.007051165128279835
arnoldi_s2,ArnoldiGCL + S2,human,cold_protein,4198936517,0,3593355e476aa732f041a4be078216cf682e8d170e22eccf705d6a3af57bd533,0.8281462714813345,666,0.922058422058422,0.7342470849227607,0.4594200335644007,0.4407443682664055,0.7433869874640686
arnoldi_s2,ArnoldiGCL + S2,human,cold_protein,4198936517,1,2075c796adb0e2a27e7c390bb4d8033e4d271d1bc1dba505d080b6f64d17ff34,0.856694941351026,452,0.9286001609010458,0.8122533087947373,0.6103474942824043,0.5758661887694145,0.6120902087917087
arnoldi_s2,ArnoldiGCL + S2,human,cold_protein,4198936517,2,d99e86b535bcb2a067d03dd88bfd76c86768bcbef42493693fa847c07710d053,0.7536599271961756,438,0.9039020340390204,0.7596614957986698,0.5099685752897803,0.4610011641443539,0.7240332160910514
arnoldi_s2,ArnoldiGCL + S2,human,cold_protein,4198936517,3,87b03a37e5bd84e0d0a7a3ae7cc7077c7b7160aef7bdd2afb26e89064cab7330,0.8374826869806093,616,0.9099763872491146,0.7554447682998819,0.4269360282142649,0.4288389513108614,0.8329119390249252
arnoldi_s2,ArnoldiGCL + S2,human,cold_protein,4198936517,4,126935daee05969237fe55788ca0d3770e52af4a200050501cca7fa44e62a3d3,0.8219072942079437,461,0.9329520804575034,0.7333289416104761,0.535061676090115,0.5442359249329759,0.379224371011943
arnoldi_s2,ArnoldiGCL + S2,human,cold_protein,983997847,0,b975bda7bffa478f7ce84c3c04a6f2334e76849cc07bdb35f50840e6781a4828,0.8130597876269621,441,0.93279736136879,0.7747481759143565,0.5596570622345147,0.5521978021978022,0.7769664087197552
arnoldi_s2,ArnoldiGCL + S2,human,cold_protein,983997847,1,957c6eaabfcceb16e4218df5757fdbd002c080cf60c72b1f4f2a9388bc067b8e,0.8059371804236669,513,0.9271664008506114,0.7318890142835972,0.5192255790934144,0.5204200700116686,0.4381277906813066
arnoldi_s2,ArnoldiGCL + S2,human,cold_protein,983997847,2,905573cff79b426bf47d99a1b18ed055fff710b8b00740d56aa6ab87eb08a1c2,0.7589223496074833,463,0.9338307480856077,0.8029738441659008,0.5846453934571207,0.5854858548585485,0.7187984870557914
arnoldi_s2,ArnoldiGCL + S2,human,cold_protein,983997847,3,40f3650964082375d0fb6e5e1019d8188002152ae847d74cc00bcd40bcab0264,0.7562667055996047,724,0.9168759417378202,0.7084610894050852,0.36729053600378525,0.3445544554455445,0.8298835948722004
arnoldi_s2,ArnoldiGCL + S2,human,cold_protein,983997847,4,e147190debc1ca6a45f9f658aec6ae9bf10f0a86236fb1b2e36ec955cc112690,0.7415039950951307,492,0.9118625277161863,0.7527240729724372,0.41430849345177695,0.3829236739974127,0.4672585622129375
arnoldi_s2,ArnoldiGCL + S2,human,random,1941488137,0,3ee649582c51d150475d3d256d55c6fff7157336dfa58397b759280f8a7dbc85,0.9279654545046159,527,0.9482490943591513,0.9212055636969854,0.7382085464096464,0.6636771300448431,0.9568840511857647
arnoldi_s2,ArnoldiGCL + S2,human,random,1941488137,1,1eb203df0bf0b5ae9a461841e4e43b8812f7685326bbff9593bb89cefc51caea,0.9312054985287842,527,0.9461790581335173,0.9404138566732316,0.7678988158037928,0.6964980544747081,0.9435318855390156
arnoldi_s2,ArnoldiGCL + S2,human,random,1941488137,2,6c082337c0ebfc9cc8200f8b88b1979992d5518604da2d05d12c4f6c2bb7c2c1,0.9116349587834955,527,0.950491633603588,0.9356300566379456,0.7710113558066589,0.6877040261153428,0.9692634025665179
arnoldi_s2,ArnoldiGCL + S2,human,random,1941488137,3,eb685a487de50970e62869aff74f9bc2208e4d2392b5b13388bec0d70e1129c2,0.9173131780508074,526,0.9405461458693398,0.9188628576385376,0.726344146127219,0.6324786324786325,0.9417337819321516
arnoldi_s2,ArnoldiGCL + S2,human,random,1941488137,4,0b79b831cb7ae126803958380cc5372817612cf9372ab369c224cb212271ef7d,0.9181509849284606,526,0.950051849291393,0.932050485043878,0.7604870652174227,0.7017543859649122,0.9575607868090068
arnoldi_s2,ArnoldiGCL + S2,human,random,4198936517,0,3bcfa52e669072e9cb6d9b139b85fc06064191c273108f303dd1a87d1a8a0b91,0.9178949259899821,527,0.9506641366223909,0.9324800434956378,0.7647087082235278,0.6957446808510638,0.9565515407144193
arnoldi_s2,ArnoldiGCL + S2,human,random,4198936517,1,c5a6c5aaab4d4e3bec9b95463f04984cbbed697217f645a8ea24bc4f0e9de784,0.9295298847734776,527,0.9498016215283768,0.9316947455973269,0.748642357548147,0.7033639143730887,0.9553330981568114
arnoldi_s2,ArnoldiGCL + S2,human,random,4198936517,2,4e5f39c804d2a94efa32f8fb58590ed9076f3bdd932dcf31fdcfd6fdac711963,0.932829451270187,527,0.9451440400207004,0.9316963658818488,0.7358724041800081,0.6741803278688525,0.9428326435285075
arnoldi_s2,ArnoldiGCL + S2,human,random,4198936517,3,e4db0b416220a414e748ec53e82eab3c5d1d6b0064e0b11e992230339346d754,0.9379573684328744,526,0.9429657794676806,0.9289361925139874,0.7218270879971151,0.6365638766519823,0.966185749067019
arnoldi_s2,ArnoldiGCL + S2,human,random,4198936517,4,1b65f2cfeb8dec15714fa96b172c9ae08f364abd5758434f3a52d7d83202e51d,0.9239909256306013,526,0.944175596266851,0.9284451849817114,0.7458866706114401,0.6680369989722508,0.9637113164549006
arnoldi_s2,ArnoldiGCL + S2,human,random,983997847,0,8e3728b3831b303054f4db65a05ddba96318f5fa1c553d996fb446a685671745,0.9399137485680913,527,0.9501466275659824,0.9400912400217478,0.7668645176739128,0.7174975562072337,0.9389459043332975
arnoldi_s2,ArnoldiGCL + S2,human,random,983997847,1,74a1b53c2ca13a336af7697dcb71b812f573d3df1b21d19bce03e8461e06d5b0,0.8900698546753217,527,0.9461790581335173,0.9269892593139356,0.7591392276557758,0.680327868852459,0.9385212192796681
arnoldi_s2,ArnoldiGCL + S2,human,random,983997847,2,ff952d55942ea478d13768a392518e50b7b12b8ef7ace19be68a264d64ccb8ad,0.9398216571954806,527,0.9460065551147145,0.9378178008058214,0.7679837139612251,0.6796315250767656,0.9380467919454183
arnoldi_s2,ArnoldiGCL + S2,human,random,983997847,3,791163edfbaac8b3d9568440051d03e70556061ba4a76c92e539462704d82ced,0.9389827272523079,526,0.9464223988938818,0.9265359120415214,0.7066498404265581,0.6578366445916115,0.9622600238617155
arnoldi_s2,ArnoldiGCL + S2,human,random,983997847,4,aae19ac732a2aece44d67149029670a09036945210e85bb764eefc2e6c71a80c,0.9375777722872353,526,0.9505703422053232,0.9325886596596741,0.7579475236117886,0.7039337474120083,0.9566398981499344
arnoldi_v4,ArnoldiGCL without S1/S2,bindingdb,cold_drug,1941488137,0,d3122cff3f09f0e7ffd06030d60d5e2eca915ec3d9ead8dd02edbd3283126894,0.9306253735307789,4182,0.9201339072214252,0.9294893900918079,0.6618792409300505,0.607394742466339,0.31208314042385316
arnoldi_v4,ArnoldiGCL without S1/S2,bindingdb,cold_drug,1941488137,1,271362873bdfd8fae15456fd6c51cac9d2e8e081d8fbaf95bf8f87f4e97a44bf,0.9394069628713305,4280,0.9228547153780798,0.9267222246484408,0.6471233773359335,0.6128757194628011,0.025255374199621525
arnoldi_v4,ArnoldiGCL without S1/S2,bindingdb,cold_drug,1941488137,2,6fade7330d6d26b28f5faeff6b9ddbaaf1b6001f51b43b0e085de6362903a3fb,0.9348078323168901,4116,0.9370527431751922,0.9318883955428625,0.6918885324213622,0.6414192249622547,0.8711789250863742
arnoldi_v4,ArnoldiGCL without S1/S2,bindingdb,cold_drug,1941488137,3,bb13aff79788c532ba4be6faf227627a3fd9a0922917ed81c0c27e8b1e896e17,0.9362132328109454,4061,0.9229030019475722,0.9311016115298094,0.653350909870965,0.6170780520346898,0.02133741830513902
arnoldi_v4,ArnoldiGCL without S1/S2,bindingdb,cold_drug,1941488137,4,c7ebc80f58f9cbb1d44a9197b733c0c17d684e5c756941826054ab573b76f457,0.9307757630268689,4035,0.9203559761180579,0.9270018165095071,0.6538622180806679,0.6083102493074792,0.36261113723663513
arnoldi_v4,ArnoldiGCL without S1/S2,bindingdb,cold_drug,4198936517,0,f99b8da5ab42ba3a3a174619834df007af4996a7b09c0c44599b9192d2853fb2,0.928009844972429,4084,0.9278559344671,0.9313044815006317,0.6650629540571918,0.6131073176554852,0.2902574587358185
arnoldi_v4,ArnoldiGCL without S1/S2,bindingdb,cold_drug,4198936517,1,af1dc944cf987f1e10275d3ad0c7073b6aef183cdfd1520f3a8905ecdd563efa,0.9221550079635898,4191,0.9254246111798009,0.9283236863076114,0.6313977032590947,0.606726149622512,0.7734601771178311
arnoldi_v4,ArnoldiGCL without S1/S2,bindingdb,cold_drug,4198936517,2,3ed3b0703aaae09b96234f544ce4f3d852b5973fdf99e944f8e86e8ff0842696,0.9344836333284946,4093,0.9247273615707527,0.9299760921392194,0.6701623833962913,0.6192562633411977,0.015649013096747346
arnoldi_v4,ArnoldiGCL without S1/S2,bindingdb,cold_drug,4198936517,3,2b423d98eadf4e955c204ac0c7d2cf1317801698510fe27edaa02dc1817607cc,0.947742524229122,4171,0.9340685686885639,0.9338265245621418,0.7128815530982096,0.6533745846224361,0.7647171740499256
arnoldi_v4,ArnoldiGCL without S1/S2,bindingdb,cold_drug,4198936517,4,c0d6c15b73d44b1e9e34d83f78ea6d8fde927a5b41c7fa3eec65dd204b3f1780,0.9296037673501196,4135,0.9187204572936133,0.923836831016085,0.6274420758411257,0.6009713977334052,0.007857184050451611
arnoldi_v4,ArnoldiGCL without S1/S2,bindingdb,cold_drug,983997847,0,caa30460df33a20c98ac7f63f64cccd6e9a80b8154201f05a46ca9b2cbfc1bfa,0.9364631379990237,4095,0.9228327228327229,0.9277862547166577,0.6661068266873326,0.6210204971652856,0.03798885931605366
arnoldi_v4,ArnoldiGCL without S1/S2,bindingdb,cold_drug,983997847,1,ae65eea815e50b920663d8c7fb5fe425d8ce49ff9f7ea44fc38c5d61edca2fc0,0.9016335216513067,4095,0.9208125208125209,0.9243745894588384,0.6557072797752836,0.6063348416289592,0.0646111831436424
arnoldi_v4,ArnoldiGCL without S1/S2,bindingdb,cold_drug,983997847,2,530d0d9ee08f5eff47c8e7cd28570f7bdbae4a81314d4db83c4016e816c87dcd,0.9242968299962584,4149,0.9156642345362519,0.9256151679651005,0.6474628032085276,0.5955658295681412,0.009652812573803833
arnoldi_v4,ArnoldiGCL without S1/S2,bindingdb,cold_drug,983997847,3,7b34a851f2b0deb3f060c6d82b3f07b4d7445a21502d5e1379f27e3441d33311,0.923517346092911,4189,0.9192907832201219,0.9215642903143947,0.6320358508476583,0.5962436217565954,0.012401634080922415
arnoldi_v4,ArnoldiGCL without S1/S2,bindingdb,cold_drug,983997847,4,a09e124b606033d05e2869d1398ae3af7c00f8029d69e95dcfc4a56497f40ed6,0.9356102239561325,4146,0.9268078761566461,0.9332022140962444,0.683980009304032,0.6378038194444444,0.015023249628098858
arnoldi_v4,ArnoldiGCL without S1/S2,bindingdb,cold_pair,1941488137,0,2b4cfc3bb4039bbe25bf713ec37108d8cd7099263d4163e97de30bbe11e8916c,0.5698434857311605,876,0.58395599833956,0.5842452722003294,0.11582505517982089,0.18333672845793442,0.00031041365497177847
arnoldi_v4,ArnoldiGCL without S1/S2,bindingdb,cold_pair,1941488137,1,5ecd70455c0eaf43ddb52714a848e8038eed447795919cb02a36dc75e7d002e6,0.6345126604231703,719,0.6056391452775319,0.6976959577221492,0.17092939084754513,0.23572653761333007,0.0004178627836517949
arnoldi_v4,ArnoldiGCL without S1/S2,bindingdb,cold_pair,1941488137,2,498c1745279d8458ec7ac82f9c192b80b2d6514f22cd4804005f82496da59376,0.5547435284475104,685,0.5268745852687459,0.5325532527039266,0.10005561261177703,0.16294904907255225,0.0004234743298171726
arnoldi_v4,ArnoldiGCL without S1/S2,bindingdb,cold_pair,1941488137,3,43e02e384720b83176d3f006a506fdf82e19e213eac9656a0249835c8f1b0221,0.5845463137996219,1166,0.7386558552939342,0.5827520896527985,0.11775815634777805,0.1784313725490196,0.029853616054999095
arnoldi_v4,ArnoldiGCL without S1/S2,bindingdb,cold_pair,1941488137,4,b79488fb07b6204668a5d205427de2a4d6a388125d3a689c76e691a7e1078a0c,0.5636183508611492,747,0.49178532311062434,0.5345171852066902,0.10174268064774253,0.16878980891719744,0.16562214126325633
arnoldi_v4,ArnoldiGCL without S1/S2,bindingdb,cold_pair,4198936517,0,623e3f2499dd11866908cefe7fe7e7abe7c21170e81c11241d5b048682e96432,0.5547896258838135,1037,0.45963005172262644,0.5622467264724945,0.09993506335088018,0.1842244573848597,0.000666997389236389
arnoldi_v4,ArnoldiGCL without S1/S2,bindingdb,cold_pair,4198936517,1,5e8664cd3b0a95abf0f6b0d15ce4771e4f24c5969a60edec42f76bebdf870ed6,0.624808864265928,742,0.5245037980887037,0.5485865403477161,0.1039182833031575,0.17897186376137084,1.254451868789309e-05
arnoldi_v4,ArnoldiGCL without S1/S2,bindingdb,cold_pair,4198936517,2,f138fd2b71c3a54018d0937acabffe0ea4ac8598e60bb0b122469f6e7b60a27b,0.5234383450513792,943,0.7832835245348501,0.5347153609393994,0.09752938984785364,0.12118842845973417,0.4037499554149092
arnoldi_v4,ArnoldiGCL without S1/S2,bindingdb,cold_pair,4198936517,3,3894e7ee00e5ffe62c846a7ab1197097de5b9db34c79da92c0981897c6953231,0.5871581450653983,655,0.854823039555864,0.6239962706136006,0.13193733337817984,0.14959349593495935,0.013214438801044451
arnoldi_v4,ArnoldiGCL without S1/S2,bindingdb,cold_pair,4198936517,4,3d88c52c58071efde8e1fae42ed5be4d4d3354b23c80f64b663bc7d5806a8fc2,0.544182888184699,723,0.5993964541682384,0.5702400287720789,0.11412937233744884,0.17759421786267424,0.0018791939364746215
arnoldi_v4,ArnoldiGCL without S1/S2,bindingdb,cold_pair,983997847,0,a1543616e83727949e58fe0c4fc7e23733d1725603632dfd593a38e9d4314a38,0.5922044444444444,1058,0.8468809073724007,0.5593506223176732,0.11983431430640652,0.15142857142857144,0.01744501003995535
arnoldi_v4,ArnoldiGCL without S1/S2,bindingdb,cold_pair,983997847,1,44c0d6816c76aa3a2113b5e5b49b5baa57093baa92b9170f41621f144578efbc,0.5833631822037892,874,0.5724984397753277,0.5726396692656923,0.11038851860563381,0.19221698113207547,0.00023848560049472857
arnoldi_v4,ArnoldiGCL without S1/S2,bindingdb,cold_pair,983997847,2,b3cf07d59bdc3e1f2b3148b95d02e95198c5ddf26efd2fe0a722234d1129296a,0.5829522908336131,732,0.5059612518628912,0.599043622532772,0.12562986320756728,0.19473684210526315,9.737325640282057e-05
arnoldi_v4,ArnoldiGCL without S1/S2,bindingdb,cold_pair,983997847,3,cb3eb24cc3f35d3248ba1e807c2bc1e8ba6180a8b79931b4372d487d74d59b8c,0.5906477627471384,691,0.7659518484409946,0.6237814698385904,0.1432549154577285,0.20757238307349665,0.007080712323778704
arnoldi_v4,ArnoldiGCL without S1/S2,bindingdb,cold_pair,983997847,4,b1ee7b4942b8c6aa621a1b8d5b9dd55945af4aae50932fc4fc5366d293b027b6,0.5973660052256197,771,0.8405848366937861,0.576112011116326,0.11763886710757927,0.13110539845758354,0.007677575957081096
arnoldi_v4,ArnoldiGCL without S1/S2,bindingdb,cold_protein,1941488137,0,b8f4b00318dc9ff3a71214100e4aa6df2e9f73a506a45512b1452972c20df9a5,0.47318232662192394,4204,0.12485944122480755,0.559231862907964,0.12721977691166608,0.1720201317566185,7.951804450661125e-22
arnoldi_v4,ArnoldiGCL without S1/S2,bindingdb,cold_protein,1941488137,1,6324786832b507b8d88ac5af97a996d64cf4221232f8a2c04500f4f96dfda2e5,0.5888585532833566,3581,0.27630677058211267,0.5347959743787236,0.12065895778942543,0.17320687954987093,9.742848114033908e-09
arnoldi_v4,ArnoldiGCL without S1/S2,bindingdb,cold_protein,1941488137,2,18a6cc162f1fa8d7979557f3103d6589ad6c76101e9d4b05edbc3508c39d7449,0.6810641763608796,3319,0.5723794132953518,0.6021315640381087,0.1535759030334299,0.17623469818488813,1.1571779836572185e-08
arnoldi_v4,ArnoldiGCL without S1/S2,bindingdb,cold_protein,1941488137,3,d8a62a5b9d02c5fdecaf03b3e4205a1fd809acb1a39813a2983042d6e71103a7,0.4899684900841971,5585,0.3405062260926182,0.4817094147660194,0.0975780062807895,0.15784660153814176,1.476403624166307e-09
arnoldi_v4,ArnoldiGCL without S1/S2,bindingdb,cold_protein,1941488137,4,6f23544a9a5ff66b69f436861c5b792732177ec1bed1d2b13661542bac6e24ff,0.659224934167143,3985,0.4628949469601916,0.5577328438356509,0.14752603479828352,0.1748790916100091,1.334655901919704e-07
arnoldi_v4,ArnoldiGCL without S1/S2,bindingdb,cold_protein,4198936517,0,22e974af8b2c809bdefdffe3e21f5cd4dca5166faa3d99cf8e431c989fe973ec,0.6406141920044661,5398,0.43453804439354643,0.49295101234782795,0.11151142584163654,0.16244262622231093,1.3239524380924289e-08
arnoldi_v4,ArnoldiGCL without S1/S2,bindingdb,cold_protein,4198936517,1,7de9c60893654c75d6754628b7974dd61c3826b3a821f9d60b154eb8dce8beb7,0.5512094836643908,3710,0.34302866944376376,0.5456436199969485,0.12793344836438345,0.17986601817013856,2.083687198978605e-09
arnoldi_v4,ArnoldiGCL without S1/S2,bindingdb,cold_protein,4198936517,2,a1b2551830003e141ac4c3d8c0b31d0bf510c9258df9358bc6e3050d3e4a2ad1,0.6091883653407313,4675,0.40526981040350024,0.5356377728845548,0.12435833254983279,0.1719283045432393,3.48665066348051e-08
arnoldi_v4,ArnoldiGCL without S1/S2,bindingdb,cold_protein,4198936517,3,54e27bd08e4aef100ce01bad8ce9e207fa9a2710a2c83e4014f33c0e5ca75c50,0.47294954675279366,3397,0.11221130944416197,0.5703520153932425,0.13125334066682123,0.16998598879103283,1.7886611681051545e-19
arnoldi_v4,ArnoldiGCL without S1/S2,bindingdb,cold_protein,4198936517,4,0daede7857fabe586f0f52f24e384964600ef55eaaa7afdc863972f69e5aa1ee,0.4344336452463423,3494,0.11122964042254255,0.5558601318017083,0.1248725946179307,0.16974941059232435,1.592728403889729e-18
arnoldi_v4,ArnoldiGCL without S1/S2,bindingdb,cold_protein,983997847,0,a5feacf2df5d6831b820604ee4902c21b8ee04ab2881d4c6d5d7c3b487a651d3,0.7251925435862373,5465,0.8375280711968727,0.5998114107156161,0.15236261958974917,0.15852502800034463,0.0011396657722070823
arnoldi_v4,ArnoldiGCL without S1/S2,bindingdb,cold_protein,983997847,1,0f751e4977a964aa5d45f5e60f178b601671b9f0c0c50246a40f80b5ea0bea35,0.5543096458786367,4229,0.1899009007072379,0.5164925479079833,0.11426465153664603,0.17097476736256242,6.990294532066213e-14
arnoldi_v4,ArnoldiGCL without S1/S2,bindingdb,cold_protein,983997847,2,97af94b0063094defb869e774b6c443798a524b786f6404e94fa204ec20371a1,0.5888695017529226,3754,0.446432895820216,0.6089651237578868,0.15103529453970954,0.19728201706640447,8.417402114770242e-08
arnoldi_v4,ArnoldiGCL without S1/S2,bindingdb,cold_protein,983997847,3,998506e928ef1e0c00d67e1ebc691c0912c556c62ce64b142e76df88d3301536,0.464850912671286,3428,0.09090909090909091,0.6687249982640047,0.1930812086600729,0.16666666666666666,0.0
arnoldi_v4,ArnoldiGCL without S1/S2,bindingdb,cold_protein,983997847,4,265ebe6c7813d7d91f031416042ef8a1914cf0307163f2e590e14d3be8496eaa,0.5556551051149181,3798,0.3248599741490737,0.5470714056149395,0.12966883881488508,0.17177589852008457,1.9163217762629972e-10
arnoldi_v4,ArnoldiGCL without S1/S2,bindingdb,random,1941488137,0,b9f98ff3affb86a1ce4b9c5e5472552e0a3af3744fa4dc64867fb8ca8a7429c5,0.8761851376385561,4135,0.9172694294822469,0.8786513541610315,0.511277010205171,0.5044119583827209,0.8981189492222381
arnoldi_v4,ArnoldiGCL without S1/S2,bindingdb,random,1941488137,1,df7fca01d0b5a54dcc2c252649e73083ec1e03258bb2ba439dac4818d4116d32,0.8877599319520009,4135,0.9134659777948775,0.8784994319585804,0.5194897702264083,0.5072608913370055,0.8280825017902949
arnoldi_v4,ArnoldiGCL without S1/S2,bindingdb,random,1941488137,2,e37319a5252456b0cc89339cc40f83f8ec8d2f500338ef847eb2394b202c8a1c,0.906819695465465,4135,0.9219303066945147,0.9058318889826283,0.596429722982718,0.5542864315300615,0.8797728815552307
arnoldi_v4,ArnoldiGCL without S1/S2,bindingdb,random,1941488137,3,95055dd9f725f176b4a64f81e2a0e31b3e2c38f4ab090b7d7294df43883af058,0.8913022404372383,4135,0.9212487633285699,0.8918426386364666,0.5540867920657382,0.5160767360172926,0.8960615700238371
arnoldi_v4,ArnoldiGCL without S1/S2,bindingdb,random,1941488137,4,bc251326e2f97ec272acb637b42fda0727940e6e0898341d9a1cc3254c6c327b,0.8882504982242309,4134,0.9165457184325109,0.8943874899385346,0.5362276681316355,0.5019031368946056,0.8816647791209286
arnoldi_v4,ArnoldiGCL without S1/S2,bindingdb,random,4198936517,0,e19bb407247a1c3f9a14d3d79cb8a3d6a8146026a241c41e590d6d6d17e2d3b7,0.8827511518008447,4135,0.9171814884027701,0.8805220746597967,0.5245654609745578,0.5177314044296505,0.8899682434046106
arnoldi_v4,ArnoldiGCL without S1/S2,bindingdb,random,4198936517,1,95cdd6a9a549c0f479bbeda625fb14b4b7422a760aa633756e0585d4b7a1f46b,0.9071525699305046,4135,0.9204792788831483,0.9050597620513241,0.5853060132173031,0.5465713927541682,0.8843374383286255
arnoldi_v4,ArnoldiGCL without S1/S2,bindingdb,random,4198936517,2,eebf7de3343762db7f3b4472b0332993b822fe13571c34630f8b932c3b6554d3,0.8961283444626561,4135,0.9175332527206771,0.8902405571338545,0.5615518731876101,0.527641354993074,0.8872131328060203
arnoldi_v4,ArnoldiGCL without S1/S2,bindingdb,random,4198936517,3,0705f193b18c75afb116332bc4434d9d915e73660944c5a068ffa67401f3f12b,0.8941227451972353,4135,0.914345388589645,0.8911290002324803,0.5489041101255816,0.5182987141444114,0.8748593525363973
arnoldi_v4,ArnoldiGCL without S1/S2,bindingdb,random,4198936517,4,0f34655d6654128ba545e6b71007cf13a0096db925a2eca3b4d7ff413699a623,0.8842684693879044,4134,0.9172054360733606,0.8899301466896696,0.5500652845548732,0.5186037591100883,0.8739100934707954
arnoldi_v4,ArnoldiGCL without S1/S2,bindingdb,random,983997847,0,50221d3d5a60a5f8305cd6466d4a636bf326cb35a8869f82e4274a1122350a14,0.9089383729890091,4135,0.9144992854787293,0.9047458932140616,0.5818218379775804,0.5586199069345137,0.8721241955806129
arnoldi_v4,ArnoldiGCL without S1/S2,bindingdb,random,983997847,1,ca7853b850250bd472514b6099f39ed64f5af5c79271809d93cd00db9eb88d59,0.8763584195143064,4135,0.9120149499835111,0.8725184602495288,0.48436397720341395,0.4716134143121204,0.8854103245882138
arnoldi_v4,ArnoldiGCL without S1/S2,bindingdb,random,983997847,2,869a929e679ec92faf0964819aa84b6417cbbde21ead1497154a3892b41c1055,0.8899033744730813,4135,0.9138617126525228,0.8878547305348948,0.5392961436391056,0.5225444796490373,0.8687075909114863
arnoldi_v4,ArnoldiGCL without S1/S2,bindingdb,random,983997847,3,0e34704dcc33f0c5c9228868f6d64cca9fa5b9d85a2e751d618cd9213aabcf4c,0.8890578919741668,4135,0.9169176651643399,0.8967697641129416,0.5766738669181573,0.5451919605247322,0.8811538223534414
arnoldi_v4,ArnoldiGCL without S1/S2,bindingdb,random,983997847,4,f0040bedf05f81f4adef9fcf43325837a5e5af196f2e5cb5be7e93b9224a3eb6,0.9072047135009629,4134,0.9189866737036548,0.9049505188895747,0.5968014768529477,0.5403044671824307,0.853851824247674
arnoldi_v4,ArnoldiGCL without S1/S2,biosnap,cold_drug,1941488137,0,0dde78d724b699a171b9e73ce8da6eed90afbb0e81889dba066c152277a6831a,0.8857689089746272,2947,0.922849122374063,0.8614529807160985,0.5616028433993289,0.5455206251135745,0.746701234628076
arnoldi_v4,ArnoldiGCL without S1/S2,biosnap,cold_drug,1941488137,1,05c1111bb5eaeec4581c48562a2d93fdad2397fb306560bc5c63ed2285481684,0.8970176277935582,2789,0.9287786433716875,0.8739499192712856,0.5858543098459211,0.5613330656494679,0.795887978436196
arnoldi_v4,ArnoldiGCL without S1/S2,biosnap,cold_drug,1941488137,2,8d7becc9ec965fae3cad75020e65aae6611a1463eb00b269d8a65490c505b6e2,0.8798008464170606,2704,0.9269432490586337,0.8692724016140893,0.5920992729762228,0.576,0.33162070311911984
arnoldi_v4,ArnoldiGCL without S1/S2,biosnap,cold_drug,1941488137,3,b69c25480603ce368168d2027d0440423f86dd2866e16d0ed5bac620472b87af,0.8511522773896055,2578,0.9207983637774173,0.8604322635705477,0.5464260026161891,0.5382401315789473,0.4322466847831256
arnoldi_v4,ArnoldiGCL without S1/S2,biosnap,cold_drug,1941488137,4,c0fddbd8642abf6c3cf66942cdb56947649f142191b46a8425f429f532262ac6,0.8681163248351144,2812,0.9283589809905599,0.8697704627495656,0.5947649660769067,0.5683677444487729,0.7991214433761491
arnoldi_v4,ArnoldiGCL without S1/S2,biosnap,cold_drug,4198936517,0,5c219cc120686c883e7bf755698024447f43c50ba720467e8ea0c62d10c59c56,0.8879626677059713,2636,0.9149192992136846,0.8816465966160159,0.612462629257426,0.5689323781233618,0.43326071049660786
arnoldi_v4,ArnoldiGCL without S1/S2,biosnap,cold_drug,4198936517,1,3d6c3d07b85c2cc2d5be78939c078813b2caccd1365475fd07f9320e7ab8e035,0.8901535552250465,2980,0.9133312995729103,0.8587432885906041,0.5680549297377419,0.5458033573141486,0.6370781390389352
arnoldi_v4,ArnoldiGCL without S1/S2,biosnap,cold_drug,4198936517,2,8c83f85e76b7e1295bbdc5eeda9af96b06b5bebcc45111d68752138c42d35ae4,0.8871892343420815,2774,0.9191518647178344,0.8584889155090867,0.5268736309169237,0.5156096603180836,0.7061246673538258
arnoldi_v4,ArnoldiGCL without S1/S2,biosnap,cold_drug,4198936517,3,f9c6e915b8e319425e68b7ed11852de6369777cb1df242e8acaaf7516c487593,0.8682653721220263,2696,0.9212638251955759,0.8717306838243711,0.5991503913234753,0.5644469315426226,0.3300091370531951
arnoldi_v4,ArnoldiGCL without S1/S2,biosnap,cold_drug,4198936517,4,8c25f08c33d9218824f51c83c6e15f1b38436e4c883a76888389a856c3727acb,0.882190883313284,2744,0.9267824012721972,0.8600753419599826,0.5531258266258172,0.5303867403314917,0.8199224662535811
arnoldi_v4,ArnoldiGCL without S1/S2,biosnap,cold_drug,983997847,0,7073e1468209ad34718675fe4cde1f700224fc93c70c42e428ab87870680b0a4,0.8579242768938187,2804,0.9246855142004928,0.8828770062535485,0.5732776728807067,0.5565947699942737,0.7435790232109696
arnoldi_v4,ArnoldiGCL without S1/S2,biosnap,cold_drug,983997847,1,b09953fd4d7f62ee241de6a0743dee295aedf4f2c788ab85ac3d61b3d4534be6,0.8357443437057238,2695,0.9230898971158712,0.8475103142285755,0.5466044178814469,0.5271671505599337,0.5988339904236459
arnoldi_v4,ArnoldiGCL without S1/S2,biosnap,cold_drug,983997847,2,e03a947319a7ce0a30a9acde4d445c946a156102ab02ceeb9e0082a1c7577c02,0.8815227812271731,2817,0.9248071772033434,0.8712584882922779,0.5837567798918779,0.5433163465307722,0.7326189279882869
arnoldi_v4,ArnoldiGCL without S1/S2,biosnap,cold_drug,983997847,3,b2d432a7a3f9058c024f5f2578182a059bf5778bbcadeb61784cabe54ba6f18c,0.8802754642344204,2922,0.9158422002364508,0.8678533790485078,0.5621523232059097,0.5378438407654195,0.6347403667071094
arnoldi_v4,ArnoldiGCL without S1/S2,biosnap,cold_drug,983997847,4,4662f7f454bfe52811ed009d8fdf5609c6f3c1f4ef1c5a40cf74dc10cf553ded,0.829824703435093,2592,0.9212962962962963,0.8660311493817635,0.5901263494899449,0.5587888320880849,0.09070728441623788
arnoldi_v4,ArnoldiGCL without S1/S2,biosnap,cold_pair,1941488137,0,81ff1cf1289174f7f6901b238f8274214b99ccf0b30871c1e9fb9c54824eaa64,0.6795085381091212,736,0.78125,0.7072208397329868,0.22693938067926664,0.27209206740649405,0.048323410985200384
arnoldi_v4,ArnoldiGCL without S1/S2,biosnap,cold_pair,1941488137,1,eabf504c52c58bec765481fe1a8d067deb9776838063c0dd93aba9f9ca6a4f01,0.705126953125,536,0.9006105834464043,0.6924856245823123,0.2174991460703964,0.2016348773841962,0.6527026595726405
arnoldi_v4,ArnoldiGCL without S1/S2,biosnap,cold_pair,1941488137,2,71e439ff03789bdbb390dc0982ac35cf36ec23da8658bdc6f1c9507745b8db2c,0.7347608024691359,530,0.8646655231560892,0.6703677465290139,0.19458688339467894,0.21178821178821178,0.22577229852341635
arnoldi_v4,ArnoldiGCL without S1/S2,biosnap,cold_pair,1941488137,3,a2fec1a3c34444adeaee1cbd3ef8a0559776fb58b5a9dd7b001bf0798e165db1,0.7857837901981727,448,0.8973214285714286,0.6303651147959184,0.1515807083722981,0.08664259927797834,0.7196200991983284
arnoldi_v4,ArnoldiGCL without S1/S2,biosnap,cold_pair,1941488137,4,2d243d87e3fd1623d5b3ffa784324892aff86c3e2b7e6290683beb57d2989f5f,0.6572504406345137,567,0.9116562449895783,0.7013804515862129,0.2277829485642599,0.14307931570762053,0.7817904448182609
arnoldi_v4,ArnoldiGCL without S1/S2,biosnap,cold_pair,4198936517,0,d53948b107e6707f76abc6bf9e2514eb15982fc444fe80edcf89039c411d2277,0.6433893352812272,580,0.8692789968652037,0.6568695005945304,0.1665754006089092,0.18235294117647058,0.18196978583319545
arnoldi_v4,ArnoldiGCL without S1/S2,biosnap,cold_pair,4198936517,1,8bff8961308d7d7b0f11d6d7c62d411933414e2e6c9595b8e07a666c48d87f8f,0.7123109640831758,685,0.8557398805573988,0.6207174596408973,0.21673335070286776,0.24250871080139372,0.43208000642387834
arnoldi_v4,ArnoldiGCL without S1/S2,biosnap,cold_pair,4198936517,2,b06c142765e46d6b37f51c4a3b5e4e7e891c7f7d5174fb2d2222a0e978f374d4,0.6645088928056402,561,0.8170474801490845,0.6553145484413179,0.18595509961878806,0.22298692360633174,0.054015861788432894
arnoldi_v4,ArnoldiGCL without S1/S2,biosnap,cold_pair,4198936517,3,90617ac60f1398f5f2afa657254153ae236a96395e763562096e6ea10484c2ec,0.6890738538776588,486,0.7448559670781894,0.6616589612017137,0.20363720327795468,0.24557522123893805,0.026632801294326783
arnoldi_v4,ArnoldiGCL without S1/S2,biosnap,cold_pair,4198936517,4,31c262bcb54487b7291c0f669411fd1ee4e817ab0fde336d5dc0811140ecd8b9,0.7060118343195267,495,0.8415059687786961,0.633178247117641,0.19213421959437862,0.21758839528558477,0.06438672982462457
arnoldi_v4,ArnoldiGCL without S1/S2,biosnap,cold_pair,983997847,0,be2fa14682ea8a906e1802a152fe451a9cfa1250c630bcae12bca002a7e4c105,0.6570612738511151,542,0.8440120764844012,0.6897598071921679,0.26400546468248487,0.3080357142857143,0.5541968798963991
arnoldi_v4,ArnoldiGCL without S1/S2,biosnap,cold_pair,983997847,1,fdb70f98b9e463558151fd73d60c71913bd135cf0ce599a478c803de17e9da06,0.6716700881536047,564,0.8496131528046421,0.7094839293798099,0.23560859210870327,0.2872421695951108,0.40573570948757537
arnoldi_v4,ArnoldiGCL without S1/S2,biosnap,cold_pair,983997847,2,60f2b6d3b2a8cf0e94118477302b68562aa9163fef1a739ab2ee91f9a9ecc305,0.7014595941616234,633,0.8529369524630188,0.7012917749177043,0.23987539521078713,0.2778561354019746,0.12820080341541623
arnoldi_v4,ArnoldiGCL without S1/S2,biosnap,cold_pair,983997847,3,58a094f9e8b563676173b717dbdfaf332a78a9bec18a7880fae9290d9c6c7f60,0.7202789344966619,465,0.8701857282502444,0.6720147993987744,0.21485687723221802,0.3182751540041068,0.6602664703538973
arnoldi_v4,ArnoldiGCL without S1/S2,biosnap,cold_pair,983997847,4,c84d88de123bbd2f315b943f35ec392b0da31f3f67825c3d6b9a97568dc17108,0.6514489795918367,590,0.7682588597842835,0.6530488365412238,0.20783043819578884,0.2388663967611336,0.09969666186362913
arnoldi_v4,ArnoldiGCL without S1/S2,biosnap,cold_protein,1941488137,0,766482f3df920b6196c8c65f02aec9f1e1e1665d35dd7f78a5042a0d576940bc,0.7598103764921946,3596,0.8923804226918799,0.7537714473256034,0.3470593367855794,0.3570457634798369,0.2907197096862204
arnoldi_v4,ArnoldiGCL without S1/S2,biosnap,cold_protein,1941488137,1,6845a196d809cb07fee4888cc59d379b6fe25b3ba4eb5507af2fc25a3f7a82d0,0.8439337117307076,2732,0.9092240117130308,0.7259824052657191,0.289561785083584,0.2570806100217865,0.7666770324315115
arnoldi_v4,ArnoldiGCL without S1/S2,biosnap,cold_protein,1941488137,2,f39fce42250d53c5ddc8895a8498a944872f43fd73a6f13a0a9fdd355bb652a5,0.7472658269356892,2521,0.8344091450001803,0.731567305872244,0.3166502578724291,0.35650224215246634,0.6413779703068406
arnoldi_v4,ArnoldiGCL without S1/S2,biosnap,cold_protein,1941488137,3,f358d9d2e2425b7e887892e4fe84f7af67f338032486c9b132b585223b8e3818,0.7500542868127642,2349,0.9025117071094083,0.6936986854002165,0.2809592189302733,0.3323615160349854,0.6793239026853483
arnoldi_v4,ArnoldiGCL without S1/S2,biosnap,cold_protein,1941488137,4,5389109904b9618c65333360931fc52bdb7de0768f8973450380d4a88c7fc7c2,0.8236916650051077,2632,0.9041862392926223,0.7671235296121617,0.3982754497132847,0.39113257243195787,0.24838902739629526
arnoldi_v4,ArnoldiGCL without S1/S2,biosnap,cold_protein,4198936517,0,fc1aa75b9b0048814ec09add25cac8ade5a40e6a544a3caeb436ae39d1baa70f,0.7546522813138185,3097,0.9081222297237797,0.7975822009049973,0.4292939040841224,0.44365446142907927,0.7272112099438497
arnoldi_v4,ArnoldiGCL without S1/S2,biosnap,cold_protein,4198936517,1,db37bd811ed02491ea414044eaae7af593fb30c6d1b44fcfce78e2e99a64654e,0.7299699059311224,3019,0.8673552350266494,0.7080270465477504,0.2386158857287811,0.2796402289452167,0.7733971902523955
arnoldi_v4,ArnoldiGCL without S1/S2,biosnap,cold_protein,4198936517,2,008d3a0994db69d5f54c4588ac93f4b42f976f4d22fbd4d859719ba070434feb,0.7710820884164902,2727,0.9073240657399073,0.7504161887891515,0.37464475414957454,0.41621167576648466,0.7558697744020044
arnoldi_v4,ArnoldiGCL without S1/S2,biosnap,cold_protein,4198936517,3,2b4e4783de0d8059207c5a62c7dbf0be095bbdf34bc85fea34551d9ed48f64c4,0.7527080581241743,2534,0.9017005094353161,0.7478257419692032,0.3773373314121197,0.3761384335154827,0.5098884536958717
arnoldi_v4,ArnoldiGCL without S1/S2,biosnap,cold_protein,4198936517,4,060b1660c869c9a5900c2bdf4a60648e17462fa3743731198ea2f6c924b2c98c,0.7851007147092788,2453,0.9061631397546603,0.7358616677599199,0.389462382513176,0.3985748218527316,0.45530242666806214
arnoldi_v4,ArnoldiGCL without S1/S2,biosnap,cold_protein,983997847,0,590177958a695186bda43d57061d2dd194cac2a926bfc568d7e9cbd20a0946d7,0.7491774424075499,2614,0.8769214717952285,0.6974518790878846,0.3002635856801956,0.3239732569245463,0.6755017434325936
arnoldi_v4,ArnoldiGCL without S1/S2,biosnap,cold_protein,983997847,1,832f3a6629cf6f280cc79aecaad2047b5b96d712c30e3d0178757df16e2073f4,0.7295922569470232,3068,0.8755778120184899,0.7422598098043649,0.3275991674871851,0.3503017174686678,0.49861225892419686
arnoldi_v4,ArnoldiGCL without S1/S2,biosnap,cold_protein,983997847,2,220d15cc845679126f23b0d8e09c11a2944998d03393e7bdfaf23bdf7bbe6f7c,0.7711025636049603,2953,0.899455099590555,0.7435053391495547,0.35499537897681155,0.34966148944643566,0.29801432238866216
arnoldi_v4,ArnoldiGCL without S1/S2,biosnap,cold_protein,983997847,3,c07811eaf01be5606d069d70d312ec46bd0136fb0cfcf0d26d09dad667c9c6cc,0.7807155937753172,2258,0.8775666317738948,0.7358573315937585,0.35359340899728486,0.4173213259245066,0.5506403904336774
arnoldi_v4,ArnoldiGCL without S1/S2,biosnap,cold_protein,983997847,4,be3028af004ff4ad7fc880847e5721202254729b24a883654424bcb59362c142,0.7387561366172349,2937,0.9037050793945585,0.7427116478160308,0.35752030676310825,0.3565667011375388,0.44619288146495867
arnoldi_v4,ArnoldiGCL without S1/S2,biosnap,random,1941488137,0,ad307479fdfca1bc80726097c9633b89a766f0c052aa390ebf328171c21c20ea,0.9062106576327054,2766,0.9346611450732926,0.9111059808991424,0.6736768384854561,0.623342175066313,0.87813176014652
arnoldi_v4,ArnoldiGCL without S1/S2,biosnap,random,1941488137,1,6fa5158ba6cde08eb257cca347f872d440be4063e1353c8862c0835e91c2b47b,0.8946082358596378,2766,0.9325905475580096,0.8895444058077397,0.6523877105862421,0.6136748916933509,0.8665403037855068
arnoldi_v4,ArnoldiGCL without S1/S2,biosnap,random,1941488137,2,f6e10fabc28d032393e8f512d4983004ec310f38d62778b133b3b45cae5a2c2a,0.9033744919214282,2766,0.9357786103990009,0.9042145508234741,0.6726069753993124,0.6233616037008481,0.8746049260439938
arnoldi_v4,ArnoldiGCL without S1/S2,biosnap,random,1941488137,3,fd50f36d14dadeb82fe6a6302b549c9776447b6a69cc2f8d76efcbb99005da9f,0.8918654290750109,2766,0.9270689541839217,0.8893788796819557,0.6459695825846786,0.6056513239736983,0.852868717378133
arnoldi_v4,ArnoldiGCL without S1/S2,biosnap,random,1941488137,4,0ae404c6a6a1746c2c9e5528b7d46caf69054bccd9adcc9e24b79ad0f3a511ae,0.8870122363959203,2766,0.934496811937159,0.8782419083813416,0.6240693788947285,0.5908437692465612,0.9091402209784887
arnoldi_v4,ArnoldiGCL without S1/S2,biosnap,random,4198936517,0,b82fb594ef9a76316622e40d5368109a2f777cd25ff2614256d5e003e1ebb9af,0.9033916594998839,2766,0.9317031486228883,0.8977213820438137,0.6665813431198712,0.6178742184626701,0.8650672881570579
arnoldi_v4,ArnoldiGCL without S1/S2,biosnap,random,4198936517,1,d35151cd376427985bd2eb65c40c7eb5c48ac76a0c112b9972ccc80580a7ea3d,0.9037323133066718,2766,0.9384408072043647,0.9099712302941042,0.6766370864930942,0.6291823401306672,0.8936099252880436
arnoldi_v4,ArnoldiGCL without S1/S2,biosnap,random,4198936517,2,d20f0a71685f63c6b28a247742b9eb647e68a8c5a18cca43d468f7e7f4aad191,0.8852671111706981,2766,0.9366988759613488,0.8964971827620695,0.6550424781383016,0.615568862275449,0.8926555069342051
arnoldi_v4,ArnoldiGCL without S1/S2,biosnap,random,4198936517,3,83a851fa11ed8fad65087dacef6baaa027b1b9cc62c23a66cdc0dbe4373905fc,0.8896306191119293,2766,0.9302241503976862,0.9031776925051589,0.6681387331536394,0.6219056099732858,0.8572731680249513
arnoldi_v4,ArnoldiGCL without S1/S2,biosnap,random,4198936517,4,926191e192e9d56dfe4651a1e860709623a292874976d39f7933f5519c3d0410,0.8976289121641285,2766,0.9307828830605404,0.894313385500727,0.6425820922137301,0.6020408163265306,0.8679889416041439
arnoldi_v4,ArnoldiGCL without S1/S2,biosnap,random,983997847,0,8ff5b20121f9b7c7e39c2f4ccfb4b1e8e6af52f307e5880ed1f4e1797346a11e,0.9017646635645125,2766,0.9272332873200552,0.9024610378373066,0.6584968741246789,0.6137473831123517,0.8502052678229057
arnoldi_v4,ArnoldiGCL without S1/S2,biosnap,random,983997847,1,1294db83319fed0aa355ff7e286011b66c0f93c8ba895073c9f0c24ea0d1e73e,0.9017386669457079,2766,0.9311115493328075,0.9038394244960891,0.6507304750375367,0.6151303709144326,0.87536377567951
arnoldi_v4,ArnoldiGCL without S1/S2,biosnap,random,983997847,2,8c6e31b42705db209a13a0b41afcc94f66e6ac0e6ca18b74f1da83e2d6100a90,0.9097993764081502,2766,0.9364688095707618,0.912866833029311,0.6830213571394376,0.6345244847797316,0.8837033595940837
arnoldi_v4,ArnoldiGCL without S1/S2,biosnap,random,983997847,3,bce862cbfa862881cd04ec719d9e338a9213cc9c047924969597a45bd6381ca9,0.9086935391044737,2766,0.9340038125287583,0.906780807020901,0.6591952408906355,0.6142912024587015,0.8473643225758042
arnoldi_v4,ArnoldiGCL without S1/S2,biosnap,random,983997847,4,2ecb245f9cc66272424e0757f73513e0fd93efc0cfda0846ffee8a367806357d,0.9029843791386127,2766,0.9366660093341221,0.8991687618844464,0.652737367878337,0.6079348931841302,0.9051338013720842
arnoldi_v4,ArnoldiGCL without S1/S2,human,cold_drug,1941488137,0,33abce320291ccdc6698b267d9556020a416233d3b3820b517bdcc91e9fc3299,0.8968771266540643,696,0.900208986415883,0.8696956747919145,0.492113431679646,0.44314868804664725,0.027712654165209155
arnoldi_v4,ArnoldiGCL without S1/S2,human,cold_drug,1941488137,1,ae8f7860896616a8f2771806c8c1248d8477c63dbd8ac7815914d7c646584319,0.9162503985545755,422,0.9030590262817751,0.843932076997372,0.5314798465701065,0.512987012987013,0.00998233092744666
arnoldi_v4,ArnoldiGCL without S1/S2,human,cold_drug,1941488137,2,b68e45549745c30c1c42e85d37fb893d878dd47a80148d4be45e71d240a4a702,0.9263244459833795,538,0.8972625887124028,0.8976929906994099,0.5036533814204659,0.42314990512333966,0.3317590516356573
arnoldi_v4,ArnoldiGCL without S1/S2,human,cold_drug,1941488137,3,58a25f4b895a6d9e8f1a9cf30e14b44ae170cec34c2c4df93cc50a4dccf76988,0.9097349598703428,572,0.8688811188811189,0.8713696268766198,0.46121681692913735,0.44593687038280727,0.0007800221242240263
arnoldi_v4,ArnoldiGCL without S1/S2,human,cold_drug,1941488137,4,f15ad55d17fac03e449c1c1fc6875fdb990fdf60fe1698200900740284a4d36b,0.9073665979873988,405,0.9037037037037037,0.8883261697911904,0.5938875301220118,0.5290889132821076,0.22859831153529978
arnoldi_v4,ArnoldiGCL without S1/S2,human,cold_drug,4198936517,0,53fc35f787d95aa4ccf5a31c279e4d558b641572e662659e34c2367a53e39656,0.90304,623,0.9073398511600759,0.7935572966719828,0.3865946409812687,0.3780607247796278,0.5728357124900165
arnoldi_v4,ArnoldiGCL without S1/S2,human,cold_drug,4198936517,1,1dd2fa861a65bf0fe7898c29c66848a63e8e312ffcf4edc693d33fd53789ab3f,0.885012608679288,401,0.9004760825209703,0.9101681581582204,0.637281468306661,0.5524974515800204,0.1503650416576699
arnoldi_v4,ArnoldiGCL without S1/S2,human,cold_drug,4198936517,2,d82dcbcf199a47ea672296109404c19bbedc9801ee61cc53cc69feed6560b615,0.8718131557240146,346,0.8972674724119811,0.844871195161883,0.48511495782588065,0.44851904090267986,0.46791737110647436
arnoldi_v4,ArnoldiGCL without S1/S2,human,cold_drug,4198936517,3,5a4997537612bc4fe41970e56cb749948ccb460568fff503b1357565f01446ac,0.9309393852341281,686,0.9129340047707395,0.8840364133991788,0.5050933722517148,0.41909814323607425,0.572823217715302
arnoldi_v4,ArnoldiGCL without S1/S2,human,cold_drug,4198936517,4,fc30f517aa0c44ac36286b6849bfb304bc065ca3c152d835f08baa678d5ca22e,0.9191487678493732,577,0.8958563100677486,0.9060193014126136,0.5465335535076197,0.44313395113732096,0.3582846567075546
arnoldi_v4,ArnoldiGCL without S1/S2,human,cold_drug,983997847,0,edeb4ffb82db75be19b3e81dcdc3e514cd377def69bbd6df03fbb940c8d1b681,0.9271707629191915,563,0.8958501533989989,0.8832235959983469,0.4813801164264794,0.3920829406220547,0.40116827536935673
arnoldi_v4,ArnoldiGCL without S1/S2,human,cold_drug,983997847,1,43dd5db9ff3a1acca1bbea81115f16ff2829c4c6ef5eaaa40226e592920df178,0.8915647762747139,626,0.8887598024978217,0.894293347895763,0.5035920839285756,0.4520743919885551,0.3226121140138747
arnoldi_v4,ArnoldiGCL without S1/S2,human,cold_drug,983997847,2,a72f61478b527b53fa14a200c243ddf2539dc918440f12da5fdde6ecaea58e65,0.8958926990443679,436,0.896163469557965,0.879293620065651,0.581713691752619,0.526615969581749,0.024001628762646887
arnoldi_v4,ArnoldiGCL without S1/S2,human,cold_drug,983997847,3,26bae1a0955b735d7b18996531c3ef1fee75d5172f7afbf34500992918cf0f2e,0.9022586131877695,471,0.903300521134916,0.8526818757578627,0.5443052302330714,0.4944500504540868,0.2535302780915613
arnoldi_v4,ArnoldiGCL without S1/S2,human,cold_drug,983997847,4,0f58031fe12cc2de5150b5b2ccacebfd0a27eacae9ebcf51533c226483ca9f34,0.9192435279231216,537,0.9131538852209243,0.8842812507585767,0.48248039130430426,0.4137142857142857,0.5845126434548257
arnoldi_v4,ArnoldiGCL without S1/S2,human,cold_pair,1941488137,0,bd8c67818f266d75d831f723c20013ef2773f8b572184a55088d978865aaee88,0.8136250346164497,149,0.884685784014643,0.6205846583487231,0.15516389547009876,0.18181818181818182,0.4968961179256439
arnoldi_v4,ArnoldiGCL without S1/S2,human,cold_pair,1941488137,1,de41199e4c62efaf511dd2137576a4bfd90a5caba0a24af7151c3e2ea0553713,0.6100000000000001,72,0.672979797979798,0.5719521604938271,0.14841061060375893,0.20307692307692307,0.0005555638344958425
arnoldi_v4,ArnoldiGCL without S1/S2,human,cold_pair,1941488137,2,3379df8c72138ebf749fa4110e8d3bd96e74a1e4fac40d7c974d8576f7c5e045,0.5335169880624426,135,0.6626262626262627,0.7206968449931414,0.29118459783878986,0.2555720653789004,0.025843435898423195
arnoldi_v4,ArnoldiGCL without S1/S2,human,cold_pair,1941488137,3,8008f6f231278ae0fbb1547f4ba35df40452c1820b98845457baefe2fa83f3c5,0.5325443786982249,85,0.5240641711229946,0.7140207612456748,0.1937851299221322,0.22608695652173913,0.02393689565360546
arnoldi_v4,ArnoldiGCL without S1/S2,human,cold_pair,1941488137,4,8b34dab23ebbaac711e38571121161f562d541af56098e2c8b87b7e581f85884,0.7069135802469136,54,0.7861952861952862,0.6303497942386831,0.17431197771671508,0.1910828025477707,0.02411438152194023
arnoldi_v4,ArnoldiGCL without S1/S2,human,cold_pair,4198936517,0,c599300df5b2ef0e50f64754f47aba326dcc6a75a3d10b9702e2db478089d1f4,0.6402439024390244,152,0.8528708133971292,0.6589162049861496,0.13907866359255494,0.12142857142857143,0.4492896497249603
arnoldi_v4,ArnoldiGCL without S1/S2,human,cold_pair,4198936517,1,6d3820abd87f7335237c574ad06a563bfe76a527f8622d23ed6706e61a02501e,0.6258503401360545,73,0.4931506849315068,0.625389378870332,0.1488543678106935,0.19723865877712032,0.0004616756341420114
arnoldi_v4,ArnoldiGCL without S1/S2,human,cold_pair,4198936517,2,0a398b6e5968651e3f7732810ecdeb9c20ab8410e42ba1dea9b78b57b7f4b740,0.7488657844990548,59,0.8582434514637904,0.6201666187877047,0.17270771899742413,0.1320754716981132,0.160085991024971
arnoldi_v4,ArnoldiGCL without S1/S2,human,cold_pair,4198936517,3,17ae3f073110d144df44f48448f0b1769b825674b197aa22a58820e1d26a1419,0.6960000000000001,172,0.8863636363636364,0.718804083288264,0.29007156291372904,0.3425076452599388,0.19425001740455627
arnoldi_v4,ArnoldiGCL without S1/S2,human,cold_pair,4198936517,4,5e4f89773931feec371bc5318cdb8d788c6407efb92cd88e675fc19b2bb40639,0.5059476605868358,120,0.6060606060606061,0.6894236111111112,0.2848981788751045,0.2261904761904762,0.48878246545791626
arnoldi_v4,ArnoldiGCL without S1/S2,human,cold_pair,983997847,0,0f03eb4162b879e7617fddc65d193722488f8264565ffd7c40b6a62a83df8fac,0.794020715630885,92,0.8982213438735178,0.6872991493383743,0.2745991089901806,0.31788079470198677,0.4888959527015686
arnoldi_v4,ArnoldiGCL without S1/S2,human,cold_pair,983997847,1,ab3f176e26732a9405bf7aa8cf428370d2cba2de7f534e7de90b588c3082a051,0.5886524822695036,118,0.6833590138674884,0.6596344441252514,0.2754027904795175,0.22598870056497175,0.49629226326942444
arnoldi_v4,ArnoldiGCL without S1/S2,human,cold_pair,983997847,2,a45d9e52f747a1356f288e2e07ae425edd460014c17d6ea8d75f3dea09754d32,0.54541015625,73,0.7297633872976339,0.5954025145430663,0.16205151641655927,0.20512820512820512,0.008221566677093506
arnoldi_v4,ArnoldiGCL without S1/S2,human,cold_pair,983997847,3,0374dee88a8014ae6196dba73dc66a252067d6bea2c2be5adab49a27342da802,0.6038369304556355,139,0.7338129496402878,0.6026758449355623,0.1338524412637443,0.1710794297352342,0.4324883818626404
arnoldi_v4,ArnoldiGCL without S1/S2,human,cold_pair,983997847,4,8b2b4d7f522a6296b722e4648052b41b54ab6f22944ae92675f84ff6ee26c967,0.5203619909502263,100,0.36727272727272725,0.40264500000000003,0.0744001087332189,0.11224489795918367,0.5034545660018921
arnoldi_v4,ArnoldiGCL without S1/S2,human,cold_protein,1941488137,0,7cb69146150959e01230f6b5c7717ad44925427bbf9b6d06b05a6b5c6cd3a88f,0.7664809688581316,605,0.912396694214876,0.6705145823372721,0.3899280015461921,0.39080459770114945,0.5078022707733388
arnoldi_v4,ArnoldiGCL without S1/S2,human,cold_protein,1941488137,1,c03a6a0be3b7940366b4d416b49c14232283356fd56d9862dcd17f80180bb081,0.8161940586419754,476,0.9314362108479756,0.7765257573617681,0.5275545554080359,0.5518102372034956,0.7340679062882515
arnoldi_v4,ArnoldiGCL without S1/S2,human,cold_protein,1941488137,2,cb0f1a691beb4adc74b4b7287889c3513e426f8c77b95d8d2469955a14eb25d9,0.8364561831488084,688,0.9176797040169133,0.6723801294618712,0.40555522034715596,0.4083570750237417,0.11614668753559489
arnoldi_v4,ArnoldiGCL without S1/S2,human,cold_protein,1941488137,3,e9a410074f5af92384c7ea7cbc604118a4bb751d05fbef40b158e06af77078ce,0.7257930193568054,448,0.6152597402597403,0.7723271584024234,0.4076176981678524,0.2785388127853881,0.4857804050102626
arnoldi_v4,ArnoldiGCL without S1/S2,human,cold_protein,1941488137,4,f27eb92e44ae906264399b45ad8e075aa5c13b614d3dfc215facb2599738bb9f,0.6898175382368453,416,0.6210664335664335,0.7360981416420118,0.4183934973578655,0.2627551020408163,0.494932698705425
arnoldi_v4,ArnoldiGCL without S1/S2,human,cold_protein,4198936517,0,3593355e476aa732f041a4be078216cf682e8d170e22eccf705d6a3af57bd533,0.8310704801440737,666,0.9155064155064155,0.7224808141474808,0.4532035227927921,0.44484304932735425,0.2810139312319537
arnoldi_v4,ArnoldiGCL without S1/S2,human,cold_protein,4198936517,1,2075c796adb0e2a27e7c390bb4d8033e4d271d1bc1dba505d080b6f64d17ff34,0.8480781613056745,452,0.918342719227675,0.8096640300728327,0.6134980578349649,0.5548245614035088,0.19760531252785854
arnoldi_v4,ArnoldiGCL without S1/S2,human,cold_protein,4198936517,2,d99e86b535bcb2a067d03dd88bfd76c86768bcbef42493693fa847c07710d053,0.7528090873207316,438,0.9300539643005397,0.7747534455078083,0.5686663517817891,0.5696040868454662,0.6826581411165732
arnoldi_v4,ArnoldiGCL without S1/S2,human,cold_protein,4198936517,3,87b03a37e5bd84e0d0a7a3ae7cc7077c7b7160aef7bdd2afb26e89064cab7330,0.8416767659279779,616,0.9152892561983471,0.6792188027070332,0.41311872512837483,0.4166666666666667,0.7596049299305433
arnoldi_v4,ArnoldiGCL without S1/S2,human,cold_protein,4198936517,4,126935daee05969237fe55788ca0d3770e52af4a200050501cca7fa44e62a3d3,0.8251500781228586,461,0.9341352790376651,0.7502068030924003,0.5356003297938579,0.5412087912087912,0.18969244520141668
arnoldi_v4,ArnoldiGCL without S1/S2,human,cold_protein,983997847,0,b975bda7bffa478f7ce84c3c04a6f2334e76849cc07bdb35f50840e6781a4828,0.8140793321021853,441,0.9332096474953617,0.7779721412374474,0.5559031582655233,0.5561643835616439,0.5755587543526743
arnoldi_v4,ArnoldiGCL without S1/S2,human,cold_protein,983997847,1,957c6eaabfcceb16e4218df5757fdbd002c080cf60c72b1f4f2a9388bc067b8e,0.8080759678597517,513,0.9330143540669856,0.7297212057651167,0.5180863113290625,0.5239294710327456,0.47733730581525424
arnoldi_v4,ArnoldiGCL without S1/S2,human,cold_protein,983997847,2,905573cff79b426bf47d99a1b18ed055fff710b8b00740d56aa6ab87eb08a1c2,0.7694603073631252,463,0.9226389161594345,0.8043070593229432,0.5745013401740477,0.5631929046563193,0.49747012234713817
arnoldi_v4,ArnoldiGCL without S1/S2,human,cold_protein,983997847,3,40f3650964082375d0fb6e5e1019d8188002152ae847d74cc00bcd40bcab0264,0.7593888277442107,724,0.9026870919136113,0.6868960997832788,0.3544483259506779,0.3459915611814346,0.6511317287405874
arnoldi_v4,ArnoldiGCL without S1/S2,human,cold_protein,983997847,4,e147190debc1ca6a45f9f658aec6ae9bf10f0a86236fb1b2e36ec955cc112690,0.7428019065701515,492,0.8915373244641537,0.7491617919227972,0.500993118010309,0.4687782805429864,0.0001836299467955443
arnoldi_v4,ArnoldiGCL without S1/S2,human,random,1941488137,0,3ee649582c51d150475d3d256d55c6fff7157336dfa58397b759280f8a7dbc85,0.9207205588374027,527,0.9416939796446437,0.9136728609543837,0.6910810033169346,0.6334056399132321,0.9588787049463351
arnoldi_v4,ArnoldiGCL without S1/S2,human,random,1941488137,1,1eb203df0bf0b5ae9a461841e4e43b8812f7685326bbff9593bb89cefc51caea,0.919805260438894,527,0.939451440400207,0.932901317471348,0.7349680688466245,0.6621751684311838,0.8272479891777033
arnoldi_v4,ArnoldiGCL without S1/S2,human,random,1941488137,2,6c082337c0ebfc9cc8200f8b88b1979992d5518604da2d05d12c4f6c2bb7c2c1,0.9010354664091104,527,0.9484215973779541,0.9262619315951881,0.7422935500233576,0.6567164179104478,0.9613490232049602
arnoldi_v4,ArnoldiGCL without S1/S2,human,random,1941488137,3,eb685a487de50970e62869aff74f9bc2208e4d2392b5b13388bec0d70e1129c2,0.9104714629051458,526,0.938126512270999,0.9111787795110526,0.6983218346674748,0.6255230125523012,0.9056040729561897
arnoldi_v4,ArnoldiGCL without S1/S2,human,random,1941488137,4,0b79b831cb7ae126803958380cc5372817612cf9372ab369c224cb212271ef7d,0.9042878641539946,526,0.9386450051849291,0.9153562289464935,0.7081837613997081,0.6529814271749755,0.8564346217129342
arnoldi_v4,ArnoldiGCL without S1/S2,human,random,4198936517,0,3bcfa52e669072e9cb6d9b139b85fc06064191c273108f303dd1a87d1a8a0b91,0.909707778351789,527,0.9441090219078834,0.9211288702296123,0.6994309727553327,0.6693877551020408,0.9472989931498489
arnoldi_v4,ArnoldiGCL without S1/S2,human,random,4198936517,1,c5a6c5aaab4d4e3bec9b95463f04984cbbed697217f645a8ea24bc4f0e9de784,0.9290840277621797,527,0.9399689494566155,0.9260136680001009,0.7101759152529312,0.6484848484848484,0.9048219881645623
arnoldi_v4,ArnoldiGCL without S1/S2,human,random,4198936517,2,4e5f39c804d2a94efa32f8fb58590ed9076f3bdd932dcf31fdcfd6fdac711963,0.9238876036027941,527,0.9392789373814042,0.9169692397985085,0.6922287474900057,0.6333333333333333,0.8612831439057439
arnoldi_v4,ArnoldiGCL without S1/S2,human,random,4198936517,3,e4db0b416220a414e748ec53e82eab3c5d1d6b0064e0b11e992230339346d754,0.9322432110689338,526,0.9357068786726581,0.9167643742138819,0.7054181111340712,0.6416184971098265,0.774697271928395
arnoldi_v4,ArnoldiGCL without S1/S2,human,random,4198936517,4,1b65f2cfeb8dec15714fa96b172c9ae08f364abd5758434f3a52d7d83202e51d,0.9144560993688373,526,0.9419287936398203,0.9164840824646879,0.6951531467268895,0.6470588235294118,0.9626857822888517
arnoldi_v4,ArnoldiGCL without S1/S2,human,random,983997847,0,8e3728b3831b303054f4db65a05ddba96318f5fa1c553d996fb446a685671745,0.9268929269333571,527,0.9387614283249957,0.9241940884819373,0.6943610316274557,0.6654099905749293,0.804416333975856
arnoldi_v4,ArnoldiGCL without S1/S2,human,random,983997847,1,74a1b53c2ca13a336af7697dcb71b812f573d3df1b21d19bce03e8461e06d5b0,0.8896296129916219,527,0.9368638951181646,0.9219580958416299,0.736701140245989,0.6500956022944551,0.8299140995495939
arnoldi_v4,ArnoldiGCL without S1/S2,human,random,983997847,2,ff952d55942ea478d13768a392518e50b7b12b8ef7ace19be68a264d64ccb8ad,0.9326744682284764,527,0.943419009832672,0.9255961746882753,0.7202857716370688,0.6427015250544662,0.9200992518908355
arnoldi_v4,ArnoldiGCL without S1/S2,human,random,983997847,3,791163edfbaac8b3d9568440051d03e70556061ba4a76c92e539462704d82ced,0.9310493924215539,526,0.9431386104389907,0.9196825890210932,0.6820460054725049,0.6248574686431014,0.9558005912663186
arnoldi_v4,ArnoldiGCL without S1/S2,human,random,983997847,4,aae19ac732a2aece44d67149029670a09036945210e85bb764eefc2e6c71a80c,0.9303182767682667,526,0.94141030072589,0.9241181020399312,0.730042219074808,0.6749760306807286,0.8295079141446975
colddti,ColdDTI-inspired threshold GCN,bindingdb,cold_drug,1941488137,0,d3122cff3f09f0e7ffd06030d60d5e2eca915ec3d9ead8dd02edbd3283126894,0.9383065246394486,4182,0.9244598060953871,0.9386109475809079,0.6808059438168792,0.6242024440359035,0.8363934253258248
colddti,ColdDTI-inspired threshold GCN,bindingdb,cold_drug,1941488137,1,271362873bdfd8fae15456fd6c51cac9d2e8e081d8fbaf95bf8f87f4e97a44bf,0.9392366872057643,4280,0.92107051826678,0.9235810305485195,0.6500430478501239,0.605771270952684,0.825098153597688
colddti,ColdDTI-inspired threshold GCN,bindingdb,cold_drug,1941488137,2,6fade7330d6d26b28f5faeff6b9ddbaaf1b6001f51b43b0e085de6362903a3fb,0.9397766374639008,4116,0.916953794504815,0.9338575798915986,0.6761797596315975,0.6153846153846154,0.7803889635980947
colddti,ColdDTI-inspired threshold GCN,bindingdb,cold_drug,1941488137,3,bb13aff79788c532ba4be6faf227627a3fd9a0922917ed81c0c27e8b1e896e17,0.9385612033479066,4061,0.92178370755076,0.9341466515229065,0.6696236511895081,0.6251072961373391,0.7926714143361132
colddti,ColdDTI-inspired threshold GCN,bindingdb,cold_drug,1941488137,4,c7ebc80f58f9cbb1d44a9197b733c0c17d684e5c756941826054ab573b76f457,0.9373246357870514,4035,0.9269798355300214,0.9351947995313622,0.6662336183711096,0.6161317067393107,0.865334874946777
colddti,ColdDTI-inspired threshold GCN,bindingdb,cold_drug,4198936517,0,f99b8da5ab42ba3a3a174619834df007af4996a7b09c0c44599b9192d2853fb2,0.9255785182392309,4084,0.9219570830736354,0.9336485410205471,0.6747441939572157,0.6207269580268282,0.7816920582154028
colddti,ColdDTI-inspired threshold GCN,bindingdb,cold_drug,4198936517,1,af1dc944cf987f1e10275d3ad0c7073b6aef183cdfd1520f3a8905ecdd563efa,0.9247340673427455,4191,0.9253378451660484,0.9309227781908274,0.6501251213601013,0.6029072450392248,0.8355610901362275
colddti,ColdDTI-inspired threshold GCN,bindingdb,cold_drug,4198936517,2,3ed3b0703aaae09b96234f544ce4f3d852b5973fdf99e944f8e86e8ff0842696,0.9402240528378574,4093,0.9247273615707527,0.9382467274280026,0.6796649354737193,0.6268032155049004,0.8100542778021669
colddti,ColdDTI-inspired threshold GCN,bindingdb,cold_drug,4198936517,3,2b423d98eadf4e955c204ac0c7d2cf1317801698510fe27edaa02dc1817607cc,0.9413434461810198,4171,0.9259388417863603,0.9250408469940723,0.6652165360677856,0.6141267317737906,0.8462625678026513
colddti,ColdDTI-inspired threshold GCN,bindingdb,cold_drug,4198936517,4,c0d6c15b73d44b1e9e34d83f78ea6d8fde927a5b41c7fa3eec65dd204b3f1780,0.9376973706335013,4135,0.9243267011102562,0.936854927923805,0.6694125459577911,0.6241537453592487,0.8394410057508781
colddti,ColdDTI-inspired threshold GCN,bindingdb,cold_drug,983997847,0,caa30460df33a20c98ac7f63f64cccd6e9a80b8154201f05a46ca9b2cbfc1bfa,0.9403165386081856,4095,0.9194361194361195,0.9366373656190505,0.684220438940796,0.629050393539814,0.7957091608521055
colddti,ColdDTI-inspired threshold GCN,bindingdb,cold_drug,983997847,1,ae65eea815e50b920663d8c7fb5fe425d8ce49ff9f7ea44fc38c5d61edca2fc0,0.9141736207549551,4095,0.9289155289155289,0.9342281229827017,0.6775823520886951,0.6216024580477428,0.8672728258861254
colddti,ColdDTI-inspired threshold GCN,bindingdb,cold_drug,983997847,2,530d0d9ee08f5eff47c8e7cd28570f7bdbae4a81314d4db83c4016e816c87dcd,0.9316928324675211,4149,0.9226976927627687,0.9308285176872282,0.6612949603360834,0.6198275862068966,0.8436346006720034
colddti,ColdDTI-inspired threshold GCN,bindingdb,cold_drug,983997847,3,7b34a851f2b0deb3f060c6d82b3f07b4d7445a21502d5e1379f27e3441d33311,0.9329434768157552,4189,0.9183359013867488,0.9359659012130406,0.6829358769019948,0.6247132741597686,0.8302888364008029
colddti,ColdDTI-inspired threshold GCN,bindingdb,cold_drug,983997847,4,a09e124b606033d05e2869d1398ae3af7c00f8029d69e95dcfc4a56497f40ed6,0.9435721543616907,4146,0.9236065429987282,0.9415143569412535,0.7048355322467432,0.6365533069059044,0.8193625821805982
colddti,ColdDTI-inspired threshold GCN,bindingdb,cold_pair,1941488137,0,2b4cfc3bb4039bbe25bf713ec37108d8cd7099263d4163e97de30bbe11e8916c,0.5318183038470832,876,0.5408883354088834,0.6126989898042159,0.13504587130690396,0.19884099963781238,0.5005238149917289
colddti,ColdDTI-inspired threshold GCN,bindingdb,cold_pair,1941488137,1,5ecd70455c0eaf43ddb52714a848e8038eed447795919cb02a36dc75e7d002e6,0.533946120938837,719,0.1967378935390062,0.5177001746746853,0.09407600572916297,0.16856432404135585,0.0008049195690546185
colddti,ColdDTI-inspired threshold GCN,bindingdb,cold_pair,1941488137,2,498c1745279d8458ec7ac82f9c192b80b2d6514f22cd4804005f82496da59376,0.539969947407964,685,0.5311214333112143,0.5247141563215941,0.09641483460783348,0.16180308422301304,0.03308422284277335
colddti,ColdDTI-inspired threshold GCN,bindingdb,cold_pair,1941488137,3,43e02e384720b83176d3f006a506fdf82e19e213eac9656a0249835c8f1b0221,0.5736058601134215,1166,0.5579292062997038,0.50973508998526,0.08687579017985284,0.14012738853503184,0.48031982443104054
colddti,ColdDTI-inspired threshold GCN,bindingdb,cold_pair,1941488137,4,b79488fb07b6204668a5d205427de2a4d6a388125d3a689c76e691a7e1078a0c,0.5777015698826399,747,0.8462942679810149,0.5119046466992467,0.09396037861131994,0.08278867102396514,0.5004602273849592
colddti,ColdDTI-inspired threshold GCN,bindingdb,cold_pair,4198936517,0,623e3f2499dd11866908cefe7fe7e7abe7c21170e81c11241d5b048682e96432,0.5440309467213735,1037,0.30542649250460246,0.5043528314466941,0.08684248098894776,0.1598982080373237,0.49457480713929214
colddti,ColdDTI-inspired threshold GCN,bindingdb,cold_pair,4198936517,1,5e8664cd3b0a95abf0f6b0d15ce4771e4f24c5969a60edec42f76bebdf870ed6,0.5615069252077562,742,0.5667728497917177,0.5329838129627074,0.10551857133296913,0.1703425621773815,0.0903251536129272
colddti,ColdDTI-inspired threshold GCN,bindingdb,cold_pair,4198936517,2,f138fd2b71c3a54018d0937acabffe0ea4ac8598e60bb0b122469f6e7b60a27b,0.5758213899405084,943,0.5207750891738167,0.5699658925677734,0.10953882272952402,0.1876123549599608,0.4929545631310711
colddti,ColdDTI-inspired threshold GCN,bindingdb,cold_pair,4198936517,3,3894e7ee00e5ffe62c846a7ab1197097de5b9db34c79da92c0981897c6953231,0.5232009512485137,655,0.09340735600277585,0.49451325680321667,0.08804439513581686,0.1670492221372099,2.2501390040566484e-16
colddti,ColdDTI-inspired threshold GCN,bindingdb,cold_pair,4198936517,4,3d88c52c58071efde8e1fae42ed5be4d4d3354b23c80f64b663bc7d5806a8fc2,0.5260298777727478,723,0.7223689173896642,0.5111051806959247,0.09350221313039758,0.13411764705882354,0.059011880729398496
colddti,ColdDTI-inspired threshold GCN,bindingdb,cold_pair,983997847,0,a1543616e83727949e58fe0c4fc7e23733d1725603632dfd593a38e9d4314a38,0.5433288888888889,1058,0.6487368963739474,0.585693974435483,0.10724666271864552,0.19400630914826497,0.4476205180973223
colddti,ColdDTI-inspired threshold GCN,bindingdb,cold_pair,983997847,1,44c0d6816c76aa3a2113b5e5b49b5baa57093baa92b9170f41621f144578efbc,0.5563106796116505,874,0.74173080923653,0.482594557231802,0.08582618629513061,0.1173124777817277,0.4906328177615388
colddti,ColdDTI-inspired threshold GCN,bindingdb,cold_pair,983997847,2,b3cf07d59bdc3e1f2b3148b95d02e95198c5ddf26efd2fe0a722234d1129296a,0.5684625011446537,732,0.8309736711376056,0.5061830937024097,0.09163381924945321,0.07853757616790792,0.5053476084585059
colddti,ColdDTI-inspired threshold GCN,bindingdb,cold_pair,983997847,3,cb3eb24cc3f35d3248ba1e807c2bc1e8ba6180a8b79931b4372d487d74d59b8c,0.5221058792924038,691,0.27128009472437836,0.517319013740861,0.09731013905073733,0.1651846269781462,0.001253204980724785
colddti,ColdDTI-inspired threshold GCN,bindingdb,cold_pair,983997847,4,b1ee7b4942b8c6aa621a1b8d5b9dd55945af4aae50932fc4fc5366d293b027b6,0.5582303509639149,771,0.5476948473057422,0.5267895384066712,0.09284057971540054,0.16536118363794605,0.03734795504236874
colddti,ColdDTI-inspired threshold GCN,bindingdb,cold_protein,1941488137,0,b8f4b00318dc9ff3a71214100e4aa6df2e9f73a506a45512b1452972c20df9a5,0.457512330525652,4204,0.09828302049995676,0.5581810903891994,0.11701784599690462,0.1676015570416209,7.195895962430754e-11
colddti,ColdDTI-inspired threshold GCN,bindingdb,cold_protein,1941488137,1,6324786832b507b8d88ac5af97a996d64cf4221232f8a2c04500f4f96dfda2e5,0.61167636501108,3581,0.4508644106521794,0.5650589411162781,0.12494980073305825,0.1814810610360616,0.00027733738274610153
colddti,ColdDTI-inspired threshold GCN,bindingdb,cold_protein,1941488137,2,18a6cc162f1fa8d7979557f3103d6589ad6c76101e9d4b05edbc3508c39d7449,0.6773911631713829,3319,0.5802130981401846,0.6054237650943952,0.1345672638112725,0.19616070491975243,0.0011252418723378386
colddti,ColdDTI-inspired threshold GCN,bindingdb,cold_protein,1941488137,3,d8a62a5b9d02c5fdecaf03b3e4205a1fd809acb1a39813a2983042d6e71103a7,0.4585623205890918,5585,0.10342638561080818,0.48777523084678953,0.09678011424999503,0.16466734406041947,6.333708704133769e-37
colddti,ColdDTI-inspired threshold GCN,bindingdb,cold_protein,1941488137,4,6f23544a9a5ff66b69f436861c5b792732177ec1bed1d2b13661542bac6e24ff,0.6281475306647327,3985,0.4648112239078362,0.5548908973267066,0.12165022107787707,0.17839882328220213,0.0013075591097681547
colddti,ColdDTI-inspired threshold GCN,bindingdb,cold_protein,4198936517,0,22e974af8b2c809bdefdffe3e21f5cd4dca5166faa3d99cf8e431c989fe973ec,0.7086629913808364,5398,0.6837044023038836,0.5178459225151797,0.10946630925142599,0.1525966701258855,0.008784067006781696
colddti,ColdDTI-inspired threshold GCN,bindingdb,cold_protein,4198936517,1,7de9c60893654c75d6754628b7974dd61c3826b3a821f9d60b154eb8dce8beb7,0.5883978392628015,3710,0.24589561382014213,0.5790435517033442,0.13007545452218927,0.1737145925627601,7.049895635670871e-08
colddti,ColdDTI-inspired threshold GCN,bindingdb,cold_protein,4198936517,2,a1b2551830003e141ac4c3d8c0b31d0bf510c9258df9358bc6e3050d3e4a2ad1,0.6352990625535355,4675,0.4898201263976665,0.5552255952414996,0.11726594437139909,0.17657397526834473,2.7379748656267723e-05
colddti,ColdDTI-inspired threshold GCN,bindingdb,cold_protein,4198936517,3,54e27bd08e4aef100ce01bad8ce9e207fa9a2710a2c83e4014f33c0e5ca75c50,0.5198901971752521,3397,0.3711563679182166,0.43776094146690764,0.07373269436921173,0.15053141493745933,0.5043514966964722
colddti,ColdDTI-inspired threshold GCN,bindingdb,cold_protein,4198936517,4,0daede7857fabe586f0f52f24e384964600ef55eaaa7afdc863972f69e5aa1ee,0.40880651628208886,3494,0.11419576416714368,0.5227961033207963,0.0954810244761162,0.16928970548764122,0.02679531657685564
colddti,ColdDTI-inspired threshold GCN,bindingdb,cold_protein,983997847,0,a5feacf2df5d6831b820604ee4902c21b8ee04ab2881d4c6d5d7c3b487a651d3,0.6910897866436083,5465,0.5798220078183481,0.531665290809267,0.1164430283990994,0.16788008565310492,0.6009604334831238
colddti,ColdDTI-inspired threshold GCN,bindingdb,cold_protein,983997847,1,0f751e4977a964aa5d45f5e60f178b601671b9f0c0c50246a40f80b5ea0bea35,0.5550734750242059,4229,0.39349513102173306,0.54856705893128,0.1154558854235328,0.17285253591322192,0.0007711739279648712
colddti,ColdDTI-inspired threshold GCN,bindingdb,cold_protein,983997847,2,97af94b0063094defb869e774b6c443798a524b786f6404e94fa204ec20371a1,0.5907062779392407,3754,0.4522206615973265,0.5485022404799824,0.10253677530327764,0.18250813155041562,0.03164550877903423
colddti,ColdDTI-inspired threshold GCN,bindingdb,cold_protein,983997847,3,998506e928ef1e0c00d67e1ebc691c0912c556c62ce64b142e76df88d3301536,0.47057533806048957,3428,0.21411901983663945,0.5156768245650821,0.09336572478118499,0.1722346368715084,0.152127712936434
colddti,ColdDTI-inspired threshold GCN,bindingdb,cold_protein,983997847,4,265ebe6c7813d7d91f031416042ef8a1914cf0307163f2e590e14d3be8496eaa,0.5752722742010971,3798,0.6343051366748049,0.5529606641448992,0.1212317179953979,0.1743406830955469,0.0687149060507343
colddti,ColdDTI-inspired threshold GCN,bindingdb,random,1941488137,0,b9f98ff3affb86a1ce4b9c5e5472552e0a3af3744fa4dc64867fb8ca8a7429c5,0.9345339574721938,4135,0.9194239859294273,0.9390326218072346,0.652801810156761,0.6104793283026889,0.8114542820274013
colddti,ColdDTI-inspired threshold GCN,bindingdb,random,1941488137,1,df7fca01d0b5a54dcc2c252649e73083ec1e03258bb2ba439dac4818d4116d32,0.9447172147986121,4135,0.9295152247993844,0.9425537914023239,0.6647081876994088,0.6132689987937274,0.870347979027931
colddti,ColdDTI-inspired threshold GCN,bindingdb,random,1941488137,2,e37319a5252456b0cc89339cc40f83f8ec8d2f500338ef847eb2394b202c8a1c,0.9402459721696259,4135,0.9211388369792239,0.9404215028168128,0.6574023620790885,0.6130945960522058,0.6816982891624922
colddti,ColdDTI-inspired threshold GCN,bindingdb,random,1941488137,3,95055dd9f725f176b4a64f81e2a0e31b3e2c38f4ab090b7d7294df43883af058,0.9411428671689605,4135,0.9232714081565351,0.941673068403299,0.6787224244161432,0.6234354769097972,0.8722836412387351
colddti,ColdDTI-inspired threshold GCN,bindingdb,random,1941488137,4,bc251326e2f97ec272acb637b42fda0727940e6e0898341d9a1cc3254c6c327b,0.9386900906380633,4134,0.9268812948058232,0.9417845516980851,0.6631610424653112,0.6215139442231076,0.869485661583404
colddti,ColdDTI-inspired threshold GCN,bindingdb,random,4198936517,0,e19bb407247a1c3f9a14d3d79cb8a3d6a8146026a241c41e590d6d6d17e2d3b7,0.9447950189274033,4135,0.9283719907661867,0.9418017279571418,0.6664093058726086,0.6167058823529412,0.9033215782903644
colddti,ColdDTI-inspired threshold GCN,bindingdb,random,4198936517,1,95cdd6a9a549c0f479bbeda625fb14b4b7422a760aa633756e0585d4b7a1f46b,0.9429307355003224,4135,0.9228756732988898,0.9462932789807129,0.6883728315311031,0.630113876001687,0.8458973882296315
colddti,ColdDTI-inspired threshold GCN,bindingdb,random,4198936517,2,eebf7de3343762db7f3b4472b0332993b822fe13571c34630f8b932c3b6554d3,0.9360966927853622,4135,0.9271408156535121,0.9384057467953544,0.6668344205175238,0.6234946603044762,0.8704674962285447
colddti,ColdDTI-inspired threshold GCN,bindingdb,random,4198936517,3,0705f193b18c75afb116332bc4434d9d915e73660944c5a068ffa67401f3f12b,0.9405683923331223,4135,0.9254919204133231,0.9408797784565357,0.6699058724193097,0.617537523981492,0.8687043217926806
colddti,ColdDTI-inspired threshold GCN,bindingdb,random,4198936517,4,0f34655d6654128ba545e6b71007cf13a0096db925a2eca3b4d7ff413699a623,0.9380181093359105,4134,0.9219993842635352,0.939162789535561,0.6535408425026681,0.6087148372862659,0.7795506737411839
colddti,ColdDTI-inspired threshold GCN,bindingdb,random,983997847,0,50221d3d5a60a5f8305cd6466d4a636bf326cb35a8869f82e4274a1122350a14,0.9466435843486677,4135,0.9236891282840497,0.9417074550136052,0.6659623875980843,0.6185295087372239,0.8772414813302968
colddti,ColdDTI-inspired threshold GCN,bindingdb,random,983997847,1,ca7853b850250bd472514b6099f39ed64f5af5c79271809d93cd00db9eb88d59,0.9411794023941082,4135,0.9237111135539189,0.9413546259918792,0.6546554589015976,0.6134135472370766,0.8778800060732724
colddti,ColdDTI-inspired threshold GCN,bindingdb,random,983997847,2,869a929e679ec92faf0964819aa84b6417cbbde21ead1497154a3892b41c1055,0.9394179987981208,4135,0.9226338353303287,0.9376340292632713,0.6659591116407507,0.6232737394283268,0.8517969393975114
colddti,ColdDTI-inspired threshold GCN,bindingdb,random,983997847,3,0e34704dcc33f0c5c9228868f6d64cca9fa5b9d85a2e751d618cd9213aabcf4c,0.938397881943886,4135,0.9228317027591514,0.9416177468713856,0.6739347506136633,0.6234713580776657,0.7663175167612836
colddti,ColdDTI-inspired threshold GCN,bindingdb,random,983997847,4,f0040bedf05f81f4adef9fcf43325837a5e5af196f2e5cb5be7e93b9224a3eb6,0.9411959794072191,4134,0.9241984430663676,0.9398497398120861,0.6760238849934139,0.6271498107084911,0.8528338851994031
colddti,ColdDTI-inspired threshold GCN,biosnap,cold_drug,1941488137,0,0dde78d724b699a171b9e73ce8da6eed90afbb0e81889dba066c152277a6831a,0.8857811388297179,2947,0.9273220840916803,0.8418302348387857,0.5555915231259028,0.5329103885804917,0.8316639958995664
colddti,ColdDTI-inspired threshold GCN,biosnap,cold_drug,1941488137,1,05c1111bb5eaeec4581c48562a2d93fdad2397fb306560bc5c63ed2285481684,0.8740094190120431,2789,0.9264317611395417,0.8532932867315008,0.560067501781098,0.5257407018281152,0.8846793001645232
colddti,ColdDTI-inspired threshold GCN,biosnap,cold_drug,1941488137,2,8d7becc9ec965fae3cad75020e65aae6611a1463eb00b269d8a65490c505b6e2,0.8649526673412778,2704,0.909158149542765,0.859452144368632,0.5614173250112661,0.5328492392807745,0.7775074551203479
colddti,ColdDTI-inspired threshold GCN,biosnap,cold_drug,1941488137,3,b69c25480603ce368168d2027d0440423f86dd2866e16d0ed5bac620472b87af,0.8315154666466362,2578,0.917377812257564,0.8491901697300245,0.5301625436428792,0.5203684749232343,0.7949826901906156
colddti,ColdDTI-inspired threshold GCN,biosnap,cold_drug,1941488137,4,c0fddbd8642abf6c3cf66942cdb56947649f142191b46a8425f429f532262ac6,0.8403244429005883,2812,0.9251907409802147,0.8565625638646807,0.5715724122352491,0.5536265432098766,0.775806359526229
colddti,ColdDTI-inspired threshold GCN,biosnap,cold_drug,4198936517,0,5c219cc120686c883e7bf755698024447f43c50ba720467e8ea0c62d10c59c56,0.8754198554421768,2636,0.9202648641191888,0.8611068424015788,0.5807416209906608,0.5418152992469283,0.7965697947022033
colddti,ColdDTI-inspired threshold GCN,biosnap,cold_drug,4198936517,1,3d6c3d07b85c2cc2d5be78939c078813b2caccd1365475fd07f9320e7ab8e035,0.8535994494020792,2980,0.9199206833435022,0.8359653281383721,0.5353940073962578,0.5325022261798753,0.7919066558961999
colddti,ColdDTI-inspired threshold GCN,biosnap,cold_drug,4198936517,2,8c83f85e76b7e1295bbdc5eeda9af96b06b5bebcc45111d68752138c42d35ae4,0.868220590598213,2774,0.921708068427607,0.8332543824128573,0.5060350000980431,0.5032231233104596,0.7919397566416494
colddti,ColdDTI-inspired threshold GCN,biosnap,cold_drug,4198936517,3,f9c6e915b8e319425e68b7ed11852de6369777cb1df242e8acaaf7516c487593,0.8358684038436112,2696,0.9223428648502833,0.8543911905977863,0.5601532113650675,0.5436893203883495,0.7648064374597106
colddti,ColdDTI-inspired threshold GCN,biosnap,cold_drug,4198936517,4,8c25f08c33d9218824f51c83c6e15f1b38436e4c883a76888389a856c3727acb,0.8665350282772735,2744,0.9264510999204877,0.8521027125708676,0.5539202973249934,0.5268542199488491,0.7823144341576592
colddti,ColdDTI-inspired threshold GCN,biosnap,cold_drug,983997847,0,7073e1468209ad34718675fe4cde1f700224fc93c70c42e428ab87870680b0a4,0.8323785410406892,2804,0.9265011023213591,0.8742588664858232,0.5817865484802786,0.5567937438905181,0.8013467090423793
colddti,ColdDTI-inspired threshold GCN,biosnap,cold_drug,983997847,1,b09953fd4d7f62ee241de6a0743dee295aedf4f2c788ab85ac3d61b3d4534be6,0.8422735565818821,2695,0.9137122617642098,0.8246630914804782,0.5044077928863683,0.5005857087075362,0.7784760561707899
colddti,ColdDTI-inspired threshold GCN,biosnap,cold_drug,983997847,2,e03a947319a7ce0a30a9acde4d445c946a156102ab02ceeb9e0082a1c7577c02,0.8725738592266252,2817,0.919062832800852,0.83776587680986,0.5264865535254194,0.5064935064935064,0.8024986757562587
colddti,ColdDTI-inspired threshold GCN,biosnap,cold_drug,983997847,3,b2d432a7a3f9058c024f5f2578182a059bf5778bbcadeb61784cabe54ba6f18c,0.8775223876049559,2922,0.9263269242735361,0.8555162551691925,0.556202142720149,0.5470543228768171,0.8133357170509964
colddti,ColdDTI-inspired threshold GCN,biosnap,cold_drug,983997847,4,4662f7f454bfe52811ed009d8fdf5609c6f3c1f4ef1c5a40cf74dc10cf553ded,0.8332781619534867,2592,0.9175785634118967,0.8547794927531054,0.5766237652652828,0.5393963151705213,0.7659833040955948
colddti,ColdDTI-inspired threshold GCN,biosnap,cold_pair,1941488137,0,81ff1cf1289174f7f6901b238f8274214b99ccf0b30871c1e9fb9c54824eaa64,0.6205018742190753,736,0.9056324110671937,0.6781351532963138,0.23548694612816534,0.1136890951276102,0.43691220965287453
colddti,ColdDTI-inspired threshold GCN,biosnap,cold_pair,1941488137,1,eabf504c52c58bec765481fe1a8d067deb9776838063c0dd93aba9f9ca6a4f01,0.698193359375,536,0.8882293080054274,0.6880581351637336,0.20366459906770937,0.18339529120198264,0.4935879783066985
colddti,ColdDTI-inspired threshold GCN,biosnap,cold_pair,1941488137,2,71e439ff03789bdbb390dc0982ac35cf36ec23da8658bdc6f1c9507745b8db2c,0.5965856481481481,530,0.8917667238421956,0.6450761836952652,0.16743513442340813,0.16201859229747675,0.3463519452532677
colddti,ColdDTI-inspired threshold GCN,biosnap,cold_pair,1941488137,3,a2fec1a3c34444adeaee1cbd3ef8a0559776fb58b5a9dd7b001bf0798e165db1,0.7391756655195603,448,0.8419237012987013,0.629415208466199,0.14861102437888773,0.22487562189054727,0.49184521477516385
colddti,ColdDTI-inspired threshold GCN,biosnap,cold_pair,1941488137,4,2d243d87e3fd1623d5b3ffa784324892aff86c3e2b7e6290683beb57d2989f5f,0.6668322384233296,567,0.8930575597242264,0.6842280762327793,0.2178656671165483,0.195416164053076,0.4123327442227977
colddti,ColdDTI-inspired threshold GCN,biosnap,cold_pair,4198936517,0,d53948b107e6707f76abc6bf9e2514eb15982fc444fe80edcf89039c411d2277,0.5989682249817386,580,0.7136363636363636,0.7198017241379311,0.2618827446299609,0.28437132784958874,0.5021199617075593
colddti,ColdDTI-inspired threshold GCN,biosnap,cold_pair,4198936517,1,8bff8961308d7d7b0f11d6d7c62d411933414e2e6c9595b8e07a666c48d87f8f,0.6768785444234404,685,0.8448573324485733,0.636733017209228,0.16839795011849018,0.2314266929651545,0.5032569556203607
colddti,ColdDTI-inspired threshold GCN,biosnap,cold_pair,4198936517,2,b06c142765e46d6b37f51c4a3b5e4e7e891c7f7d5174fb2d2222a0e978f374d4,0.5917160711424452,561,0.7729703451628586,0.7065415081929709,0.27641084656713516,0.3060921248142645,0.43710568269638167
colddti,ColdDTI-inspired threshold GCN,biosnap,cold_pair,4198936517,3,90617ac60f1398f5f2afa657254153ae236a96395e763562096e6ea10484c2ec,0.6016514731140177,486,0.7583239805462028,0.6185398990668767,0.18763423175300425,0.22074788902291917,0.3854487759119844
colddti,ColdDTI-inspired threshold GCN,biosnap,cold_pair,4198936517,4,31c262bcb54487b7291c0f669411fd1ee4e817ab0fde336d5dc0811140ecd8b9,0.6734201183431952,495,0.8161616161616162,0.6266195286195286,0.196451494612032,0.2634289919058131,0.4735246926137846
colddti,ColdDTI-inspired threshold GCN,biosnap,cold_pair,983997847,0,be2fa14682ea8a906e1802a152fe451a9cfa1250c630bcae12bca002a7e4c105,0.6280704111797903,542,0.8102985575310299,0.64679096145205,0.18238306752635786,0.2782386726228462,0.4951221689867647
colddti,ColdDTI-inspired threshold GCN,biosnap,cold_pair,983997847,1,fdb70f98b9e463558151fd73d60c71913bd135cf0ce599a478c803de17e9da06,0.66785412389808,564,0.8615409413281754,0.6638964337809969,0.22944539005154863,0.3262745098039216,0.4905391359982425
colddti,ColdDTI-inspired threshold GCN,biosnap,cold_pair,983997847,2,60f2b6d3b2a8cf0e94118477302b68562aa9163fef1a739ab2ee91f9a9ecc305,0.6052687789248844,633,0.4469337929053569,0.6797285425853967,0.22358170455140408,0.19754115440716816,0.4955060128969689
colddti,ColdDTI-inspired threshold GCN,biosnap,cold_pair,983997847,3,58a094f9e8b563676173b717dbdfaf332a78a9bec18a7880fae9290d9c6c7f60,0.6912023266574129,465,0.8948191593352883,0.6766493236212279,0.16620649182851482,0.08813559322033898,0.45121441896647624
colddti,ColdDTI-inspired threshold GCN,biosnap,cold_pair,983997847,4,c84d88de123bbd2f315b943f35ec392b0da31f3f67825c3d6b9a97568dc17108,0.6080816326530613,590,0.7069337442218798,0.6170624820453893,0.1808893887921469,0.2236734693877551,0.4968857230470605
colddti,ColdDTI-inspired threshold GCN,biosnap,cold_protein,1941488137,0,766482f3df920b6196c8c65f02aec9f1e1e1665d35dd7f78a5042a0d576940bc,0.6792144168962351,3596,0.8799929214278491,0.6210321248983854,0.18265624071943903,0.1950144141088689,0.12897359330360217
colddti,ColdDTI-inspired threshold GCN,biosnap,cold_protein,1941488137,1,6845a196d809cb07fee4888cc59d379b6fe25b3ba4eb5507af2fc25a3f7a82d0,0.8363655481164205,2732,0.8978104618660988,0.7418563862170383,0.3150307717806004,0.30661548882366224,0.42795668681190435
colddti,ColdDTI-inspired threshold GCN,biosnap,cold_protein,1941488137,2,f39fce42250d53c5ddc8895a8498a944872f43fd73a6f13a0a9fdd355bb652a5,0.7165917788665561,2521,0.8732826079117233,0.6702396419068323,0.23590886831404623,0.31978319783197834,0.4970027868265975
colddti,ColdDTI-inspired threshold GCN,biosnap,cold_protein,1941488137,3,f358d9d2e2425b7e887892e4fe84f7af67f338032486c9b132b585223b8e3818,0.7190833371780084,2349,0.8977514609698518,0.645427861570216,0.19847930861293275,0.2315299592786504,0.42798030476047566
colddti,ColdDTI-inspired threshold GCN,biosnap,cold_protein,1941488137,4,5389109904b9618c65333360931fc52bdb7de0768f8973450380d4a88c7fc7c2,0.70099408075089,2632,0.8980381320806853,0.6796788748602655,0.27857378830857293,0.20772946859903382,0.4875260994532337
colddti,ColdDTI-inspired threshold GCN,biosnap,cold_protein,4198936517,0,fc1aa75b9b0048814ec09add25cac8ade5a40e6a544a3caeb436ae39d1baa70f,0.6887664537285683,3097,0.8973786949247072,0.7505091431300657,0.3733584987608237,0.41263440860215056,0.40889056402526486
colddti,ColdDTI-inspired threshold GCN,biosnap,cold_protein,4198936517,1,db37bd811ed02491ea414044eaae7af593fb30c6d1b44fcfce78e2e99a64654e,0.678361009247449,3019,0.8800325213044656,0.6430949849364098,0.20343217338189143,0.2148206543161214,0.3563492143480745
colddti,ColdDTI-inspired threshold GCN,biosnap,cold_protein,4198936517,2,008d3a0994db69d5f54c4588ac93f4b42f976f4d22fbd4d859719ba070434feb,0.7418849329550897,2727,0.883988398839884,0.6969018005577602,0.2889440442658663,0.3935169048448937,0.496129557571999
colddti,ColdDTI-inspired threshold GCN,biosnap,cold_protein,4198936517,3,2b4e4783de0d8059207c5a62c7dbf0be095bbdf34bc85fea34551d9ed48f64c4,0.6525953277991935,2534,0.8333931262108057,0.6461621162918328,0.20308123636924535,0.218970736629667,0.003483101069187261
colddti,ColdDTI-inspired threshold GCN,biosnap,cold_protein,4198936517,4,060b1660c869c9a5900c2bdf4a60648e17462fa3743731198ea2f6c924b2c98c,0.6551942823257701,2453,0.6272467850127859,0.6215180326958893,0.14868024344586903,0.2054036972665508,0.04617303790907337
colddti,ColdDTI-inspired threshold GCN,biosnap,cold_protein,983997847,0,590177958a695186bda43d57061d2dd194cac2a926bfc568d7e9cbd20a0946d7,0.694253636812548,2614,0.8356054809765597,0.6601879029345252,0.2652270169160219,0.29289454001495885,0.3661443815574254
colddti,ColdDTI-inspired threshold GCN,biosnap,cold_protein,983997847,1,832f3a6629cf6f280cc79aecaad2047b5b96d712c30e3d0178757df16e2073f4,0.7021723705291303,3068,0.8543321085693967,0.7077374332598434,0.2949966145362297,0.33675121424716675,0.4162799994504615
colddti,ColdDTI-inspired threshold GCN,biosnap,cold_protein,983997847,2,220d15cc845679126f23b0d8e09c11a2944998d03393e7bdfaf23bdf7bbe6f7c,0.732110073938947,2953,0.906289443709017,0.7374151926863222,0.3736333015625626,0.4012588512981904,0.4592703843443361
colddti,ColdDTI-inspired threshold GCN,biosnap,cold_protein,983997847,3,c07811eaf01be5606d069d70d312ec46bd0136fb0cfcf0d26d09dad667c9c6cc,0.721258824891015,2258,0.8877526370883324,0.6739009650560432,0.1942860225200128,0.23280132085855806,0.4812583027228917
colddti,ColdDTI-inspired threshold GCN,biosnap,cold_protein,983997847,4,be3028af004ff4ad7fc880847e5721202254729b24a883654424bcb59362c142,0.6704808247764098,2937,0.8603089113814344,0.630501344254773,0.18653058977996756,0.19309851600214553,0.0032240122098041923
colddti,ColdDTI-inspired threshold GCN,biosnap,random,1941488137,0,ad307479fdfca1bc80726097c9633b89a766f0c052aa390ebf328171c21c20ea,0.8862383056090566,2766,0.9290080851902978,0.8950922170305785,0.6274712508227165,0.5810705973622964,0.8326188165031067
colddti,ColdDTI-inspired threshold GCN,biosnap,random,1941488137,1,6fa5158ba6cde08eb257cca347f872d440be4063e1353c8862c0835e91c2b47b,0.8968244884879125,2766,0.929665417734832,0.8921479916494527,0.6407627283642768,0.6001494768310912,0.8396248343056195
colddti,ColdDTI-inspired threshold GCN,biosnap,random,1941488137,2,f6e10fabc28d032393e8f512d4983004ec310f38d62778b133b3b45cae5a2c2a,0.900895043965351,2766,0.9274304870834155,0.8918286702647424,0.6342371216892484,0.5877520537714712,0.8386053940612974
colddti,ColdDTI-inspired threshold GCN,biosnap,random,1941488137,3,fd50f36d14dadeb82fe6a6302b549c9776447b6a69cc2f8d76efcbb99005da9f,0.9026906500462707,2766,0.925524222704266,0.9033584197430946,0.6430126462182328,0.5950679056468906,0.8417681384576511
colddti,ColdDTI-inspired threshold GCN,biosnap,random,1941488137,4,0ae404c6a6a1746c2c9e5528b7d46caf69054bccd9adcc9e24b79ad0f3a511ae,0.8897491571536481,2766,0.9226976927627687,0.8812505587683099,0.5983537746892181,0.5588897224306076,0.8225429176467739
colddti,ColdDTI-inspired threshold GCN,biosnap,random,4198936517,0,b82fb594ef9a76316622e40d5368109a2f777cd25ff2614256d5e003e1ebb9af,0.8971477294651237,2766,0.9342996121737988,0.8986875937489054,0.653429865419356,0.6104073280062366,0.8325698100132485
colddti,ColdDTI-inspired threshold GCN,biosnap,random,4198936517,1,d35151cd376427985bd2eb65c40c7eb5c48ac76a0c112b9972ccc80580a7ea3d,0.9089270181714729,2766,0.9317360152501151,0.9009693225087823,0.6556229002885634,0.608924872905291,0.8679874460582864
colddti,ColdDTI-inspired threshold GCN,biosnap,random,4198936517,2,d20f0a71685f63c6b28a247742b9eb647e68a8c5a18cca43d468f7e7f4aad191,0.8813157068627804,2766,0.9269703543022415,0.8872747020033053,0.6217481469906573,0.5835832083958021,0.8320603837705638
colddti,ColdDTI-inspired threshold GCN,biosnap,random,4198936517,3,83a851fa11ed8fad65087dacef6baaa027b1b9cc62c23a66cdc0dbe4373905fc,0.8870097838847124,2766,0.9318346151317952,0.892528274330014,0.6367982150898237,0.5933333333333334,0.865045631993307
colddti,ColdDTI-inspired threshold GCN,biosnap,random,4198936517,4,926191e192e9d56dfe4651a1e860709623a292874976d39f7933f5519c3d0410,0.9032896350336321,2766,0.9270689541839217,0.8945976907380134,0.624539175057614,0.5772528100590588,0.8476940294242885
colddti,ColdDTI-inspired threshold GCN,biosnap,random,983997847,0,8ff5b20121f9b7c7e39c2f4ccfb4b1e8e6af52f307e5880ed1f4e1797346a11e,0.8976392944615758,2766,0.9183921645960692,0.8912030458166487,0.622132577479894,0.5746102449888641,0.8210615434058721
colddti,ColdDTI-inspired threshold GCN,biosnap,random,983997847,1,1294db83319fed0aa355ff7e286011b66c0f93c8ba895073c9f0c24ea0d1e73e,0.8884480999578167,2766,0.9141195030565963,0.8867720523305148,0.6099916980568116,0.5718499098803866,0.7803743936427647
colddti,ColdDTI-inspired threshold GCN,biosnap,random,983997847,2,8c6e31b42705db209a13a0b41afcc94f66e6ac0e6ca18b74f1da83e2d6100a90,0.8905142180249763,2766,0.9341024124104385,0.8999395942048081,0.6521182107980601,0.5955214847690136,0.8712519899214785
colddti,ColdDTI-inspired threshold GCN,biosnap,random,983997847,3,bce862cbfa862881cd04ec719d9e338a9213cc9c047924969597a45bd6381ca9,0.8972472196697938,2766,0.9291395516992046,0.9017320249136165,0.6376235841529838,0.5948891394212702,0.8220688312021022
colddti,ColdDTI-inspired threshold GCN,biosnap,random,983997847,4,2ecb245f9cc66272424e0757f73513e0fd93efc0cfda0846ffee8a367806357d,0.8999468622571606,2766,0.9218760270821008,0.8951955270825525,0.6332488115137096,0.5947144075021313,0.7636828349877709
colddti,ColdDTI-inspired threshold GCN,human,cold_drug,1941488137,0,33abce320291ccdc6698b267d9556020a416233d3b3820b517bdcc91e9fc3299,0.8907750472589793,696,0.9036050156739812,0.9036664767472585,0.51270552946763,0.4243369734789392,0.8688534094209541
colddti,ColdDTI-inspired threshold GCN,human,cold_drug,1941488137,1,ae8f7860896616a8f2771806c8c1248d8477c63dbd8ac7815914d7c646584319,0.9120230630247634,422,0.9004739336492891,0.889808180409245,0.5634416640778165,0.5246913580246914,0.21554563020394316
colddti,ColdDTI-inspired threshold GCN,human,cold_drug,1941488137,2,b68e45549745c30c1c42e85d37fb893d878dd47a80148d4be45e71d240a4a702,0.948498095567867,538,0.9006421088205475,0.8912157446690897,0.4751030530714181,0.41434262948207173,0.8816572102128644
colddti,ColdDTI-inspired threshold GCN,human,cold_drug,1941488137,3,58a25f4b895a6d9e8f1a9cf30e14b44ae170cec34c2c4df93cc50a4dccf76988,0.9287002261235818,572,0.9038461538461539,0.8930111191256296,0.4819957430344682,0.4297832233741753,0.499454571776194
colddti,ColdDTI-inspired threshold GCN,human,cold_drug,1941488137,4,f15ad55d17fac03e449c1c1fc6875fdb990fdf60fe1698200900740284a4d36b,0.8320254411896444,405,0.92996632996633,0.8363597012650511,0.5488243616843604,0.5125,0.8428207260288606
colddti,ColdDTI-inspired threshold GCN,human,cold_drug,4198936517,0,53fc35f787d95aa4ccf5a31c279e4d558b641572e662659e34c2367a53e39656,0.8963822222222222,623,0.9006274624252152,0.8529769741503469,0.4286561229067126,0.3700277520814061,0.8628651888974725
colddti,ColdDTI-inspired threshold GCN,human,cold_drug,4198936517,1,1dd2fa861a65bf0fe7898c29c66848a63e8e312ffcf4edc693d33fd53789ab3f,0.8754714140539728,401,0.924733620494219,0.8995659230974931,0.6180450575503227,0.5573333333333333,0.7761180455064121
colddti,ColdDTI-inspired threshold GCN,human,cold_drug,4198936517,2,d82dcbcf199a47ea672296109404c19bbedc9801ee61cc53cc69feed6560b615,0.884062540476791,346,0.8665265370467683,0.9265394767616693,0.6396866166768173,0.5243445692883895,0.16871034073503055
colddti,ColdDTI-inspired threshold GCN,human,cold_drug,4198936517,3,5a4997537612bc4fe41970e56cb749948ccb460568fff503b1357565f01446ac,0.8319304797471991,686,0.8933209647495362,0.7558816904521075,0.2795457371633807,0.23696682464454977,0.8696492756964409
colddti,ColdDTI-inspired threshold GCN,human,cold_drug,4198936517,4,fc30f517aa0c44ac36286b6849bfb304bc065ca3c152d835f08baa678d5ca22e,0.8581029231438629,577,0.9152355443516622,0.8516800879466793,0.4647032669101263,0.41774891774891776,0.8404978177972036
colddti,ColdDTI-inspired threshold GCN,human,cold_drug,983997847,0,edeb4ffb82db75be19b3e81dcdc3e514cd377def69bbd6df03fbb940c8d1b681,0.9336971658699988,563,0.8950427902470531,0.9074026166596733,0.5115943789670538,0.482484076433121,0.7138139445487767
colddti,ColdDTI-inspired threshold GCN,human,cold_drug,983997847,1,43dd5db9ff3a1acca1bbea81115f16ff2829c4c6ef5eaaa40226e592920df178,0.8748894380853277,626,0.9117049085100203,0.8889064397921791,0.5006294915855514,0.4085603112840467,0.8705158000694563
colddti,ColdDTI-inspired threshold GCN,human,cold_drug,983997847,2,a72f61478b527b53fa14a200c243ddf2539dc918440f12da5fdde6ecaea58e65,0.9155109938755579,436,0.9022101751459549,0.9040106051679152,0.5983940383140117,0.5459825750242013,0.19803003987220852
colddti,ColdDTI-inspired threshold GCN,human,cold_drug,983997847,3,26bae1a0955b735d7b18996531c3ef1fee75d5172f7afbf34500992918cf0f2e,0.9097939163798902,471,0.9189345686160972,0.8890313332521941,0.576246990478638,0.5259593679458239,0.8790474187837888
colddti,ColdDTI-inspired threshold GCN,human,cold_drug,983997847,4,0f58031fe12cc2de5150b5b2ccacebfd0a27eacae9ebcf51533c226483ca9f34,0.8144181115556923,537,0.8559336380565431,0.7327881984540641,0.2681638356733361,0.26827171109200343,0.7437570544138347
colddti,ColdDTI-inspired threshold GCN,human,cold_pair,1941488137,0,bd8c67818f266d75d831f723c20013ef2773f8b572184a55088d978865aaee88,0.795624480753254,149,0.9109212934716291,0.6197964055673169,0.21941959010754405,0.3177570093457944,0.5025117993354797
colddti,ColdDTI-inspired threshold GCN,human,cold_pair,1941488137,1,de41199e4c62efaf511dd2137576a4bfd90a5caba0a24af7151c3e2ea0553713,0.55,72,0.2676767676767677,0.5029706790123457,0.09553437801437115,0.15942028985507245,0.014202304184436798
colddti,ColdDTI-inspired threshold GCN,human,cold_pair,1941488137,2,3379df8c72138ebf749fa4110e8d3bd96e74a1e4fac40d7c974d8576f7c5e045,0.5303030303030303,135,0.39865319865319865,0.6447462277091907,0.2923943049128969,0.18148487626031165,0.4992767870426178
colddti,ColdDTI-inspired threshold GCN,human,cold_pair,1941488137,3,8008f6f231278ae0fbb1547f4ba35df40452c1820b98845457baefe2fa83f3c5,0.5371466140696909,85,0.6245989304812835,0.642076124567474,0.13897623549664717,0.24190064794816415,0.008881385438144207
colddti,ColdDTI-inspired threshold GCN,human,cold_pair,1941488137,4,8b34dab23ebbaac711e38571121161f562d541af56098e2c8b87b7e581f85884,0.5745679012345679,54,0.5033670033670034,0.6027777777777777,0.16423035726454388,0.18732782369146006,0.15316861867904663
colddti,ColdDTI-inspired threshold GCN,human,cold_pair,4198936517,0,c599300df5b2ef0e50f64754f47aba326dcc6a75a3d10b9702e2db478089d1f4,0.5274390243902439,152,0.6698564593301436,0.6310898545706372,0.1538671590975171,0.22905027932960895,0.47861868143081665
colddti,ColdDTI-inspired threshold GCN,human,cold_pair,4198936517,1,6d3820abd87f7335237c574ad06a563bfe76a527f8622d23ed6706e61a02501e,0.5561224489795918,73,0.4943960149439601,0.5933758678926627,0.1295339833665768,0.19123505976095617,3.3009712296916405e-07
colddti,ColdDTI-inspired threshold GCN,human,cold_pair,4198936517,2,0a398b6e5968651e3f7732810ecdeb9c20ab8410e42ba1dea9b78b57b7f4b740,0.7065217391304347,59,0.8936825885978429,0.5328353921286987,0.1106865514590066,0.028169014084507043,0.5053221583366394
colddti,ColdDTI-inspired threshold GCN,human,cold_pair,4198936517,3,17ae3f073110d144df44f48448f0b1769b825674b197aa22a58820e1d26a1419,0.6125,172,0.8393234672304439,0.6556652244456462,0.1671334812669698,0.12138728323699421,0.6499097943305969
colddti,ColdDTI-inspired threshold GCN,human,cold_pair,4198936517,4,5e4f89773931feec371bc5318cdb8d788c6407efb92cd88e675fc19b2bb40639,0.5007930214115781,120,0.296969696969697,0.6877881944444444,0.29032584647069065,0.18021201413427562,0.4986719787120819
colddti,ColdDTI-inspired threshold GCN,human,cold_pair,983997847,0,0f03eb4162b879e7617fddc65d193722488f8264565ffd7c40b6a62a83df8fac,0.7801318267419962,92,0.7964426877470355,0.6744328922495274,0.14465685145552468,0.3223684210526316,0.0279951523989439
colddti,ColdDTI-inspired threshold GCN,human,cold_pair,983997847,1,ab3f176e26732a9405bf7aa8cf428370d2cba2de7f534e7de90b588c3082a051,0.5035460992907801,118,0.6432973805855162,0.6850689457052572,0.14103955814032962,0.27086614173228346,0.576972246170044
colddti,ColdDTI-inspired threshold GCN,human,cold_pair,983997847,2,a45d9e52f747a1356f288e2e07ae425edd460014c17d6ea8d75f3dea09754d32,0.4794921875,73,0.23412204234122042,0.5515856633514731,0.11748016650752108,0.1700404858299595,1.084104768737202e-20
colddti,ColdDTI-inspired threshold GCN,human,cold_pair,983997847,3,0374dee88a8014ae6196dba73dc66a252067d6bea2c2be5adab49a27342da802,0.543884892086331,139,0.6376716808371484,0.46163759639770197,0.09322607964661242,0.12618296529968454,0.311578631401062
colddti,ColdDTI-inspired threshold GCN,human,cold_pair,983997847,4,8b2b4d7f522a6296b722e4648052b41b54ab6f22944ae92675f84ff6ee26c967,0.5177763413057531,100,0.5118181818181818,0.6597500000000001,0.1488000197813435,0.20208023774145617,0.22120946645736694
colddti,ColdDTI-inspired threshold GCN,human,cold_protein,1941488137,0,7cb69146150959e01230f6b5c7717ad44925427bbf9b6d06b05a6b5c6cd3a88f,0.7799532871972319,605,0.9221637866265966,0.7194503107711223,0.40837616413148914,0.4018475750577367,0.9205277355729724
colddti,ColdDTI-inspired threshold GCN,human,cold_protein,1941488137,1,c03a6a0be3b7940366b4d416b49c14232283356fd56d9862dcd17f80180bb081,0.8412712191358025,476,0.9339190221543163,0.8227261492832426,0.570443201222045,0.5411140583554377,0.7933979953641761
colddti,ColdDTI-inspired threshold GCN,human,cold_protein,1941488137,2,cb0f1a691beb4adc74b4b7287889c3513e426f8c77b95d8d2469955a14eb25d9,0.8459044848939763,688,0.9221723044397463,0.7713248715521903,0.4350924411430369,0.3971340839303992,0.8162509862690758
colddti,ColdDTI-inspired threshold GCN,human,cold_protein,1941488137,3,e9a410074f5af92384c7ea7cbc604118a4bb751d05fbef40b158e06af77078ce,0.7452714525224813,448,0.937297077922078,0.8274648238201531,0.5864382724654875,0.5981794538361509,0.6075691561339652
colddti,ColdDTI-inspired threshold GCN,human,cold_protein,1941488137,4,f27eb92e44ae906264399b45ad8e075aa5c13b614d3dfc215facb2599738bb9f,0.7725384396932938,416,0.927666083916084,0.7989243366309171,0.5487497813110827,0.5471956224350205,0.7764740378236118
colddti,ColdDTI-inspired threshold GCN,human,cold_protein,4198936517,0,3593355e476aa732f041a4be078216cf682e8d170e22eccf705d6a3af57bd533,0.8337718628857483,666,0.9256074256074256,0.7681561065570075,0.45152858084567676,0.450050454086781,0.8030761615870752
colddti,ColdDTI-inspired threshold GCN,human,cold_protein,4198936517,1,2075c796adb0e2a27e7c390bb4d8033e4d271d1bc1dba505d080b6f64d17ff34,0.8590618963634837,452,0.9422767497988737,0.8339011962565589,0.6124166934043715,0.5986013986013986,0.8047343717862482
colddti,ColdDTI-inspired threshold GCN,human,cold_protein,4198936517,2,d99e86b535bcb2a067d03dd88bfd76c86768bcbef42493693fa847c07710d053,0.8126792684531381,438,0.9209215442092155,0.8143032880882384,0.5073937450585048,0.45493562231759654,0.7626805504707441
colddti,ColdDTI-inspired threshold GCN,human,cold_protein,4198936517,3,87b03a37e5bd84e0d0a7a3ae7cc7077c7b7160aef7bdd2afb26e89064cab7330,0.8544754155124653,616,0.9127804014167651,0.7493177074548828,0.4188028817144154,0.41194029850746267,0.7528054884035295
colddti,ColdDTI-inspired threshold GCN,human,cold_protein,4198936517,4,126935daee05969237fe55788ca0d3770e52af4a200050501cca7fa44e62a3d3,0.8552260080589895,461,0.9248668901597318,0.8060506961664965,0.547059738634188,0.5255292652552926,0.8188297397469821
colddti,ColdDTI-inspired threshold GCN,human,cold_protein,983997847,0,b975bda7bffa478f7ce84c3c04a6f2334e76849cc07bdb35f50840e6781a4828,0.8647333795013852,441,0.9311482168625026,0.8148559499385545,0.5574623377060902,0.5322128851540616,0.7191115316217893
colddti,ColdDTI-inspired threshold GCN,human,cold_protein,983997847,1,957c6eaabfcceb16e4218df5757fdbd002c080cf60c72b1f4f2a9388bc067b8e,0.830854638422206,513,0.9275208222576644,0.7831416314231539,0.5325652106172976,0.5378531073446328,0.8416137278733188
colddti,ColdDTI-inspired threshold GCN,human,cold_protein,983997847,2,905573cff79b426bf47d99a1b18ed055fff710b8b00740d56aa6ab87eb08a1c2,0.7796267113880495,463,0.9171411741606126,0.8243104180175305,0.5438660403399338,0.5,0.8516180995392474
colddti,ColdDTI-inspired threshold GCN,human,cold_protein,983997847,3,40f3650964082375d0fb6e5e1019d8188002152ae847d74cc00bcd40bcab0264,0.7847880775364434,724,0.924409844299347,0.7384622722139129,0.39626724747067277,0.39068825910931176,0.6822447528577831
colddti,ColdDTI-inspired threshold GCN,human,cold_protein,983997847,4,e147190debc1ca6a45f9f658aec6ae9bf10f0a86236fb1b2e36ec955cc112690,0.7893838257980301,492,0.9240576496674058,0.7687264525084274,0.4704371402835252,0.4683053040103493,0.8165709272476092
colddti,ColdDTI-inspired threshold GCN,human,random,1941488137,0,3ee649582c51d150475d3d256d55c6fff7157336dfa58397b759280f8a7dbc85,0.8744277981177422,527,0.926341210971192,0.8526812108206201,0.5682662934392964,0.5462274176408076,0.9737992809243398
colddti,ColdDTI-inspired threshold GCN,human,random,1941488137,1,1eb203df0bf0b5ae9a461841e4e43b8812f7685326bbff9593bb89cefc51caea,0.8676849127378092,527,0.9301362773848543,0.8781690064775374,0.6068441301986555,0.5803108808290155,0.9578925436490202
colddti,ColdDTI-inspired threshold GCN,human,random,1941488137,2,6c082337c0ebfc9cc8200f8b88b1979992d5518604da2d05d12c4f6c2bb7c2c1,0.8259877361245255,527,0.9230636536139383,0.8640305837705101,0.6034660074158749,0.5736137667304015,0.9557262610082755
colddti,ColdDTI-inspired threshold GCN,human,random,1941488137,3,eb685a487de50970e62869aff74f9bc2208e4d2392b5b13388bec0d70e1129c2,0.8584106376766021,526,0.9204977531973729,0.8600337578973238,0.5604384922381662,0.5127118644067796,0.9600573676906218
colddti,ColdDTI-inspired threshold GCN,human,random,1941488137,4,0b79b831cb7ae126803958380cc5372817612cf9372ab369c224cb212271ef7d,0.8302082163473417,526,0.9206705841686831,0.8537860168572627,0.5796170252259828,0.5441906653426017,0.9738792003017582
colddti,ColdDTI-inspired threshold GCN,human,random,4198936517,0,3bcfa52e669072e9cb6d9b139b85fc06064191c273108f303dd1a87d1a8a0b91,0.9017969048314279,527,0.9372089011557703,0.9090163432698782,0.6892181597034568,0.6308316430020284,0.974678776852072
colddti,ColdDTI-inspired threshold GCN,human,random,4198936517,1,c5a6c5aaab4d4e3bec9b95463f04984cbbed697217f645a8ea24bc4f0e9de784,0.8707239280339616,527,0.9330688287045024,0.886516352271459,0.6335144081298345,0.5782608695652174,0.9510056183762747
colddti,ColdDTI-inspired threshold GCN,human,random,4198936517,2,4e5f39c804d2a94efa32f8fb58590ed9076f3bdd932dcf31fdcfd6fdac711963,0.8501561061072304,527,0.9254786958771779,0.8283996269744968,0.5211988794983702,0.47572815533980584,0.9479376389555735
colddti,ColdDTI-inspired threshold GCN,human,random,4198936517,3,e4db0b416220a414e748ec53e82eab3c5d1d6b0064e0b11e992230339346d754,0.8858808202870555,526,0.9303491185620463,0.864168738885917,0.6001072379421848,0.5726405090137858,0.9407632881647919
colddti,ColdDTI-inspired threshold GCN,human,random,4198936517,4,1b65f2cfeb8dec15714fa96b172c9ae08f364abd5758434f3a52d7d83202e51d,0.8506839469014622,526,0.9236087106809541,0.8587813905073083,0.5731384667036348,0.5562248995983936,0.9750878974182965
colddti,ColdDTI-inspired threshold GCN,human,random,983997847,0,8e3728b3831b303054f4db65a05ddba96318f5fa1c553d996fb446a685671745,0.8413467801711552,527,0.9278937381404174,0.8477573461899909,0.5821125864855506,0.5572033898305084,0.9481483207990045
colddti,ColdDTI-inspired threshold GCN,human,random,983997847,1,74a1b53c2ca13a336af7697dcb71b812f573d3df1b21d19bce03e8461e06d5b0,0.8214247209182184,527,0.9059858547524582,0.8325198304822327,0.49988718964663764,0.464110127826942,0.9331339455630682
colddti,ColdDTI-inspired threshold GCN,human,random,983997847,2,ff952d55942ea478d13768a392518e50b7b12b8ef7ace19be68a264d64ccb8ad,0.8536016711214932,527,0.9228911505951354,0.8385156033399465,0.5392227875392999,0.5167567567567568,0.9542068211999658
colddti,ColdDTI-inspired threshold GCN,human,random,983997847,3,791163edfbaac8b3d9568440051d03e70556061ba4a76c92e539462704d82ced,0.8788391994788975,526,0.9203249222260629,0.8410162066821842,0.5232656030313259,0.5192909280500522,0.9579515352641066
colddti,ColdDTI-inspired threshold GCN,human,random,983997847,4,aae19ac732a2aece44d67149029670a09036945210e85bb764eefc2e6c71a80c,0.8925900137013995,526,0.9274109920497753,0.8918561783457908,0.6725118985043886,0.6167883211678832,0.9772808914315211
drugban,DrugBAN,bindingdb,cold_drug,1941488137,0,d3122cff3f09f0e7ffd06030d60d5e2eca915ec3d9ead8dd02edbd3283126894,0.9757002381541694,4182,0.9763705925829311,0.9763269332414819,0.9225893794177479,0.8689255999035331,0.4135441273042603
drugban,DrugBAN,bindingdb,cold_drug,1941488137,1,271362873bdfd8fae15456fd6c51cac9d2e8e081d8fbaf95bf8f87f4e97a44bf,0.9792369217149657,4280,0.9740441801189464,0.9642011911520659,0.8950319341207004,0.8495814869522402,0.8064731183525629
drugban,DrugBAN,bindingdb,cold_drug,1941488137,2,6fade7330d6d26b28f5faeff6b9ddbaaf1b6001f51b43b0e085de6362903a3fb,0.9775354890664085,4116,0.9777365491651205,0.9745438261032582,0.915123170159091,0.8716250636780438,0.6838609917033176
drugban,DrugBAN,bindingdb,cold_drug,1941488137,3,bb13aff79788c532ba4be6faf227627a3fd9a0922917ed81c0c27e8b1e896e17,0.9738966968172981,4061,0.9753979091580668,0.9723596918720612,0.90870787618641,0.8585039268700914,0.7648020487942102
drugban,DrugBAN,bindingdb,cold_drug,1941488137,4,c7ebc80f58f9cbb1d44a9197b733c0c17d684e5c756941826054ab573b76f457,0.9787862813035435,4035,0.9769516728624535,0.9743133056634252,0.9169539029922056,0.869198312236287,0.6924369888926157
drugban,DrugBAN,bindingdb,cold_drug,4198936517,0,f99b8da5ab42ba3a3a174619834df007af4996a7b09c0c44599b9192d2853fb2,0.9675663241410596,4084,0.9754696821298192,0.9746856416813998,0.9131480565726383,0.8642857142857143,0.39644558381136236
drugban,DrugBAN,bindingdb,cold_drug,4198936517,1,af1dc944cf987f1e10275d3ad0c7073b6aef183cdfd1520f3a8905ecdd563efa,0.9719330338028306,4191,0.9755536756252576,0.9725744985006957,0.9112445724288154,0.8605025374427528,0.5031567387384898
drugban,DrugBAN,bindingdb,cold_drug,4198936517,2,3ed3b0703aaae09b96234f544ce4f3d852b5973fdf99e944f8e86e8ff0842696,0.9817367723907678,4093,0.9789218843702108,0.9791336970051722,0.925881192625116,0.8800404500063204,0.5408222713454109
drugban,DrugBAN,bindingdb,cold_drug,4198936517,3,2b423d98eadf4e955c204ac0c7d2cf1317801698510fe27edaa02dc1817607cc,0.9826234451420286,4171,0.9737582005623243,0.9708984660268833,0.9014655918561416,0.8496503496503497,0.7039677257652146
drugban,DrugBAN,bindingdb,cold_drug,4198936517,4,c0d6c15b73d44b1e9e34d83f78ea6d8fde927a5b41c7fa3eec65dd204b3f1780,0.98147400899801,4135,0.9729801033307683,0.9711634307069885,0.9024406258367094,0.8501767645983177,0.46914943061054526
drugban,DrugBAN,bindingdb,cold_drug,983997847,0,caa30460df33a20c98ac7f63f64cccd6e9a80b8154201f05a46ca9b2cbfc1bfa,0.9776915276667146,4095,0.976911976911977,0.974752121843697,0.9163767552919977,0.8711276332094176,0.4851359364390294
drugban,DrugBAN,bindingdb,cold_drug,983997847,1,ae65eea815e50b920663d8c7fb5fe425d8ce49ff9f7ea44fc38c5d61edca2fc0,0.9694388966039642,4095,0.971006771006771,0.9677486645765034,0.8877050045744772,0.8350593584238444,0.554875165754801
drugban,DrugBAN,bindingdb,cold_drug,983997847,2,530d0d9ee08f5eff47c8e7cd28570f7bdbae4a81314d4db83c4016e816c87dcd,0.9727944762053932,4149,0.9752842963255111,0.9736252382553219,0.9095252790752908,0.8591760299625468,0.591852345009372
drugban,DrugBAN,bindingdb,cold_drug,983997847,3,7b34a851f2b0deb3f060c6d82b3f07b4d7445a21502d5e1379f27e3441d33311,0.972881427195632,4189,0.9759977430065757,0.9722783858940999,0.9106926113198609,0.8619570644033949,0.6909060355735106
drugban,DrugBAN,bindingdb,cold_drug,983997847,4,a09e124b606033d05e2869d1398ae3af7c00f8029d69e95dcfc4a56497f40ed6,0.9781329782529653,4146,0.9718458097618734,0.9708083497912308,0.898898132681678,0.837014470677837,0.5395615066567507
drugban,DrugBAN,bindingdb,cold_pair,1941488137,0,2b4cfc3bb4039bbe25bf713ec37108d8cd7099263d4163e97de30bbe11e8916c,0.680496120701227,876,0.7944167704441677,0.6684951053981361,0.2372514596644546,0.2544222807677832,0.0004842902739031547
drugban,DrugBAN,bindingdb,cold_pair,1941488137,1,5ecd70455c0eaf43ddb52714a848e8038eed447795919cb02a36dc75e7d002e6,0.5798936293213088,719,0.7913769123783032,0.6366702710649352,0.24827817432123891,0.2445054945054945,0.0002669087407412008
drugban,DrugBAN,bindingdb,cold_pair,1941488137,2,498c1745279d8458ec7ac82f9c192b80b2d6514f22cd4804005f82496da59376,0.7328870978758282,685,0.8611811546118116,0.6308809206670574,0.2530965826270192,0.2453102453102453,0.0029513617779753374
drugban,DrugBAN,bindingdb,cold_pair,1941488137,3,43e02e384720b83176d3f006a506fdf82e19e213eac9656a0249835c8f1b0221,0.666765122873346,1166,0.8697177607983783,0.6559320837096817,0.25690287702518655,0.30171333054743,0.03628503637107676
drugban,DrugBAN,bindingdb,cold_pair,1941488137,4,b79488fb07b6204668a5d205427de2a4d6a388125d3a689c76e691a7e1078a0c,0.6300868770004572,747,0.5645612754046488,0.56691155518997,0.1385897151000179,0.1725254394079556,0.03343285685532714
drugban,DrugBAN,bindingdb,cold_pair,4198936517,0,623e3f2499dd11866908cefe7fe7e7abe7c21170e81c11241d5b048682e96432,0.7523944344350406,1037,0.8844569124221969,0.6380822768742637,0.1998330095273831,0.22011834319526627,0.018391722563194948
drugban,DrugBAN,bindingdb,cold_pair,4198936517,1,5e8664cd3b0a95abf0f6b0d15ce4771e4f24c5969a60edec42f76bebdf870ed6,0.7769529085872576,742,0.8929184023523646,0.6775351276145916,0.2698632374342706,0.26182432432432434,0.044227961522259114
drugban,DrugBAN,bindingdb,cold_pair,4198936517,2,f138fd2b71c3a54018d0937acabffe0ea4ac8598e60bb0b122469f6e7b60a27b,0.7060066252028123,943,0.874674636074424,0.7063361893013094,0.3220911593366566,0.30851063829787234,0.003803998827710992
drugban,DrugBAN,bindingdb,cold_pair,4198936517,3,3894e7ee00e5ffe62c846a7ab1197097de5b9db34c79da92c0981897c6953231,0.704936979785969,655,0.7873698820263706,0.6503951984150108,0.18506588256834192,0.25775193798449614,0.061011054390301446
drugban,DrugBAN,bindingdb,cold_pair,4198936517,4,3d88c52c58071efde8e1fae42ed5be4d4d3354b23c80f64b663bc7d5806a8fc2,0.6974535989135356,723,0.7774424745379103,0.6383795427458587,0.22093392394660274,0.2311033883579496,0.01455413715110148
drugban,DrugBAN,bindingdb,cold_pair,983997847,0,a1543616e83727949e58fe0c4fc7e23733d1725603632dfd593a38e9d4314a38,0.7788844444444445,1058,0.8922495274102079,0.6877753795905532,0.3218571869109529,0.3272532188841202,0.027113209750809518
drugban,DrugBAN,bindingdb,cold_pair,983997847,1,44c0d6816c76aa3a2113b5e5b49b5baa57093baa92b9170f41621f144578efbc,0.7224997643510227,874,0.8878718535469108,0.6645350161544544,0.25735217970289725,0.29450261780104714,0.0029258071085157466
drugban,DrugBAN,bindingdb,cold_pair,983997847,2,b3cf07d59bdc3e1f2b3148b95d02e95198c5ddf26efd2fe0a722234d1129296a,0.6171667531516132,732,0.807625434674615,0.5598048053092061,0.11807351563817231,0.15123287671232877,0.2945308125998876
drugban,DrugBAN,bindingdb,cold_pair,983997847,3,cb3eb24cc3f35d3248ba1e807c2bc1e8ba6180a8b79931b4372d487d74d59b8c,0.7192572840790843,691,0.8823838968556769,0.6238214714302768,0.20946599264210855,0.22530329289428075,0.021983937589987505
drugban,DrugBAN,bindingdb,cold_pair,983997847,4,b1ee7b4942b8c6aa621a1b8d5b9dd55945af4aae50932fc4fc5366d293b027b6,0.6767318692182756,771,0.9037849310222851,0.6741272052230584,0.2666525482572233,0.2879581151832461,0.03395542630798196
drugban,DrugBAN,bindingdb,cold_protein,1941488137,0,b8f4b00318dc9ff3a71214100e4aa6df2e9f73a506a45512b1452972c20df9a5,0.735853912361305,4204,0.8753351786177667,0.6901103599851892,0.283180553503699,0.3044999396790928,0.00038598377671418104
drugban,DrugBAN,bindingdb,cold_protein,1941488137,1,6324786832b507b8d88ac5af97a996d64cf4221232f8a2c04500f4f96dfda2e5,0.6361866209039335,3581,0.8805056992714072,0.7000984126016166,0.2964971581428283,0.3187147199305254,0.0024084324524291357
drugban,DrugBAN,bindingdb,cold_protein,1941488137,2,18a6cc162f1fa8d7979557f3103d6589ad6c76101e9d4b05edbc3508c39d7449,0.7378409209837781,3319,0.8178805226108631,0.6714146349035715,0.2986863238116348,0.28017754682256146,0.0008625399489721206
drugban,DrugBAN,bindingdb,cold_protein,1941488137,3,d8a62a5b9d02c5fdecaf03b3e4205a1fd809acb1a39813a2983042d6e71103a7,0.6627601358162576,5585,0.7135834621958167,0.7025026893721111,0.30399709265671415,0.26554804240754654,3.568516076484234e-05
drugban,DrugBAN,bindingdb,cold_protein,1941488137,4,6f23544a9a5ff66b69f436861c5b792732177ec1bed1d2b13661542bac6e24ff,0.6953854859203221,3985,0.8098551385878864,0.6285766857837342,0.23501023918365022,0.22573153738968882,4.755201138373007e-05
drugban,DrugBAN,bindingdb,cold_protein,4198936517,0,22e974af8b2c809bdefdffe3e21f5cd4dca5166faa3d99cf8e431c989fe973ec,0.689637089636579,5398,0.7499073731011485,0.5952045760639464,0.15091289641446107,0.1887905604719764,0.019785825999530188
drugban,DrugBAN,bindingdb,cold_protein,4198936517,1,7de9c60893654c75d6754628b7974dd61c3826b3a821f9d60b154eb8dce8beb7,0.6814074306102024,3710,0.743420730213183,0.6518858334362582,0.22742138432460215,0.25489219383761474,5.852492235234959e-05
drugban,DrugBAN,bindingdb,cold_protein,4198936517,2,a1b2551830003e141ac4c3d8c0b31d0bf510c9258df9358bc6e3050d3e4a2ad1,0.7150804622735014,4675,0.878269324258629,0.6739088083731305,0.2983529916657692,0.3042898421871527,0.0181462915905126
drugban,DrugBAN,bindingdb,cold_protein,4198936517,3,54e27bd08e4aef100ce01bad8ce9e207fa9a2710a2c83e4014f33c0e5ca75c50,0.7126006228993532,3397,0.8002515588620975,0.7030170779616536,0.25871081562312637,0.2699530516431925,0.0001465002115104628
drugban,DrugBAN,bindingdb,cold_protein,4198936517,4,0daede7857fabe586f0f52f24e384964600ef55eaaa7afdc863972f69e5aa1ee,0.8286330847569718,3494,0.8821616277254514,0.6193199053475923,0.25356755373684164,0.26632107565203306,0.0014355471780306695
drugban,DrugBAN,bindingdb,cold_protein,983997847,0,a5feacf2df5d6831b820604ee4902c21b8ee04ab2881d4c6d5d7c3b487a651d3,0.7572282571537735,5465,0.8628794809947601,0.7082523251599423,0.26492912085802867,0.2744476718598715,0.0034749802667647604
drugban,DrugBAN,bindingdb,cold_protein,983997847,1,0f751e4977a964aa5d45f5e60f178b601671b9f0c0c50246a40f80b5ea0bea35,0.6880363486293868,4229,0.5825576646101593,0.6760626792864255,0.24537733265149078,0.23059550695352432,7.996359920369995e-07
drugban,DrugBAN,bindingdb,cold_protein,983997847,2,97af94b0063094defb869e774b6c443798a524b786f6404e94fa204ec20371a1,0.6776716235061059,3754,0.757858284496537,0.6010098019402639,0.12033303740558043,0.16889701604189178,0.06634724620066278
drugban,DrugBAN,bindingdb,cold_protein,983997847,3,998506e928ef1e0c00d67e1ebc691c0912c556c62ce64b142e76df88d3301536,0.7821265291493933,3428,0.8703192956401824,0.6578191142271281,0.27497753391538493,0.2821491485613623,0.0008191158020492543
drugban,DrugBAN,bindingdb,cold_protein,983997847,4,265ebe6c7813d7d91f031416042ef8a1914cf0307163f2e590e14d3be8496eaa,0.7069993733371562,3798,0.8630618986069223,0.6669031343510803,0.23658135305926395,0.2645584265329734,0.00835696874109847
drugban,DrugBAN,bindingdb,random,1941488137,0,b9f98ff3affb86a1ce4b9c5e5472552e0a3af3744fa4dc64867fb8ca8a7429c5,0.9733259592735503,4135,0.9790920083544026,0.9793449115332147,0.9214647975389204,0.8822874118083921,0.5807194355007742
drugban,DrugBAN,bindingdb,random,1941488137,1,df7fca01d0b5a54dcc2c252649e73083ec1e03258bb2ba439dac4818d4116d32,0.9828091804851089,4135,0.9773331867648676,0.9813042874333447,0.9275797325791901,0.8759773848189583,0.2935030621208542
drugban,DrugBAN,bindingdb,random,1941488137,2,e37319a5252456b0cc89339cc40f83f8ec8d2f500338ef847eb2394b202c8a1c,0.9813444999407833,4135,0.9798175222600858,0.9798109833038224,0.9316706659740825,0.8868900936421883,0.6454277426249256
drugban,DrugBAN,bindingdb,random,1941488137,3,95055dd9f725f176b4a64f81e2a0e31b3e2c38f4ab090b7d7294df43883af058,0.9824734182934194,4135,0.9779487743212048,0.9779842469028218,0.9248343479756516,0.877308868501529,0.5036086629759768
drugban,DrugBAN,bindingdb,random,1941488137,4,bc251326e2f97ec272acb637b42fda0727940e6e0898341d9a1cc3254c6c327b,0.9802202056061374,4134,0.9780094119716761,0.9785109569620893,0.9192006642066868,0.8730964467005076,0.816412861379859
drugban,DrugBAN,bindingdb,random,4198936517,0,e19bb407247a1c3f9a14d3d79cb8a3d6a8146026a241c41e590d6d6d17e2d3b7,0.9835521304111978,4135,0.9782785533692426,0.9821461672191121,0.9297372204515312,0.8748099341104917,0.7534643512066103
drugban,DrugBAN,bindingdb,random,4198936517,1,95cdd6a9a549c0f479bbeda625fb14b4b7422a760aa633756e0585d4b7a1f46b,0.9805741897185235,4135,0.9777289216225129,0.9800358750689034,0.9280009797848836,0.8763880414887126,0.5196562528365205
drugban,DrugBAN,bindingdb,random,4198936517,2,eebf7de3343762db7f3b4472b0332993b822fe13571c34630f8b932c3b6554d3,0.9748755353260353,4135,0.9784544355281961,0.9780248008199681,0.9209518662378782,0.8765120967741935,0.7823541706473861
drugban,DrugBAN,bindingdb,random,4198936517,3,0705f193b18c75afb116332bc4434d9d915e73660944c5a068ffa67401f3f12b,0.9790080183761765,4135,0.9755743651753326,0.9791801575894575,0.9179585203017249,0.8642970563087822,0.6037378727491541
drugban,DrugBAN,bindingdb,random,4198936517,4,0f34655d6654128ba545e6b71007cf13a0096db925a2eca3b4d7ff413699a623,0.9782365567186069,4134,0.9772617319787131,0.977604693657491,0.9245715061362876,0.8739331870275543,0.6374823072185162
drugban,DrugBAN,bindingdb,random,983997847,0,50221d3d5a60a5f8305cd6466d4a636bf326cb35a8869f82e4274a1122350a14,0.9807447118048804,4135,0.9792019347037485,0.9789832979739126,0.9284033582306505,0.8855552867166707,0.5296679068428188
drugban,DrugBAN,bindingdb,random,983997847,1,ca7853b850250bd472514b6099f39ed64f5af5c79271809d93cd00db9eb88d59,0.9802861298468117,4135,0.9791579641640101,0.9794158604182598,0.926862814580178,0.8801517067003792,0.7441830249681872
drugban,DrugBAN,bindingdb,random,983997847,2,869a929e679ec92faf0964819aa84b6417cbbde21ead1497154a3892b41c1055,0.9801135242108465,4135,0.9795536990216555,0.9756175070804134,0.9201698617563567,0.8827534039334342,0.6700037012769796
drugban,DrugBAN,bindingdb,random,983997847,3,0e34704dcc33f0c5c9228868f6d64cca9fa5b9d85a2e751d618cd9213aabcf4c,0.9793622218095738,4135,0.9792019347037485,0.9793279419354934,0.9249171918761853,0.8822504356484939,0.6908669631285219
drugban,DrugBAN,bindingdb,random,983997847,4,f0040bedf05f81f4adef9fcf43325837a5e5af196f2e5cb5be7e93b9224a3eb6,0.9815460559502522,4134,0.9786471390244975,0.9804372843323881,0.9293729046539607,0.8793938641162589,0.6985163038234101
drugban,DrugBAN,biosnap,cold_drug,1941488137,0,0dde78d724b699a171b9e73ce8da6eed90afbb0e81889dba066c152277a6831a,0.9273118562689877,2947,0.9430237221211093,0.8875800031986887,0.6758447140164279,0.6417070805043646,0.7391805777811036
drugban,DrugBAN,biosnap,cold_drug,1941488137,1,05c1111bb5eaeec4581c48562a2d93fdad2397fb306560bc5c63ed2285481684,0.9147212218088866,2789,0.9428273411780045,0.9019701753071052,0.6856004103873414,0.6562132497059977,0.56440461406969
drugban,DrugBAN,biosnap,cold_drug,1941488137,2,8d7becc9ec965fae3cad75020e65aae6611a1463eb00b269d8a65490c505b6e2,0.9110162737965218,2704,0.9425766541151157,0.8849570874619237,0.6661088365523303,0.6541109761036857,0.4349105364165894
drugban,DrugBAN,biosnap,cold_drug,1941488137,3,b69c25480603ce368168d2027d0440423f86dd2866e16d0ed5bac620472b87af,0.8797180801915929,2578,0.9411100923901544,0.8920668095678597,0.6764636584092667,0.6416309012875536,0.4312913661133753
drugban,DrugBAN,biosnap,cold_drug,1941488137,4,c0fddbd8642abf6c3cf66942cdb56947649f142191b46a8425f429f532262ac6,0.8940224641211789,2812,0.9459459459459459,0.8868998553749526,0.6839829038390455,0.6703470031545742,0.47480765932226826
drugban,DrugBAN,biosnap,cold_drug,4198936517,0,5c219cc120686c883e7bf755698024447f43c50ba720467e8ea0c62d10c59c56,0.9073246370307381,2636,0.938336322251345,0.9017666412990667,0.701508017184775,0.6557566422795533,0.3130358284221935
drugban,DrugBAN,biosnap,cold_drug,4198936517,1,3d6c3d07b85c2cc2d5be78939c078813b2caccd1365475fd07f9320e7ab8e035,0.9087188645514092,2980,0.9421903599755949,0.8914892121976487,0.6784045404085598,0.6506912442396313,0.494762214581443
drugban,DrugBAN,biosnap,cold_drug,4198936517,2,8c83f85e76b7e1295bbdc5eeda9af96b06b5bebcc45111d68752138c42d35ae4,0.9161279280160398,2774,0.9369797470013764,0.8783606165813047,0.6364381143472904,0.6093845216331505,0.4825993433798829
drugban,DrugBAN,biosnap,cold_drug,4198936517,3,f9c6e915b8e319425e68b7ed11852de6369777cb1df242e8acaaf7516c487593,0.899584317523165,2696,0.944901537631508,0.9001626489182788,0.6967859783015636,0.6708299758259468,0.4010355610145275
drugban,DrugBAN,biosnap,cold_drug,4198936517,4,8c25f08c33d9218824f51c83c6e15f1b38436e4c883a76888389a856c3727acb,0.9185504186911215,2744,0.9381460376358336,0.8978472245832944,0.6860586215183715,0.6527803607959829,0.360803957442717
drugban,DrugBAN,biosnap,cold_drug,983997847,0,7073e1468209ad34718675fe4cde1f700224fc93c70c42e428ab87870680b0a4,0.8871017148712117,2804,0.9420308649980548,0.9012745191808726,0.6843257129334627,0.6625141562853907,0.3365871085696021
drugban,DrugBAN,biosnap,cold_drug,983997847,1,b09953fd4d7f62ee241de6a0743dee295aedf4f2c788ab85ac3d61b3d4534be6,0.8949944489988808,2695,0.9330747174903019,0.8807665607649705,0.6526874834406208,0.6239575435936315,0.25521279873096636
drugban,DrugBAN,biosnap,cold_drug,983997847,2,e03a947319a7ce0a30a9acde4d445c946a156102ab02ceeb9e0082a1c7577c02,0.912954932603634,2817,0.937296285539097,0.8883393701383746,0.6647121949016255,0.6417112299465241,0.4357711161530178
drugban,DrugBAN,biosnap,cold_drug,983997847,3,b2d432a7a3f9058c024f5f2578182a059bf5778bbcadeb61784cabe54ba6f18c,0.9160190390912423,2922,0.9408873125505569,0.8935207360339861,0.6812413909298373,0.6608354159228846,0.3565001675364088
drugban,DrugBAN,biosnap,cold_drug,983997847,4,4662f7f454bfe52811ed009d8fdf5609c6f3c1f4ef1c5a40cf74dc10cf553ded,0.8828060193774481,2592,0.940726711560045,0.8857549880448864,0.6607257184811436,0.6293859649122807,0.6081287738721668
drugban,DrugBAN,biosnap,cold_pair,1941488137,0,81ff1cf1289174f7f6901b238f8274214b99ccf0b30871c1e9fb9c54824eaa64,0.6676697209496043,736,0.7081274703557312,0.6248705916233459,0.22639915013252804,0.2265139116202946,0.009407248720654276
drugban,DrugBAN,biosnap,cold_pair,1941488137,1,eabf504c52c58bec765481fe1a8d067deb9776838063c0dd93aba9f9ca6a4f01,0.74814453125,536,0.8548168249660787,0.63410855006683,0.17430990703521693,0.20149253731343283,0.039891191922536394
drugban,DrugBAN,biosnap,cold_pair,1941488137,2,71e439ff03789bdbb390dc0982ac35cf36ec23da8658bdc6f1c9507745b8db2c,0.6527777777777777,530,0.8922813036020584,0.6129747241011037,0.18149699574209147,0.19072164948453607,0.11468060301897465
drugban,DrugBAN,biosnap,cold_pair,1941488137,3,a2fec1a3c34444adeaee1cbd3ef8a0559776fb58b5a9dd7b001bf0798e165db1,0.6940587793204382,448,0.8676948051948052,0.6205695950255102,0.14358147604138127,0.17468354430379746,0.12712954037810043
drugban,DrugBAN,biosnap,cold_pair,1941488137,4,2d243d87e3fd1623d5b3ffa784324892aff86c3e2b7e6290683beb57d2989f5f,0.7121935587245632,567,0.8876062209395543,0.6498029481568576,0.20434036069259942,0.1970217640320733,0.16266203899089599
drugban,DrugBAN,biosnap,cold_pair,4198936517,0,d53948b107e6707f76abc6bf9e2514eb15982fc444fe80edcf89039c411d2277,0.5683528122717312,580,0.7246081504702194,0.6220505350772889,0.22918410864043898,0.22428256070640176,0.0002917708407199227
drugban,DrugBAN,biosnap,cold_pair,4198936517,1,8bff8961308d7d7b0f11d6d7c62d411933414e2e6c9595b8e07a666c48d87f8f,0.5939508506616257,685,0.5835434638354347,0.5908400021311737,0.19494472527754556,0.18914728682170542,1.6684534379461713e-05
drugban,DrugBAN,biosnap,cold_pair,4198936517,2,b06c142765e46d6b37f51c4a3b5e4e7e891c7f7d5174fb2d2222a0e978f374d4,0.5688030764300593,561,0.7107438016528925,0.6756133210049535,0.278721681514675,0.25094418799832147,0.00011567329324874406
drugban,DrugBAN,biosnap,cold_pair,4198936517,3,90617ac60f1398f5f2afa657254153ae236a96395e763562096e6ea10484c2ec,0.6764565992865637,486,0.7781518892630004,0.6021223898795915,0.18354603119294022,0.2018842530282638,0.004237327574152656
drugban,DrugBAN,biosnap,cold_pair,4198936517,4,31c262bcb54487b7291c0f669411fd1ee4e817ab0fde336d5dc0811140ecd8b9,0.62901775147929,495,0.8319559228650137,0.6305891235588206,0.23904642259076342,0.25790754257907544,0.006401004743035119
drugban,DrugBAN,biosnap,cold_pair,983997847,0,be2fa14682ea8a906e1802a152fe451a9cfa1250c630bcae12bca002a7e4c105,0.6603937113679119,542,0.7497484065749749,0.6349838645987936,0.21683873802897757,0.22533748701973,0.0004723614860327644
drugban,DrugBAN,biosnap,cold_pair,983997847,1,fdb70f98b9e463558151fd73d60c71913bd135cf0ce599a478c803de17e9da06,0.6962444149257336,564,0.7886847195357833,0.6108907373874555,0.20797365097200876,0.21543985637342908,0.002085013193882084
drugban,DrugBAN,biosnap,cold_pair,983997847,2,60f2b6d3b2a8cf0e94118477302b68562aa9163fef1a739ab2ee91f9a9ecc305,0.6383410466358135,633,0.6429699842022117,0.6392800900448977,0.19481988230016614,0.22602739726027396,0.015886218440144845
drugban,DrugBAN,biosnap,cold_pair,983997847,3,58a094f9e8b563676173b717dbdfaf332a78a9bec18a7880fae9290d9c6c7f60,0.66753916319651,465,0.8617790811339199,0.5584215516244653,0.12668789155781945,0.1282367447595561,0.01816436589682755
drugban,DrugBAN,biosnap,cold_pair,983997847,4,c84d88de123bbd2f315b943f35ec392b0da31f3f67825c3d6b9a97568dc17108,0.6608571428571428,590,0.6701078582434514,0.5961490950876185,0.15557550522066058,0.198427555222763,0.00014360657007248486
drugban,DrugBAN,biosnap,cold_protein,1941488137,0,766482f3df920b6196c8c65f02aec9f1e1e1665d35dd7f78a5042a0d576940bc,0.6956209825528007,3596,0.8707402164020629,0.7427321800208116,0.39432954299730866,0.38300953300349944,0.008588801296938167
drugban,DrugBAN,biosnap,cold_protein,1941488137,1,6845a196d809cb07fee4888cc59d379b6fe25b3ba4eb5507af2fc25a3f7a82d0,0.8603901072039443,2732,0.9127845068547851,0.6952300925102199,0.3103336519136465,0.2705260228221542,0.1803346190346429
drugban,DrugBAN,biosnap,cold_protein,1941488137,2,f39fce42250d53c5ddc8895a8498a944872f43fd73a6f13a0a9fdd355bb652a5,0.7443426179545541,2521,0.8850023439472071,0.6823392743320251,0.295838909629089,0.32192217733361683,0.00455491564396054
drugban,DrugBAN,biosnap,cold_protein,1941488137,3,f358d9d2e2425b7e887892e4fe84f7af67f338032486c9b132b585223b8e3818,0.7063696732026142,2349,0.892642904137157,0.6429416084414787,0.24374174879308622,0.2734415924567837,0.13342007530878663
drugban,DrugBAN,biosnap,cold_protein,1941488137,4,5389109904b9618c65333360931fc52bdb7de0768f8973450380d4a88c7fc7c2,0.7214006020260187,2632,0.8405982315556784,0.6739535287575872,0.2953352761852654,0.286818111574718,0.02640691026228748
drugban,DrugBAN,biosnap,cold_protein,4198936517,0,fc1aa75b9b0048814ec09add25cac8ade5a40e6a544a3caeb436ae39d1baa70f,0.7362808925848738,3097,0.9181025625972349,0.7433003638985679,0.38071876415201356,0.36906377204884666,0.09112031755177981
drugban,DrugBAN,biosnap,cold_protein,4198936517,1,db37bd811ed02491ea414044eaae7af593fb30c6d1b44fcfce78e2e99a64654e,0.7077982302295918,3019,0.871751633593303,0.6518628184685684,0.2717468115533793,0.27850245637811283,0.004161946771551559
drugban,DrugBAN,biosnap,cold_protein,4198936517,2,008d3a0994db69d5f54c4588ac93f4b42f976f4d22fbd4d859719ba070434feb,0.7629359491806071,2727,0.8859219255258859,0.7389992562390331,0.3706932952906922,0.3702613176297387,0.08997779309035162
drugban,DrugBAN,biosnap,cold_protein,4198936517,3,2b4e4783de0d8059207c5a62c7dbf0be095bbdf34bc85fea34551d9ed48f64c4,0.6027432209113006,2534,0.8465236421037526,0.6549163110193866,0.2773283859252289,0.2802826379542396,0.003815939953958946
drugban,DrugBAN,biosnap,cold_protein,4198936517,4,060b1660c869c9a5900c2bdf4a60648e17462fa3743731198ea2f6c924b2c98c,0.7471947816859648,2453,0.8929696475558685,0.7116574727585496,0.35229407934149237,0.35130278526504943,0.026697969394799778
drugban,DrugBAN,biosnap,cold_protein,983997847,0,590177958a695186bda43d57061d2dd194cac2a926bfc568d7e9cbd20a0946d7,0.7582183299032944,2614,0.8720178062182653,0.730134899830177,0.3638195955349794,0.3543859649122807,0.11641149853700643
drugban,DrugBAN,biosnap,cold_protein,983997847,1,832f3a6629cf6f280cc79aecaad2047b5b96d712c30e3d0178757df16e2073f4,0.6916137372810321,3068,0.8677551262297025,0.7152522505945207,0.3761765995966253,0.36051010173377274,0.003333873048373689
drugban,DrugBAN,biosnap,cold_protein,983997847,2,220d15cc845679126f23b0d8e09c11a2944998d03393e7bdfaf23bdf7bbe6f7c,0.7102082710706592,2953,0.8566327001816335,0.6219990025468426,0.22672923293097114,0.24264107985038216,0.0052347769297353165
drugban,DrugBAN,biosnap,cold_protein,983997847,3,c07811eaf01be5606d069d70d312ec46bd0136fb0cfcf0d26d09dad667c9c6cc,0.7533241327012846,2258,0.8608181012964007,0.730888540381174,0.3230315239797761,0.34014124832983395,0.032747038121603116
drugban,DrugBAN,biosnap,cold_protein,983997847,4,be3028af004ff4ad7fc880847e5721202254729b24a883654424bcb59362c142,0.6697258021116174,2937,0.8457609805924413,0.6980326963846033,0.34067546138596694,0.32028372664029464,0.005164094308187089
drugban,DrugBAN,biosnap,random,1941488137,0,ad307479fdfca1bc80726097c9633b89a766f0c052aa390ebf328171c21c20ea,0.928524013354741,2766,0.9522447906395846,0.9265719557648944,0.7663239185552081,0.716155499120922,0.6186030165789878
drugban,DrugBAN,biosnap,random,1941488137,1,6fa5158ba6cde08eb257cca347f872d440be4063e1353c8862c0835e91c2b47b,0.9373870618588726,2766,0.9491553276802734,0.9254468904772288,0.7522764655435233,0.7115420473615514,0.4926294081423378
drugban,DrugBAN,biosnap,random,1941488137,2,f6e10fabc28d032393e8f512d4983004ec310f38d62778b133b3b45cae5a2c2a,0.9383979461036137,2766,0.9517189246039571,0.9350635871801426,0.7779519159389443,0.728114010734777,0.5320806014619461
drugban,DrugBAN,biosnap,random,1941488137,3,fd50f36d14dadeb82fe6a6302b549c9776447b6a69cc2f8d76efcbb99005da9f,0.9295687831293388,2766,0.9497140603431276,0.9307333941900642,0.7449291092634098,0.7122978563369687,0.5350146839471714
drugban,DrugBAN,biosnap,random,1941488137,4,0ae404c6a6a1746c2c9e5528b7d46caf69054bccd9adcc9e24b79ad0f3a511ae,0.9331682520789119,2766,0.9453427989219746,0.9265888560555322,0.7522516628725441,0.6978011993458114,0.47725962896461405
drugban,DrugBAN,biosnap,random,4198936517,0,b82fb594ef9a76316622e40d5368109a2f777cd25ff2614256d5e003e1ebb9af,0.933070560382461,2766,0.944258200223493,0.932299873371991,0.7576297227851044,0.7040139616055846,0.17182286602176824
drugban,DrugBAN,biosnap,random,4198936517,1,d35151cd376427985bd2eb65c40c7eb5c48ac76a0c112b9972ccc80580a7ea3d,0.9384073473965774,2766,0.9508972589232892,0.931302213794297,0.755549622473592,0.7147766323024055,0.5874052954454942
drugban,DrugBAN,biosnap,random,4198936517,2,d20f0a71685f63c6b28a247742b9eb647e68a8c5a18cca43d468f7e7f4aad191,0.9171761622450614,2766,0.9501084598698482,0.9280473524446472,0.7509409790012348,0.7033997655334114,0.5868233101825189
drugban,DrugBAN,biosnap,random,4198936517,3,83a851fa11ed8fad65087dacef6baaa027b1b9cc62c23a66cdc0dbe4373905fc,0.9273214244839099,2766,0.9485965950174193,0.9260533795614446,0.7471002212470818,0.7027746104142911,0.528430263310263
drugban,DrugBAN,biosnap,random,4198936517,4,926191e192e9d56dfe4651a1e860709623a292874976d39f7933f5519c3d0410,0.9345273520399987,2766,0.9498783934792612,0.9290673300782302,0.7587940385472676,0.7168059424326834,0.521342670223484
drugban,DrugBAN,biosnap,random,983997847,0,8ff5b20121f9b7c7e39c2f4ccfb4b1e8e6af52f307e5880ed1f4e1797346a11e,0.93538867397624,2766,0.9475777295733911,0.9304475531568382,0.7584446647046472,0.7094188376753507,0.4351180699590128
drugban,DrugBAN,biosnap,random,983997847,1,1294db83319fed0aa355ff7e286011b66c0f93c8ba895073c9f0c24ea0d1e73e,0.9315649228766976,2766,0.9501084598698482,0.9333319805258461,0.7634825563514028,0.71731843575419,0.31860751348407335
drugban,DrugBAN,biosnap,random,983997847,2,8c6e31b42705db209a13a0b41afcc94f66e6ac0e6ca18b74f1da83e2d6100a90,0.9350096792442342,2766,0.953230789456386,0.9313482223194675,0.7739912778605359,0.7323678766221553,0.5489610486651099
drugban,DrugBAN,biosnap,random,983997847,3,bce862cbfa862881cd04ec719d9e338a9213cc9c047924969597a45bd6381ca9,0.9371703007432743,2766,0.953230789456386,0.934263064983382,0.7706117686933679,0.7281757402101242,0.6115259918039787
drugban,DrugBAN,biosnap,random,983997847,4,2ecb245f9cc66272424e0757f73513e0fd93efc0cfda0846ffee8a367806357d,0.9363774038697357,2766,0.9524419904029449,0.9272967076717648,0.7573655856150273,0.7242233657327997,0.5848653863962379
drugban,DrugBAN,human,cold_drug,1941488137,0,33abce320291ccdc6698b267d9556020a416233d3b3820b517bdcc91e9fc3299,0.8930359168241966,696,0.9286833855799373,0.8738196095917559,0.5914750190845252,0.5396290050590219,0.4271475548613561
drugban,DrugBAN,human,cold_drug,1941488137,1,ae8f7860896616a8f2771806c8c1248d8477c63dbd8ac7815914d7c646584319,0.8881974705069614,422,0.9183541576906505,0.8897756115091754,0.6093746706357714,0.5598141695702671,0.3743128079175944
drugban,DrugBAN,human,cold_drug,1941488137,2,b68e45549745c30c1c42e85d37fb893d878dd47a80148d4be45e71d240a4a702,0.9415988573407202,538,0.9259885096316323,0.9139899255123618,0.619222653384579,0.5921787709497207,0.2707966152445906
drugban,DrugBAN,human,cold_drug,1941488137,3,58a25f4b895a6d9e8f1a9cf30e14b44ae170cec34c2c4df93cc50a4dccf76988,0.9351772595374657,572,0.8939923712650986,0.8137638148564722,0.4270939849504668,0.4225108225108225,0.2901306440977201
drugban,DrugBAN,human,cold_drug,1941488137,4,f15ad55d17fac03e449c1c1fc6875fdb990fdf60fe1698200900740284a4d36b,0.9362059183612529,405,0.9153759820426487,0.8587136107300717,0.6015176453894591,0.562137049941928,0.2980853883860866
drugban,DrugBAN,human,cold_drug,4198936517,0,53fc35f787d95aa4ccf5a31c279e4d558b641572e662659e34c2367a53e39656,0.8996844444444445,623,0.9063184007004231,0.8026862203030436,0.4430296634082359,0.41952983725135623,0.26450513878097265
drugban,DrugBAN,human,cold_drug,4198936517,1,1dd2fa861a65bf0fe7898c29c66848a63e8e312ffcf4edc693d33fd53789ab3f,0.8973804057360082,401,0.9374291543867603,0.9096734473044322,0.6728866032606765,0.6068376068376068,0.3309836392696582
drugban,DrugBAN,human,cold_drug,4198936517,2,d82dcbcf199a47ea672296109404c19bbedc9801ee61cc53cc69feed6560b615,0.9245819386593406,346,0.9088281660535996,0.9055815429850648,0.6407934405755712,0.5773447015834349,0.16747133539964085
drugban,DrugBAN,human,cold_drug,4198936517,3,5a4997537612bc4fe41970e56cb749948ccb460568fff503b1357565f01446ac,0.9357009480034474,686,0.9267161410018553,0.8795191629338117,0.5388331361628116,0.5813777441332324,0.29899694495005114
drugban,DrugBAN,human,cold_drug,4198936517,4,fc30f517aa0c44ac36286b6849bfb304bc065ca3c152d835f08baa678d5ca22e,0.9144733198844982,577,0.9139751063494564,0.8865794208374759,0.5254711442508655,0.4405737704918033,0.35663703261989543
drugban,DrugBAN,human,cold_drug,983997847,0,edeb4ffb82db75be19b3e81dcdc3e514cd377def69bbd6df03fbb940c8d1b681,0.9465090895404418,563,0.9433231067334087,0.9260544406550798,0.7348429518658585,0.6829268292682927,0.2966107870454658
drugban,DrugBAN,human,cold_drug,983997847,1,43dd5db9ff3a1acca1bbea81115f16ff2829c4c6ef5eaaa40226e592920df178,0.8958831945889698,626,0.9304385710136509,0.9141375077830741,0.6077141101960438,0.6459719142645972,0.23863178305838137
drugban,DrugBAN,human,cold_drug,983997847,2,a72f61478b527b53fa14a200c243ddf2539dc918440f12da5fdde6ecaea58e65,0.9229762415458055,436,0.9186822351959967,0.8631833389445333,0.6002131305635441,0.5527522935779816,0.37985442729845437
drugban,DrugBAN,human,cold_drug,983997847,3,26bae1a0955b735d7b18996531c3ef1fee75d5172f7afbf34500992918cf0f2e,0.9157707369170524,471,0.9349546419610114,0.8816230994270671,0.6464574841304631,0.6292629262926293,0.18385874094211754
drugban,DrugBAN,human,cold_drug,983997847,4,0f58031fe12cc2de5150b5b2ccacebfd0a27eacae9ebcf51533c226483ca9f34,0.9233028966177627,537,0.9126460132046724,0.7429234765179336,0.42521642281544136,0.4202247191011236,0.26952155142614287
drugban,DrugBAN,human,cold_pair,1941488137,0,bd8c67818f266d75d831f723c20013ef2773f8b572184a55088d978865aaee88,0.829410135696483,149,0.8926174496644296,0.6486554659700015,0.1921093833765236,0.30708661417322836,0.2989688217639923
drugban,DrugBAN,human,cold_pair,1941488137,1,de41199e4c62efaf511dd2137576a4bfd90a5caba0a24af7151c3e2ea0553713,0.71,72,0.4659090909090909,0.5837770061728396,0.12999508612874208,0.18181818181818182,0.00020110154582653195
drugban,DrugBAN,human,cold_pair,1941488137,2,3379df8c72138ebf749fa4110e8d3bd96e74a1e4fac40d7c974d8576f7c5e045,0.71900826446281,135,0.865993265993266,0.7001371742112483,0.36063380416798546,0.3388704318936877,0.005598301999270916
drugban,DrugBAN,human,cold_pair,1941488137,3,8008f6f231278ae0fbb1547f4ba35df40452c1820b98845457baefe2fa83f3c5,0.6252465483234715,85,0.506951871657754,0.551681660899654,0.11674327783627322,0.18694885361552027,0.039981115609407425
drugban,DrugBAN,human,cold_pair,1941488137,4,8b34dab23ebbaac711e38571121161f562d541af56098e2c8b87b7e581f85884,0.6948148148148148,54,0.6397306397306397,0.5703360768175583,0.11614920665100263,0.183206106870229,0.36205798387527466
drugban,DrugBAN,human,cold_pair,4198936517,0,c599300df5b2ef0e50f64754f47aba326dcc6a75a3d10b9702e2db478089d1f4,0.7804878048780488,152,0.7404306220095693,0.5334660664819946,0.11390240272318314,0.15891472868217055,0.0053108748979866505
drugban,DrugBAN,human,cold_pair,4198936517,1,6d3820abd87f7335237c574ad06a563bfe76a527f8622d23ed6706e61a02501e,0.6768707482993198,73,0.6575342465753424,0.662938637643085,0.20232744823034687,0.23822714681440443,0.0039045398589223623
drugban,DrugBAN,human,cold_pair,4198936517,2,0a398b6e5968651e3f7732810ecdeb9c20ab8410e42ba1dea9b78b57b7f4b740,0.7982986767485822,59,0.8798151001540832,0.5584027578282102,0.1181260792335922,0.07142857142857142,0.035093892365694046
drugban,DrugBAN,human,cold_pair,4198936517,3,17ae3f073110d144df44f48448f0b1769b825674b197aa22a58820e1d26a1419,0.7164999999999999,172,0.7822410147991543,0.5869287452677122,0.15609370175348813,0.21374045801526717,0.0011538381222635508
drugban,DrugBAN,human,cold_pair,4198936517,4,5e4f89773931feec371bc5318cdb8d788c6407efb92cd88e675fc19b2bb40639,0.6605868358445679,120,0.5871212121212122,0.667625,0.2231143919228747,0.22475106685633,0.05444813892245293
drugban,DrugBAN,human,cold_pair,983997847,0,0f03eb4162b879e7617fddc65d193722488f8264565ffd7c40b6a62a83df8fac,0.7867231638418078,92,0.9130434782608695,0.7129253308128546,0.3650603233699992,0.08333333333333333,0.5091655254364014
drugban,DrugBAN,human,cold_pair,983997847,1,ab3f176e26732a9405bf7aa8cf428370d2cba2de7f534e7de90b588c3082a051,0.8605200945626477,118,0.6956856702619415,0.6512855501292732,0.19365757657076882,0.2418426103646833,0.0015781703405082226
drugban,DrugBAN,human,cold_pair,983997847,2,a45d9e52f747a1356f288e2e07ae425edd460014c17d6ea8d75f3dea09754d32,0.64501953125,73,0.589041095890411,0.5244886470257084,0.1393817807650256,0.14948453608247422,0.022596009075641632
drugban,DrugBAN,human,cold_pair,983997847,3,0374dee88a8014ae6196dba73dc66a252067d6bea2c2be5adab49a27342da802,0.6014388489208633,139,0.7161543492478745,0.4930490140261891,0.11140374585854584,0.1388888888888889,0.0010898082982748747
drugban,DrugBAN,human,cold_pair,983997847,4,8b2b4d7f522a6296b722e4648052b41b54ab6f22944ae92675f84ff6ee26c967,0.6535229476405947,100,0.7581818181818182,0.61406,0.12130827855117995,0.20359281437125748,0.21882972121238708
drugban,DrugBAN,human,cold_protein,1941488137,0,7cb69146150959e01230f6b5c7717ad44925427bbf9b6d06b05a6b5c6cd3a88f,0.749961937716263,605,0.9116453794139745,0.6758132641213032,0.3595519542436819,0.35807860262008734,0.14614939069707172
drugban,DrugBAN,human,cold_protein,1941488137,1,c03a6a0be3b7940366b4d416b49c14232283356fd56d9862dcd17f80180bb081,0.8440972222222223,476,0.8827349121466769,0.7790297736741756,0.48952058534579757,0.42401500938086306,0.1205837693443039
drugban,DrugBAN,human,cold_protein,1941488137,2,cb0f1a691beb4adc74b4b7287889c3513e426f8c77b95d8d2469955a14eb25d9,0.8594037342841058,688,0.9209830866807611,0.7378220702068686,0.41328734649463206,0.4031936127744511,0.3053260998162509
drugban,DrugBAN,human,cold_protein,1941488137,3,e9a410074f5af92384c7ea7cbc604118a4bb751d05fbef40b158e06af77078ce,0.7625572321292484,448,0.8319805194805194,0.7722651267538265,0.5109710058734063,0.37650602409638556,0.002408580077518645
drugban,DrugBAN,human,cold_protein,1941488137,4,f27eb92e44ae906264399b45ad8e075aa5c13b614d3dfc215facb2599738bb9f,0.8188339283540914,416,0.8953234265734266,0.7957548423631657,0.5184036873535232,0.47420417124039516,0.029669227825656334
drugban,DrugBAN,human,cold_protein,4198936517,0,3593355e476aa732f041a4be078216cf682e8d170e22eccf705d6a3af57bd533,0.8073105216568481,666,0.9153699153699154,0.6625083416750084,0.3652307089718524,0.3812375249500998,0.1737124452852223
drugban,DrugBAN,human,cold_protein,4198936517,1,2075c796adb0e2a27e7c390bb4d8033e4d271d1bc1dba505d080b6f64d17ff34,0.8621175219058816,452,0.918946098149638,0.8270166027096876,0.5763582308535296,0.5275498241500586,0.08192853104782435
drugban,DrugBAN,human,cold_protein,4198936517,2,d99e86b535bcb2a067d03dd88bfd76c86768bcbef42493693fa847c07710d053,0.8351344239287751,438,0.8993358239933582,0.7822389545672526,0.4702212266045807,0.41916167664670656,0.10808402136580572
drugban,DrugBAN,human,cold_protein,4198936517,3,87b03a37e5bd84e0d0a7a3ae7cc7077c7b7160aef7bdd2afb26e89064cab7330,0.8626731301939057,616,0.9110094451003542,0.7459635636279305,0.41065407388574005,0.4035608308605341,0.0641764293151768
drugban,DrugBAN,human,cold_protein,4198936517,4,126935daee05969237fe55788ca0d3770e52af4a200050501cca7fa44e62a3d3,0.8469943258134371,461,0.9240780911062907,0.7520927343650745,0.4964846841454547,0.48871181938911024,0.07772542791415563
drugban,DrugBAN,human,cold_protein,983997847,0,b975bda7bffa478f7ce84c3c04a6f2334e76849cc07bdb35f50840e6781a4828,0.8419936903662666,441,0.9086786229643372,0.7452290969297772,0.502245592613282,0.4719904648390942,0.023392597332290533
drugban,DrugBAN,human,cold_protein,983997847,1,957c6eaabfcceb16e4218df5757fdbd002c080cf60c72b1f4f2a9388bc067b8e,0.8006574141709276,513,0.9135211766790714,0.7691795006250737,0.4774391609611489,0.47413793103448276,0.09920697911349063
drugban,DrugBAN,human,cold_protein,983997847,2,905573cff79b426bf47d99a1b18ed055fff710b8b00740d56aa6ab87eb08a1c2,0.7796339400598534,463,0.9226389161594345,0.7867954321753612,0.47256356899897944,0.4435028248587571,0.34709292259934765
drugban,DrugBAN,human,cold_protein,983997847,3,40f3650964082375d0fb6e5e1019d8188002152ae847d74cc00bcd40bcab0264,0.8014577390444958,724,0.9059517830236062,0.6950128391990475,0.33656116856694734,0.33775419982316535,0.19139559330189027
drugban,DrugBAN,human,cold_protein,983997847,4,e147190debc1ca6a45f9f658aec6ae9bf10f0a86236fb1b2e36ec955cc112690,0.8295864483208734,492,0.9122320768662232,0.7385666600568445,0.46348170524533455,0.4418331374853114,0.008692132246055423
drugban,DrugBAN,human,random,1941488137,0,3ee649582c51d150475d3d256d55c6fff7157336dfa58397b759280f8a7dbc85,0.9399564250578379,527,0.945489046058306,0.9333047683173165,0.7617345519847419,0.7013232514177694,0.2667431321046119
drugban,DrugBAN,human,random,1941488137,1,1eb203df0bf0b5ae9a461841e4e43b8812f7685326bbff9593bb89cefc51caea,0.9572606185844882,527,0.9499741245471796,0.9468307234750423,0.7859370036334662,0.7173489278752436,0.5300492788014346
drugban,DrugBAN,human,random,1941488137,2,6c082337c0ebfc9cc8200f8b88b1979992d5518604da2d05d12c4f6c2bb7c2c1,0.9313357741290628,527,0.9544592030360531,0.942576576446824,0.7975431403457364,0.725,0.8603102986126722
drugban,DrugBAN,human,random,1941488137,3,eb685a487de50970e62869aff74f9bc2208e4d2392b5b13388bec0d70e1129c2,0.9334179376024797,526,0.935361216730038,0.9322525264207954,0.7470841958056531,0.6666666666666666,0.1458022056377094
drugban,DrugBAN,human,random,1941488137,4,0b79b831cb7ae126803958380cc5372817612cf9372ab369c224cb212271ef7d,0.9419869275173512,526,0.9541997926028344,0.9392858433691393,0.7933396280166173,0.7336683417085427,0.40141846153834104
drugban,DrugBAN,human,random,4198936517,0,3bcfa52e669072e9cb6d9b139b85fc06064191c273108f303dd1a87d1a8a0b91,0.949450820960895,527,0.9472140762463344,0.9192070327549519,0.7251954594929837,0.6982248520710059,0.17259524150253963
drugban,DrugBAN,human,random,4198936517,1,c5a6c5aaab4d4e3bec9b95463f04984cbbed697217f645a8ea24bc4f0e9de784,0.9559398935333888,527,0.9491116094531654,0.9475902768526153,0.7910936906322732,0.7171620325982742,0.35858404628218155
drugban,DrugBAN,human,random,4198936517,2,4e5f39c804d2a94efa32f8fb58590ed9076f3bdd932dcf31fdcfd6fdac711963,0.9443521035017183,527,0.9372089011557703,0.9379088968022785,0.7578508125825634,0.6981757877280266,0.1728489421410105
drugban,DrugBAN,human,random,4198936517,3,e4db0b416220a414e748ec53e82eab3c5d1d6b0064e0b11e992230339346d754,0.9509276521192246,526,0.9453854130660214,0.9391284390406107,0.7579987654402285,0.7030075187969925,0.40110306462196443
drugban,DrugBAN,human,random,4198936517,4,1b65f2cfeb8dec15714fa96b172c9ae08f364abd5758434f3a52d7d83202e51d,0.950263920397116,526,0.950051849291393,0.9514663360754095,0.7889261202645409,0.7169441723800196,0.3886131229465953
drugban,DrugBAN,human,random,983997847,0,8e3728b3831b303054f4db65a05ddba96318f5fa1c553d996fb446a685671745,0.9548550122414142,527,0.9513541486976022,0.9373414371563648,0.753019770815017,0.7304015296367112,0.35355704524745735
drugban,DrugBAN,human,random,983997847,1,74a1b53c2ca13a336af7697dcb71b812f573d3df1b21d19bce03e8461e06d5b0,0.9210428786415399,527,0.9453165430395032,0.9424732383006454,0.767665291644791,0.6919339164237124,0.3762680853882887
drugban,DrugBAN,human,random,983997847,2,ff952d55942ea478d13768a392518e50b7b12b8ef7ace19be68a264d64ccb8ad,0.9578131668201523,527,0.9496291185095739,0.9444498053858257,0.7628584893171722,0.7142857142857143,0.31128287764444734
drugban,DrugBAN,human,random,983997847,3,791163edfbaac8b3d9568440051d03e70556061ba4a76c92e539462704d82ced,0.9373071134970014,526,0.9488420324922227,0.9346849744827885,0.7439292383954189,0.6960985626283368,0.4655247547038614
drugban,DrugBAN,human,random,983997847,4,aae19ac732a2aece44d67149029670a09036945210e85bb764eefc2e6c71a80c,0.9389411738280811,526,0.9488420324922227,0.9317638682068559,0.7557743668311656,0.7109375,0.3748437354009444
gcn,GCN (leak-safe KNN graph),bindingdb,cold_drug,1941488137,0,d3122cff3f09f0e7ffd06030d60d5e2eca915ec3d9ead8dd02edbd3283126894,0.9185385400757022,4182,0.9246337115777575,0.9188080575104849,0.633988015518639,0.6022714236549271,0.826620790444008
gcn,GCN (leak-safe KNN graph),bindingdb,cold_drug,1941488137,1,271362873bdfd8fae15456fd6c51cac9d2e8e081d8fbaf95bf8f87f4e97a44bf,0.9232821101724229,4280,0.9235131690739168,0.9070284850205258,0.5662497065700212,0.5877504293073841,0.8027245602624054
gcn,GCN (leak-safe KNN graph),bindingdb,cold_drug,1941488137,2,6fade7330d6d26b28f5faeff6b9ddbaaf1b6001f51b43b0e085de6362903a3fb,0.9229880821817105,4116,0.9203993285625939,0.9171809347437434,0.6047113621129475,0.5864126692678449,0.7874041862357148
gcn,GCN (leak-safe KNN graph),bindingdb,cold_drug,1941488137,3,bb13aff79788c532ba4be6faf227627a3fd9a0922917ed81c0c27e8b1e896e17,0.9207410118564088,4061,0.9195227328691993,0.9139090365402132,0.6302891144111916,0.5981893372080027,0.0021757204687758106
gcn,GCN (leak-safe KNN graph),bindingdb,cold_drug,1941488137,4,c7ebc80f58f9cbb1d44a9197b733c0c17d684e5c756941826054ab573b76f457,0.9224953938056324,4035,0.925965979497578,0.9222275043800452,0.63502842388566,0.6031400966183574,0.7935545355979721
gcn,GCN (leak-safe KNN graph),bindingdb,cold_drug,4198936517,0,f99b8da5ab42ba3a3a174619834df007af4996a7b09c0c44599b9192d2853fb2,0.9067677465771986,4084,0.926075149140771,0.9171978677929974,0.6252112345785399,0.5976983646274985,0.8621597720743859
gcn,GCN (leak-safe KNN graph),bindingdb,cold_drug,4198936517,1,af1dc944cf987f1e10275d3ad0c7073b6aef183cdfd1520f3a8905ecdd563efa,0.9162139359295862,4191,0.9291989327780309,0.9180564600798624,0.6324256300201694,0.597930524759793,0.9428990213838343
gcn,GCN (leak-safe KNN graph),bindingdb,cold_drug,4198936517,2,3ed3b0703aaae09b96234f544ce4f3d852b5973fdf99e944f8e86e8ff0842696,0.927637501814487,4093,0.9254381094107457,0.9202719492302383,0.6569893817196399,0.6124898995728962,0.47607061703319353
gcn,GCN (leak-safe KNN graph),bindingdb,cold_drug,4198936517,3,2b423d98eadf4e955c204ac0c7d2cf1317801698510fe27edaa02dc1817607cc,0.9277754434429724,4171,0.9221028312373314,0.9101497961659553,0.5986182751936923,0.5913560484793048,0.8745849980801751
gcn,GCN (leak-safe KNN graph),bindingdb,cold_drug,4198936517,4,c0d6c15b73d44b1e9e34d83f78ea6d8fde927a5b41c7fa3eec65dd204b3f1780,0.9277276771419256,4135,0.9228317027591514,0.9250432252470651,0.6270153126659566,0.6048187345192524,0.8551244400788659
gcn,GCN (leak-safe KNN graph),bindingdb,cold_drug,983997847,0,caa30460df33a20c98ac7f63f64cccd6e9a80b8154201f05a46ca9b2cbfc1bfa,0.9185828829403553,4095,0.9252303252303252,0.917180563568842,0.5891114042494991,0.5832714674585499,0.8856636305949459
gcn,GCN (leak-safe KNN graph),bindingdb,cold_drug,983997847,1,ae65eea815e50b920663d8c7fb5fe425d8ce49ff9f7ea44fc38c5d61edca2fc0,0.8991695019568237,4095,0.9187923187923188,0.9194236307716162,0.587510479696729,0.595711759504863,0.8316568942429268
gcn,GCN (leak-safe KNN graph),bindingdb,cold_drug,983997847,2,530d0d9ee08f5eff47c8e7cd28570f7bdbae4a81314d4db83c4016e816c87dcd,0.9205319132273474,4149,0.9269922653870594,0.915358040724632,0.5892105678169541,0.586292525453191,0.8918430581158154
gcn,GCN (leak-safe KNN graph),bindingdb,cold_drug,983997847,3,7b34a851f2b0deb3f060c6d82b3f07b4d7445a21502d5e1379f27e3441d33311,0.9119278152582113,4189,0.9214826710649102,0.9152775565556348,0.612093366137128,0.5909090909090909,0.5353796245300635
gcn,GCN (leak-safe KNN graph),bindingdb,cold_drug,983997847,4,a09e124b606033d05e2869d1398ae3af7c00f8029d69e95dcfc4a56497f40ed6,0.92551952123112,4146,0.9317633644695873,0.921392849488601,0.625606839499808,0.6190009794319294,0.8197461974130916
gcn,GCN (leak-safe KNN graph),bindingdb,cold_pair,1941488137,0,2b4cfc3bb4039bbe25bf713ec37108d8cd7099263d4163e97de30bbe11e8916c,0.5406265940025236,876,0.6666666666666666,0.5779128484602072,0.11371709980113859,0.1925590749120161,0.49265793339030384
gcn,GCN (leak-safe KNN graph),bindingdb,cold_pair,1941488137,1,5ecd70455c0eaf43ddb52714a848e8038eed447795919cb02a36dc75e7d002e6,0.5019828881951671,719,0.09090909090909091,0.5009037432224095,0.09353983541637328,0.16666666666666666,0.0
gcn,GCN (leak-safe KNN graph),bindingdb,cold_pair,1941488137,2,498c1745279d8458ec7ac82f9c192b80b2d6514f22cd4804005f82496da59376,0.5191824328939281,685,0.2944923689449237,0.5400148116575203,0.09729459945326778,0.1816502463054187,0.48821007384829324
gcn,GCN (leak-safe KNN graph),bindingdb,cold_pair,1941488137,3,43e02e384720b83176d3f006a506fdf82e19e213eac9656a0249835c8f1b0221,0.5794423440453687,1166,0.6895368782161235,0.4855652874909161,0.08189273870441367,0.10315315315315315,0.48428661840827497
gcn,GCN (leak-safe KNN graph),bindingdb,cold_pair,1941488137,4,b79488fb07b6204668a5d205427de2a4d6a388125d3a689c76e691a7e1078a0c,0.5231824417009602,747,0.3053425824510162,0.5171571605475898,0.09743517154279421,0.16378552593026663,0.4848249346017838
gcn,GCN (leak-safe KNN graph),bindingdb,cold_pair,4198936517,0,623e3f2499dd11866908cefe7fe7e7abe7c21170e81c11241d5b048682e96432,0.5537994519220579,1037,0.43692469536249673,0.5020181909651478,0.08642516115055884,0.15297375708822367,0.4962258655404391
gcn,GCN (leak-safe KNN graph),bindingdb,cold_pair,4198936517,1,5e8664cd3b0a95abf0f6b0d15ce4771e4f24c5969a60edec42f76bebdf870ed6,0.5474736842105263,742,0.5839255084538103,0.45566927732289075,0.07628556153264925,0.08562197092084006,0.4898845160987279
gcn,GCN (leak-safe KNN graph),bindingdb,cold_pair,4198936517,2,f138fd2b71c3a54018d0937acabffe0ea4ac8598e60bb0b122469f6e7b60a27b,0.6161624526771228,943,0.7058710112792828,0.5726783499334832,0.13132484641047637,0.19221604447974583,0.49671677404887055
gcn,GCN (leak-safe KNN graph),bindingdb,cold_pair,4198936517,3,3894e7ee00e5ffe62c846a7ab1197097de5b9db34c79da92c0981897c6953231,0.5214173602853746,655,0.33671061762664817,0.49887022900763356,0.09064393509480059,0.1617260129801789,0.00012936974515618554
gcn,GCN (leak-safe KNN graph),bindingdb,cold_pair,4198936517,4,3d88c52c58071efde8e1fae42ed5be4d4d3354b23c80f64b663bc7d5806a8fc2,0.5247906292440018,723,0.3315729913240287,0.5022007579453216,0.09112595686560346,0.16309823677581864,0.01226760780591875
gcn,GCN (leak-safe KNN graph),bindingdb,cold_pair,983997847,0,a1543616e83727949e58fe0c4fc7e23733d1725603632dfd593a38e9d4314a38,0.57628,1058,0.718937961849115,0.603682358910953,0.11589972260192241,0.19690645715688682,0.5029479686038135
gcn,GCN (leak-safe KNN graph),bindingdb,cold_pair,983997847,1,44c0d6816c76aa3a2113b5e5b49b5baa57093baa92b9170f41621f144578efbc,0.5600810632481854,874,0.4491366756812981,0.5008135482722327,0.08559309757119936,0.16334913112164298,0.4960704060449992
gcn,GCN (leak-safe KNN graph),bindingdb,cold_pair,983997847,2,b3cf07d59bdc3e1f2b3148b95d02e95198c5ddf26efd2fe0a722234d1129296a,0.5853362229480175,732,0.8369349230004968,0.4790625279942668,0.08283383646991031,0.05878136200716846,0.4998169541358948
gcn,GCN (leak-safe KNN graph),bindingdb,cold_pair,983997847,3,cb3eb24cc3f35d3248ba1e807c2bc1e8ba6180a8b79931b4372d487d74d59b8c,0.5273673257023934,691,0.5382186554400736,0.5042225763957099,0.09314891364200717,0.15340086830680175,3.177988096817743e-38
gcn,GCN (leak-safe KNN graph),bindingdb,cold_pair,983997847,4,b1ee7b4942b8c6aa621a1b8d5b9dd55945af4aae50932fc4fc5366d293b027b6,0.5046606878045335,771,0.23405258813819124,0.48604234903043364,0.0886235808463202,0.1613736121869352,0.006411040872845748
gcn,GCN (leak-safe KNN graph),bindingdb,cold_protein,1941488137,0,b8f4b00318dc9ff3a71214100e4aa6df2e9f73a506a45512b1452972c20df9a5,0.6381495578277254,4204,0.7922325058385953,0.5629459104463964,0.10418103190038916,0.13175492499548166,0.4954492747783661
gcn,GCN (leak-safe KNN graph),bindingdb,cold_protein,1941488137,1,6324786832b507b8d88ac5af97a996d64cf4221232f8a2c04500f4f96dfda2e5,0.54273991702415,3581,0.4144093828539514,0.5659313352975823,0.11046038666102637,0.18735247489871412,0.5024669931604437
gcn,GCN (leak-safe KNN graph),bindingdb,cold_protein,1941488137,2,18a6cc162f1fa8d7979557f3103d6589ad6c76101e9d4b05edbc3508c39d7449,0.6343583034791825,3319,0.610205702703443,0.5312033912137346,0.09743823203547214,0.15326947105372762,0.48404634763116705
gcn,GCN (leak-safe KNN graph),bindingdb,cold_protein,1941488137,3,d8a62a5b9d02c5fdecaf03b3e4205a1fd809acb1a39813a2983042d6e71103a7,0.6427235775935177,5585,0.7207943354765199,0.605137972683898,0.11865117220749838,0.20051270100209742,0.49618881940841675
gcn,GCN (leak-safe KNN graph),bindingdb,cold_protein,1941488137,4,6f23544a9a5ff66b69f436861c5b792732177ec1bed1d2b13661542bac6e24ff,0.5458524020768237,3985,0.38583323827991334,0.5678967237554884,0.11196136335597642,0.18723584108199492,0.5018138289451599
gcn,GCN (leak-safe KNN graph),bindingdb,cold_protein,4198936517,0,22e974af8b2c809bdefdffe3e21f5cd4dca5166faa3d99cf8e431c989fe973ec,0.6151510651407252,5398,0.6442621846475125,0.42465155435417806,0.09677016921069267,0.11400528501321253,0.0036371836178834003
gcn,GCN (leak-safe KNN graph),bindingdb,cold_protein,4198936517,1,7de9c60893654c75d6754628b7974dd61c3826b3a821f9d60b154eb8dce8beb7,0.5693929139110927,3710,0.388752756677285,0.5728078879113054,0.10848745191001644,0.18849019161326003,0.5014519171682122
gcn,GCN (leak-safe KNN graph),bindingdb,cold_protein,4198936517,2,a1b2551830003e141ac4c3d8c0b31d0bf510c9258df9358bc6e3050d3e4a2ad1,0.565754585307097,4675,0.3534662129314536,0.6030853064142526,0.12491770942248438,0.1820910209102091,0.5039423108100891
gcn,GCN (leak-safe KNN graph),bindingdb,cold_protein,4198936517,3,54e27bd08e4aef100ce01bad8ce9e207fa9a2710a2c83e4014f33c0e5ca75c50,0.5358204089751311,3397,0.36130810608290737,0.5396575785193415,0.09467910327046006,0.1829510441629579,0.5014522671699524
gcn,GCN (leak-safe KNN graph),bindingdb,cold_protein,4198936517,4,0daede7857fabe586f0f52f24e384964600ef55eaaa7afdc863972f69e5aa1ee,0.5623910433588802,3494,0.5650465733465161,0.5549579350847262,0.10638347420116603,0.18274260571987289,0.5024059414863586
gcn,GCN (leak-safe KNN graph),bindingdb,cold_protein,983997847,0,a5feacf2df5d6831b820604ee4902c21b8ee04ab2881d4c6d5d7c3b487a651d3,0.5642452090329587,5465,0.7788904599517591,0.41886312381293583,0.10274480469299915,0.10587918740750707,0.2040686023235321
gcn,GCN (leak-safe KNN graph),bindingdb,cold_protein,983997847,1,0f751e4977a964aa5d45f5e60f178b601671b9f0c0c50246a40f80b5ea0bea35,0.5283575498801607,4229,0.34173133558331004,0.5972125771222037,0.11698965379615783,0.19177576013513514,0.5019172934310077
gcn,GCN (leak-safe KNN graph),bindingdb,cold_protein,983997847,2,97af94b0063094defb869e774b6c443798a524b786f6404e94fa204ec20371a1,0.547814620286984,3754,0.40599118516007165,0.56289602580547,0.10024235440406634,0.19032843703581448,0.49930644035339355
gcn,GCN (leak-safe KNN graph),bindingdb,cold_protein,983997847,3,998506e928ef1e0c00d67e1ebc691c0912c556c62ce64b142e76df88d3301536,0.5508903841614519,3428,0.4789699798451257,0.544877894857233,0.10084409382168825,0.17839668799397818,0.49915024638175964
gcn,GCN (leak-safe KNN graph),bindingdb,cold_protein,983997847,4,265ebe6c7813d7d91f031416042ef8a1914cf0307163f2e590e14d3be8496eaa,0.5803560567569961,3798,0.772799080855953,0.6087405624367582,0.12254219495931937,0.15566625155666253,0.49199503660202026
gcn,GCN (leak-safe KNN graph),bindingdb,random,1941488137,0,b9f98ff3affb86a1ce4b9c5e5472552e0a3af3744fa4dc64867fb8ca8a7429c5,0.9210151930975291,4135,0.920677146311971,0.9250571740633897,0.5904696823688153,0.5937851835172259,0.8367561557521556
gcn,GCN (leak-safe KNN graph),bindingdb,random,1941488137,1,df7fca01d0b5a54dcc2c252649e73083ec1e03258bb2ba439dac4818d4116d32,0.9258196574498231,4135,0.926547213367044,0.9222327493058491,0.609111260869144,0.5832605712860172,0.8492563757177902
gcn,GCN (leak-safe KNN graph),bindingdb,random,1941488137,2,e37319a5252456b0cc89339cc40f83f8ec8d2f500338ef847eb2394b202c8a1c,0.9225080015615654,4135,0.914125535890953,0.9248094670645638,0.6177059197758743,0.5966542750929368,0.7705004134243482
gcn,GCN (leak-safe KNN graph),bindingdb,random,1941488137,3,95055dd9f725f176b4a64f81e2a0e31b3e2c38f4ab090b7d7294df43883af058,0.9277777554395266,4135,0.9282620644168407,0.9286390721843935,0.6244397839193501,0.6127002967359051,0.8889106273651123
gcn,GCN (leak-safe KNN graph),bindingdb,random,1941488137,4,bc251326e2f97ec272acb637b42fda0727940e6e0898341d9a1cc3254c6c327b,0.9195394368421284,4134,0.9269252759818798,0.9240018084306362,0.6160010282959575,0.6059528044586743,0.8330960554374408
gcn,GCN (leak-safe KNN graph),bindingdb,random,4198936517,0,e19bb407247a1c3f9a14d3d79cb8a3d6a8146026a241c41e590d6d6d17e2d3b7,0.9288213944722333,4135,0.9285039023854018,0.9248509041143159,0.6113895991755921,0.6134094151212554,0.8475467622198468
gcn,GCN (leak-safe KNN graph),bindingdb,random,4198936517,1,95cdd6a9a549c0f479bbeda625fb14b4b7422a760aa633756e0585d4b7a1f46b,0.9239048570831181,4135,0.9288116961635704,0.927168021826827,0.6353642552181995,0.6055068226120858,0.8422722196578978
gcn,GCN (leak-safe KNN graph),bindingdb,random,4198936517,2,eebf7de3343762db7f3b4472b0332993b822fe13571c34630f8b932c3b6554d3,0.9231515259624903,4135,0.922787732219413,0.9221925930908031,0.6081128813533477,0.593141797961075,0.8139520956637104
gcn,GCN (leak-safe KNN graph),bindingdb,random,4198936517,3,0705f193b18c75afb116332bc4434d9d915e73660944c5a068ffa67401f3f12b,0.9230057323201678,4135,0.9211608222490931,0.9229822657030189,0.6156857018098403,0.5940683721983246,0.7826121448245765
gcn,GCN (leak-safe KNN graph),bindingdb,random,4198936517,4,0f34655d6654128ba545e6b71007cf13a0096db925a2eca3b4d7ff413699a623,0.9229857558313801,4134,0.9248581607072173,0.9245490889502582,0.6209107235259876,0.5977633902295468,0.8471292073596014
gcn,GCN (leak-safe KNN graph),bindingdb,random,983997847,0,50221d3d5a60a5f8305cd6466d4a636bf326cb35a8869f82e4274a1122350a14,0.9298496079271386,4135,0.9179509728481917,0.9245430446727657,0.6181794349881109,0.6022170112982307,0.8339316910178693
gcn,GCN (leak-safe KNN graph),bindingdb,random,983997847,1,ca7853b850250bd472514b6099f39ed64f5af5c79271809d93cd00db9eb88d59,0.925945474603358,4135,0.9226997911399363,0.9244736602776019,0.6131914193874637,0.5829181494661921,0.8179832949377086
gcn,GCN (leak-safe KNN graph),bindingdb,random,983997847,2,869a929e679ec92faf0964819aa84b6417cbbde21ead1497154a3892b41c1055,0.9250300652553116,4135,0.9248103770473782,0.9218047107228967,0.6178516229321319,0.5985915492957746,0.808795419506831
gcn,GCN (leak-safe KNN graph),bindingdb,random,983997847,3,0e34704dcc33f0c5c9228868f6d64cca9fa5b9d85a2e751d618cd9213aabcf4c,0.9261410723920173,4135,0.9275585357810268,0.9276685006777019,0.6197003258740781,0.611576093363197,0.898305556594509
gcn,GCN (leak-safe KNN graph),bindingdb,random,983997847,4,f0040bedf05f81f4adef9fcf43325837a5e5af196f2e5cb5be7e93b9224a3eb6,0.925328012849287,4134,0.9284646171438624,0.9219445971657271,0.6099179604254407,0.6054578532443905,0.8085021146519542
gcn,GCN (leak-safe KNN graph),biosnap,cold_drug,1941488137,0,0dde78d724b699a171b9e73ce8da6eed90afbb0e81889dba066c152277a6831a,0.8766976297821432,2947,0.9163710398864793,0.8419433518917918,0.5313938815638715,0.5234663385480752,0.7938928718436249
gcn,GCN (leak-safe KNN graph),biosnap,cold_drug,1941488137,1,05c1111bb5eaeec4581c48562a2d93fdad2397fb306560bc5c63ed2285481684,0.8747123662540659,2789,0.9141106294207765,0.8494782555706926,0.5567870467248275,0.5427728613569321,0.7125486554838198
gcn,GCN (leak-safe KNN graph),biosnap,cold_drug,1941488137,2,8d7becc9ec965fae3cad75020e65aae6611a1463eb00b269d8a65490c505b6e2,0.8464879138561856,2704,0.9119486282947822,0.8405381108635902,0.5108550928121451,0.512925423098382,0.7692030928559493
gcn,GCN (leak-safe KNN graph),biosnap,cold_drug,1941488137,3,b69c25480603ce368168d2027d0440423f86dd2866e16d0ed5bac620472b87af,0.8329514651326791,2578,0.9199520417518866,0.8387300401258847,0.505028776464694,0.49800973020787265,0.8109423224240127
gcn,GCN (leak-safe KNN graph),biosnap,cold_drug,1941488137,4,c0fddbd8642abf6c3cf66942cdb56947649f142191b46a8425f429f532262ac6,0.8212273175388737,2812,0.912388465020044,0.8489427170488599,0.5158503959814358,0.5152057245080501,0.7864836703261283
gcn,GCN (leak-safe KNN graph),biosnap,cold_drug,4198936517,0,5c219cc120686c883e7bf755698024447f43c50ba720467e8ea0c62d10c59c56,0.8632321389203829,2636,0.8992619671678852,0.8571520729090151,0.5579008542591453,0.5198093046194312,0.6822700786508926
gcn,GCN (leak-safe KNN graph),biosnap,cold_drug,4198936517,1,3d6c3d07b85c2cc2d5be78939c078813b2caccd1365475fd07f9320e7ab8e035,0.8450173892794903,2980,0.9138804148871263,0.847833470339174,0.527897794812683,0.5229001183031942,0.7508866147472434
gcn,GCN (leak-safe KNN graph),biosnap,cold_drug,4198936517,2,8c83f85e76b7e1295bbdc5eeda9af96b06b5bebcc45111d68752138c42d35ae4,0.8649479890738632,2774,0.9158746804745362,0.8157052639895953,0.4971973871978058,0.4983388704318937,0.8113807398978975
gcn,GCN (leak-safe KNN graph),biosnap,cold_drug,4198936517,3,f9c6e915b8e319425e68b7ed11852de6369777cb1df242e8acaaf7516c487593,0.8377480873067206,2696,0.9124629080118695,0.8414902572995271,0.548936028774464,0.5278283012004366,0.6994484156778414
gcn,GCN (leak-safe KNN graph),biosnap,cold_drug,4198936517,4,8c25f08c33d9218824f51c83c6e15f1b38436e4c883a76888389a856c3727acb,0.8555293005671079,2744,0.9206864564007421,0.8398263319280231,0.535038250213338,0.517921868707209,0.7964265014537392
gcn,GCN (leak-safe KNN graph),biosnap,cold_drug,983997847,0,7073e1468209ad34718675fe4cde1f700224fc93c70c42e428ab87870680b0a4,0.8265853304439237,2804,0.9196278044352224,0.8579399194853083,0.5640357674773928,0.5411808254673329,0.7970394528402037
gcn,GCN (leak-safe KNN graph),biosnap,cold_drug,983997847,1,b09953fd4d7f62ee241de6a0743dee295aedf4f2c788ab85ac3d61b3d4534be6,0.8356798150087166,2695,0.9144206442907742,0.818855607684126,0.4909882966015089,0.47980315767890097,0.788206549915549
gcn,GCN (leak-safe KNN graph),biosnap,cold_drug,983997847,2,e03a947319a7ce0a30a9acde4d445c946a156102ab02ceeb9e0082a1c7577c02,0.8692550804076881,2817,0.9144479943201987,0.836782320535004,0.5185915669173604,0.5034650683648624,0.7719855914377185
gcn,GCN (leak-safe KNN graph),biosnap,cold_drug,983997847,3,b2d432a7a3f9058c024f5f2578182a059bf5778bbcadeb61784cabe54ba6f18c,0.8773789342814512,2922,0.9234335137825898,0.858737094879835,0.5380261413061675,0.5300744701164789,0.810796039725003
gcn,GCN (leak-safe KNN graph),biosnap,cold_drug,983997847,4,4662f7f454bfe52811ed009d8fdf5609c6f3c1f4ef1c5a40cf74dc10cf553ded,0.8268840538970409,2592,0.9132645903479237,0.8377363337810547,0.5359379463114073,0.5204576304052744,0.7465526465847068
gcn,GCN (leak-safe KNN graph),biosnap,cold_pair,1941488137,0,81ff1cf1289174f7f6901b238f8274214b99ccf0b30871c1e9fb9c54824eaa64,0.5906393169512704,736,0.8192934782608695,0.6550507110999528,0.1473541154345874,0.22387267904509284,0.4687652179802934
gcn,GCN (leak-safe KNN graph),biosnap,cold_pair,1941488137,1,eabf504c52c58bec765481fe1a8d067deb9776838063c0dd93aba9f9ca6a4f01,0.6665802001953125,536,0.8251356852103121,0.6788616966473602,0.17496319220873405,0.2855162855162855,0.4671452805399895
gcn,GCN (leak-safe KNN graph),biosnap,cold_pair,1941488137,2,71e439ff03789bdbb390dc0982ac35cf36ec23da8658bdc6f1c9507745b8db2c,0.5779417438271605,530,0.8483704974271012,0.6552591669633322,0.17824518611354248,0.2928,0.4602734013697872
gcn,GCN (leak-safe KNN graph),biosnap,cold_pair,1941488137,3,a2fec1a3c34444adeaee1cbd3ef8a0559776fb58b5a9dd7b001bf0798e165db1,0.703449230647522,448,0.789163961038961,0.6278671576052296,0.14602987242523113,0.2193839218632607,0.4727888073170022
gcn,GCN (leak-safe KNN graph),biosnap,cold_pair,1941488137,4,2d243d87e3fd1623d5b3ffa784324892aff86c3e2b7e6290683beb57d2989f5f,0.6537574106713668,567,0.8784672118005451,0.6811065075321395,0.18067926386186167,0.23434343434343435,0.4560542056005295
gcn,GCN (leak-safe KNN graph),biosnap,cold_pair,4198936517,0,d53948b107e6707f76abc6bf9e2514eb15982fc444fe80edcf89039c411d2277,0.6005113221329438,580,0.6920062695924765,0.7059485731272295,0.20475799481381496,0.2719525750277881,0.5041689379982752
gcn,GCN (leak-safe KNN graph),biosnap,cold_pair,4198936517,1,8bff8961308d7d7b0f11d6d7c62d411933414e2e6c9595b8e07a666c48d87f8f,0.6669423440453686,685,0.7908427339084273,0.628591826948692,0.14310380652362517,0.24011571841851495,0.47842035500970603
gcn,GCN (leak-safe KNN graph),biosnap,cold_pair,4198936517,2,b06c142765e46d6b37f51c4a3b5e4e7e891c7f7d5174fb2d2222a0e978f374d4,0.6083159750040057,561,0.8820288445956895,0.6945918766145253,0.20376668654022925,0.2876712328767123,0.48567057416863635
gcn,GCN (leak-safe KNN graph),biosnap,cold_pair,4198936517,3,90617ac60f1398f5f2afa657254153ae236a96395e763562096e6ea10484c2ec,0.6028141101862862,486,0.8683127572016461,0.6221259039103118,0.14217946869488393,0.1963470319634703,0.47066400606338293
gcn,GCN (leak-safe KNN graph),biosnap,cold_pair,4198936517,4,31c262bcb54487b7291c0f669411fd1ee4e817ab0fde336d5dc0811140ecd8b9,0.6679053254437871,495,0.7904499540863177,0.6235675951433527,0.16194232865720032,0.2537606278613473,0.483846888836116
gcn,GCN (leak-safe KNN graph),biosnap,cold_pair,983997847,0,be2fa14682ea8a906e1802a152fe451a9cfa1250c630bcae12bca002a7e4c105,0.6224603601182478,542,0.7935256625293525,0.6459418104328646,0.1620154058668587,0.26331538001196886,0.47707564313117773
gcn,GCN (leak-safe KNN graph),biosnap,cold_pair,983997847,1,fdb70f98b9e463558151fd73d60c71913bd135cf0ce599a478c803de17e9da06,0.6598297307088516,564,0.7911025145067698,0.6564324920778634,0.1846668914430773,0.273542600896861,0.4860868690765067
gcn,GCN (leak-safe KNN graph),biosnap,cold_pair,983997847,2,60f2b6d3b2a8cf0e94118477302b68562aa9163fef1a739ab2ee91f9a9ecc305,0.589248843004628,633,0.5114174924601465,0.6645535564989306,0.16834061787247362,0.2095724907063197,0.49213266331855565
gcn,GCN (leak-safe KNN graph),biosnap,cold_pair,983997847,3,58a094f9e8b563676173b717dbdfaf332a78a9bec18a7880fae9290d9c6c7f60,0.6757419525414767,465,0.7567937438905181,0.6451363163371487,0.14736424331658143,0.2301980198019802,0.44883799356957005
gcn,GCN (leak-safe KNN graph),biosnap,cold_pair,983997847,4,c84d88de123bbd2f315b943f35ec392b0da31f3f67825c3d6b9a97568dc17108,0.5947551020408164,590,0.6978428351309707,0.6222002298190175,0.15143300753999023,0.2227506936187079,0.4850766648413384
gcn,GCN (leak-safe KNN graph),biosnap,cold_protein,1941488137,0,766482f3df920b6196c8c65f02aec9f1e1e1665d35dd7f78a5042a0d576940bc,0.6686461202938475,3596,0.8325664880169886,0.6486463415350885,0.1791519162557999,0.22365490563826046,0.49738344074112095
gcn,GCN (leak-safe KNN graph),biosnap,cold_protein,1941488137,1,6845a196d809cb07fee4888cc59d379b6fe25b3ba4eb5507af2fc25a3f7a82d0,0.8096764948835955,2732,0.86656462132304,0.7545069323713958,0.24659127494524802,0.3708817069344211,0.47845267559567545
gcn,GCN (leak-safe KNN graph),biosnap,cold_protein,1941488137,2,f39fce42250d53c5ddc8895a8498a944872f43fd73a6f13a0a9fdd355bb652a5,0.740566490490336,2521,0.8202372795788108,0.6980945696765968,0.18871719002962836,0.3017229303824065,0.5014361025617547
gcn,GCN (leak-safe KNN graph),biosnap,cold_protein,1941488137,3,f358d9d2e2425b7e887892e4fe84f7af67f338032486c9b132b585223b8e3818,0.7309070665128796,2349,0.8655907736367506,0.6511521075152946,0.18991554975936703,0.32154717718304354,0.47018508894802774
gcn,GCN (leak-safe KNN graph),biosnap,cold_protein,1941488137,4,5389109904b9618c65333360931fc52bdb7de0768f8973450380d4a88c7fc7c2,0.7266910791408613,2632,0.8445703232937275,0.7038167722951563,0.22496145627250252,0.33959495157029645,0.4869086487652504
gcn,GCN (leak-safe KNN graph),biosnap,cold_protein,4198936517,0,fc1aa75b9b0048814ec09add25cac8ade5a40e6a544a3caeb436ae39d1baa70f,0.7053942808484233,3097,0.8729562333049579,0.7495798479660288,0.24389492098120064,0.3873159682899207,0.47849751101781246
gcn,GCN (leak-safe KNN graph),biosnap,cold_protein,4198936517,1,db37bd811ed02491ea414044eaae7af593fb30c6d1b44fcfce78e2e99a64654e,0.6872523517219388,3019,0.8558222168689211,0.7002887476148902,0.19929375030907465,0.2919254658385093,0.49492161182099825
gcn,GCN (leak-safe KNN graph),biosnap,cold_protein,4198936517,2,008d3a0994db69d5f54c4588ac93f4b42f976f4d22fbd4d859719ba070434feb,0.7592225306612771,2727,0.8886221955528886,0.7276108248888695,0.24833530531259768,0.3850542978096816,0.4931187287462901
gcn,GCN (leak-safe KNN graph),biosnap,cold_protein,4198936517,3,2b4e4783de0d8059207c5a62c7dbf0be095bbdf34bc85fea34551d9ed48f64c4,0.6373883385190446,2534,0.691325249336299,0.652139202037764,0.1742115253424177,0.2301360057265569,0.508106830675308
gcn,GCN (leak-safe KNN graph),biosnap,cold_protein,4198936517,4,060b1660c869c9a5900c2bdf4a60648e17462fa3743731198ea2f6c924b2c98c,0.6697037545644644,2453,0.8008005040210503,0.6649536271716671,0.1893526721963564,0.2876076872100729,0.4739359570855964
gcn,GCN (leak-safe KNN graph),biosnap,cold_protein,983997847,0,590177958a695186bda43d57061d2dd194cac2a926bfc568d7e9cbd20a0946d7,0.7202474918798556,2614,0.8193642623634972,0.6715580910628368,0.18180410019647358,0.29063097514340347,0.4800632084354962
gcn,GCN (leak-safe KNN graph),biosnap,cold_protein,983997847,1,832f3a6629cf6f280cc79aecaad2047b5b96d712c30e3d0178757df16e2073f4,0.7192823000774544,3068,0.8489095650112599,0.7386533925077641,0.257286834235796,0.37273957436339034,0.4962232045033207
gcn,GCN (leak-safe KNN graph),biosnap,cold_protein,983997847,2,220d15cc845679126f23b0d8e09c11a2944998d03393e7bdfaf23bdf7bbe6f7c,0.7063362378466495,2953,0.885847982021365,0.7378909152292107,0.25121132471549135,0.3925294888597641,0.489943043989678
gcn,GCN (leak-safe KNN graph),biosnap,cold_protein,983997847,3,c07811eaf01be5606d069d70d312ec46bd0136fb0cfcf0d26d09dad667c9c6cc,0.7468421176362794,2258,0.8756743699170626,0.6972368592411511,0.1892868774084226,0.27850467289719627,0.48722968719185217
gcn,GCN (leak-safe KNN graph),biosnap,cold_protein,983997847,4,be3028af004ff4ad7fc880847e5721202254729b24a883654424bcb59362c142,0.6325643862630095,2937,0.7976289968118364,0.711050978736418,0.2231823504778994,0.2911968777103209,0.49125529924484146
gcn,GCN (leak-safe KNN graph),biosnap,random,1941488137,0,ad307479fdfca1bc80726097c9633b89a766f0c052aa390ebf328171c21c20ea,0.8970543705384734,2766,0.9336094130020377,0.9035184627506091,0.6549406265026703,0.6043869956913435,0.8460089294877771
gcn,GCN (leak-safe KNN graph),biosnap,random,1941488137,1,6fa5158ba6cde08eb257cca347f872d440be4063e1353c8862c0835e91c2b47b,0.8947761511270106,2766,0.9250312232958654,0.8923240200053432,0.6523795607300844,0.6058406773803352,0.8070675867061087
gcn,GCN (leak-safe KNN graph),biosnap,random,1941488137,2,f6e10fabc28d032393e8f512d4983004ec310f38d62778b133b3b45cae5a2c2a,0.8894869428303287,2766,0.9090580424636824,0.8835621146459252,0.581273856661191,0.5532052317132246,0.7268986329640428
gcn,GCN (leak-safe KNN graph),biosnap,random,1941488137,3,fd50f36d14dadeb82fe6a6302b549c9776447b6a69cc2f8d76efcbb99005da9f,0.887567934560461,2766,0.9131992374942484,0.892025493951186,0.5924961519872867,0.5679699002126616,0.712059292360529
gcn,GCN (leak-safe KNN graph),biosnap,random,1941488137,4,0ae404c6a6a1746c2c9e5528b7d46caf69054bccd9adcc9e24b79ad0f3a511ae,0.8840998793364486,2766,0.9146453690922237,0.8812706090744497,0.5703373350489582,0.5463755458515284,0.7695878563270178
gcn,GCN (leak-safe KNN graph),biosnap,random,4198936517,0,b82fb594ef9a76316622e40d5368109a2f777cd25ff2614256d5e003e1ebb9af,0.897010143586356,2766,0.9273647538289621,0.8944761079820086,0.6618117862442642,0.6149825783972126,0.796808551803027
gcn,GCN (leak-safe KNN graph),biosnap,random,4198936517,1,d35151cd376427985bd2eb65c40c7eb5c48ac76a0c112b9972ccc80580a7ea3d,0.8944498445107893,2766,0.9320975481496089,0.8961694373732477,0.657229114466152,0.6183967491688216,0.9114623050983638
gcn,GCN (leak-safe KNN graph),biosnap,random,4198936517,2,d20f0a71685f63c6b28a247742b9eb647e68a8c5a18cca43d468f7e7f4aad191,0.8708484299023246,2766,0.9175704989154013,0.8813069649587572,0.5659522949952431,0.5487585462396546,0.7856568160938884
gcn,GCN (leak-safe KNN graph),biosnap,random,4198936517,3,83a851fa11ed8fad65087dacef6baaa027b1b9cc62c23a66cdc0dbe4373905fc,0.8751769486836556,2766,0.9311772825872608,0.8864394250711956,0.617844939828725,0.5884433962264151,0.7963594776718583
gcn,GCN (leak-safe KNN graph),biosnap,random,4198936517,4,926191e192e9d56dfe4651a1e860709623a292874976d39f7933f5519c3d0410,0.8972146012707276,2766,0.9312101492144876,0.8948575800875103,0.649635570825849,0.6035233945823073,0.8601370982519567
gcn,GCN (leak-safe KNN graph),biosnap,random,983997847,0,8ff5b20121f9b7c7e39c2f4ccfb4b1e8e6af52f307e5880ed1f4e1797346a11e,0.8817275243697864,2766,0.9233221586800763,0.8764907938509607,0.6082640471208764,0.5813744841198636,0.8348304498685549
gcn,GCN (leak-safe KNN graph),biosnap,random,983997847,1,1294db83319fed0aa355ff7e286011b66c0f93c8ba895073c9f0c24ea0d1e73e,0.8873234600682125,2766,0.9187208308683363,0.8856094548042049,0.5625213106545056,0.5671276037108349,0.7974740481539948
gcn,GCN (leak-safe KNN graph),biosnap,random,983997847,2,8c6e31b42705db209a13a0b41afcc94f66e6ac0e6ca18b74f1da83e2d6100a90,0.8925958686631197,2766,0.9346940117005192,0.8973381976892217,0.6522086455207061,0.6158901991107675,0.8862352858259256
gcn,GCN (leak-safe KNN graph),biosnap,random,983997847,3,bce862cbfa862881cd04ec719d9e338a9213cc9c047924969597a45bd6381ca9,0.89765086213944,2766,0.9295010845986985,0.9015313257931633,0.6653556463938874,0.6230890880337375,0.7999955671290829
gcn,GCN (leak-safe KNN graph),biosnap,random,983997847,4,2ecb245f9cc66272424e0757f73513e0fd93efc0cfda0846ffee8a367806357d,0.8895032520298618,2766,0.924505357260238,0.8885750767636558,0.5827397476437616,0.5728101171657057,0.7722222906269437
gcn,GCN (leak-safe KNN graph),human,cold_drug,1941488137,0,33abce320291ccdc6698b267d9556020a416233d3b3820b517bdcc91e9fc3299,0.9003931947069943,696,0.9067398119122257,0.8914385569427931,0.5043457952216784,0.43333333333333335,0.8379508087406415
gcn,GCN (leak-safe KNN graph),human,cold_drug,1941488137,1,ae8f7860896616a8f2771806c8c1248d8477c63dbd8ac7815914d7c646584319,0.9074582846211074,422,0.9164153382162861,0.8745990656094877,0.5536842250504239,0.5302663438256658,0.3332680092282477
gcn,GCN (leak-safe KNN graph),human,cold_drug,1941488137,2,b68e45549745c30c1c42e85d37fb893d878dd47a80148d4be45e71d240a4a702,0.9409279778393352,538,0.9067252450152078,0.9086522781608878,0.5085915081734055,0.45454545454545453,0.6814650111655636
gcn,GCN (leak-safe KNN graph),human,cold_drug,1941488137,3,58a25f4b895a6d9e8f1a9cf30e14b44ae170cec34c2c4df93cc50a4dccf76988,0.9066881144398832,572,0.8820724729815639,0.8718756112768351,0.45318313258885384,0.4462686567164179,6.487567225121893e-05
gcn,GCN (leak-safe KNN graph),human,cold_drug,1941488137,4,f15ad55d17fac03e449c1c1fc6875fdb990fdf60fe1698200900740284a4d36b,0.9168592672220729,405,0.9205387205387205,0.9020509068739522,0.6033776723731397,0.5414507772020726,0.6821727028611588
gcn,GCN (leak-safe KNN graph),human,cold_drug,4198936517,0,53fc35f787d95aa4ccf5a31c279e4d558b641572e662659e34c2367a53e39656,0.8979244444444445,623,0.901794834379104,0.8685117576888096,0.4712504428510877,0.46203037569944044,0.5776492777589248
gcn,GCN (leak-safe KNN graph),human,cold_drug,4198936517,1,1dd2fa861a65bf0fe7898c29c66848a63e8e312ffcf4edc693d33fd53789ab3f,0.8843802928224622,401,0.9249603264565858,0.9050618466303071,0.6092712819524775,0.5357643758765779,0.8211767144725748
gcn,GCN (leak-safe KNN graph),human,cold_drug,4198936517,2,d82dcbcf199a47ea672296109404c19bbedc9801ee61cc53cc69feed6560b615,0.8949375890489403,346,0.8938518129269575,0.9025982324835444,0.6251555976285381,0.5398633257403189,0.4759481232460231
gcn,GCN (leak-safe KNN graph),human,cold_drug,4198936517,3,5a4997537612bc4fe41970e56cb749948ccb460568fff503b1357565f01446ac,0.9280522838264866,686,0.9145242512589451,0.8798776445188655,0.4981325851681195,0.4297082228116711,0.8241008788592196
gcn,GCN (leak-safe KNN graph),human,cold_drug,4198936517,4,fc30f517aa0c44ac36286b6849bfb304bc065ca3c152d835f08baa678d5ca22e,0.9191764566275068,577,0.9122420040964235,0.9147824310889107,0.5659462700533947,0.44466600199401796,0.6619863487922981
gcn,GCN (leak-safe KNN graph),human,cold_drug,983997847,0,edeb4ffb82db75be19b3e81dcdc3e514cd377def69bbd6df03fbb940c8d1b681,0.9289435055892206,563,0.8952042628774423,0.9032116705419141,0.5266024184889725,0.5026819923371647,0.34213493454946237
gcn,GCN (leak-safe KNN graph),human,cold_drug,983997847,1,43dd5db9ff3a1acca1bbea81115f16ff2829c4c6ef5eaaa40226e592920df178,0.8795980749219562,626,0.8976183560848098,0.9061578152272658,0.5209074565856646,0.5087108013937283,0.5906089498327204
gcn,GCN (leak-safe KNN graph),human,cold_drug,983997847,2,a72f61478b527b53fa14a200c243ddf2539dc918440f12da5fdde6ecaea58e65,0.9155776234243936,436,0.890325271059216,0.8932607735039139,0.5941512568144935,0.5200729927007299,0.006571975255971899
gcn,GCN (leak-safe KNN graph),human,cold_drug,983997847,3,26bae1a0955b735d7b18996531c3ef1fee75d5172f7afbf34500992918cf0f2e,0.9171670424429413,471,0.9058096892491797,0.8903351950270689,0.5657152921232652,0.5271317829457365,0.75870508311546
gcn,GCN (leak-safe KNN graph),human,cold_drug,983997847,4,0f58031fe12cc2de5150b5b2ccacebfd0a27eacae9ebcf51533c226483ca9f34,0.9234773092575493,537,0.909429490435077,0.9017345831209319,0.5162203310619587,0.46553446553446554,0.6552784289399237
gcn,GCN (leak-safe KNN graph),human,cold_pair,1941488137,0,bd8c67818f266d75d831f723c20013ef2773f8b572184a55088d978865aaee88,0.8003323179174744,149,0.9054301403294692,0.6469123012476915,0.2957109109979926,0.31718061674008813,0.025807950645685196
gcn,GCN (leak-safe KNN graph),human,cold_pair,1941488137,1,de41199e4c62efaf511dd2137576a4bfd90a5caba0a24af7151c3e2ea0553713,0.55,72,0.3371212121212121,0.5032600308641976,0.11994695266217105,0.16267942583732056,0.03612615913152695
gcn,GCN (leak-safe KNN graph),human,cold_pair,1941488137,2,3379df8c72138ebf749fa4110e8d3bd96e74a1e4fac40d7c974d8576f7c5e045,0.5367309458218549,135,0.562962962962963,0.372880658436214,0.10392815353553767,0.1241565452091768,0.5036798119544983
gcn,GCN (leak-safe KNN graph),human,cold_pair,1941488137,3,8008f6f231278ae0fbb1547f4ba35df40452c1820b98845457baefe2fa83f3c5,0.5312294543063774,85,0.36363636363636365,0.7364498269896192,0.3011827564459999,0.19919246298788695,0.4271533787250519
gcn,GCN (leak-safe KNN graph),human,cold_pair,1941488137,4,8b34dab23ebbaac711e38571121161f562d541af56098e2c8b87b7e581f85884,0.6370370370370371,54,0.7272727272727273,0.5907064471879286,0.15062375192705238,0.19801980198019803,1.330108245767292e-09
gcn,GCN (leak-safe KNN graph),human,cold_pair,4198936517,0,c599300df5b2ef0e50f64754f47aba326dcc6a75a3d10b9702e2db478089d1f4,0.625,152,0.5986842105263158,0.4020061461218837,0.08055805951503008,0.12287581699346405,0.5024630427360535
gcn,GCN (leak-safe KNN graph),human,cold_pair,4198936517,1,6d3820abd87f7335237c574ad06a563bfe76a527f8622d23ed6706e61a02501e,0.592687074829932,73,0.688667496886675,0.5802401951585663,0.12438515708277548,0.18831168831168832,1.16637209733802e-19
gcn,GCN (leak-safe KNN graph),human,cold_pair,4198936517,2,0a398b6e5968651e3f7732810ecdeb9c20ab8410e42ba1dea9b78b57b7f4b740,0.7497164461247636,59,0.9075500770416025,0.552542372881356,0.10775080468052478,0.0,0.0005783673259429634
gcn,GCN (leak-safe KNN graph),human,cold_pair,4198936517,3,17ae3f073110d144df44f48448f0b1769b825674b197aa22a58820e1d26a1419,0.619,172,0.7558139534883721,0.42264737696051924,0.09093330981717399,0.13157894736842105,0.5122440457344055
gcn,GCN (leak-safe KNN graph),human,cold_pair,4198936517,4,5e4f89773931feec371bc5318cdb8d788c6407efb92cd88e675fc19b2bb40639,0.548770816812054,120,0.4318181818181818,0.3748125,0.08093169244551893,0.11347517730496454,0.5488199591636658
gcn,GCN (leak-safe KNN graph),human,cold_pair,983997847,0,0f03eb4162b879e7617fddc65d193722488f8264565ffd7c40b6a62a83df8fac,0.7650659133709982,92,0.91600790513834,0.7316280718336484,0.43447585387527377,0.15841584158415842,0.08776123076677322
gcn,GCN (leak-safe KNN graph),human,cold_pair,983997847,1,ab3f176e26732a9405bf7aa8cf428370d2cba2de7f534e7de90b588c3082a051,0.5862884160756501,118,0.8305084745762712,0.37220626256822753,0.07499701152075999,0.09090909090909091,0.49915361404418945
gcn,GCN (leak-safe KNN graph),human,cold_pair,983997847,2,a45d9e52f747a1356f288e2e07ae425edd460014c17d6ea8d75f3dea09754d32,0.55126953125,73,0.7608966376089664,0.512901107149559,0.10412312065286745,0.12727272727272726,0.4990721344947815
gcn,GCN (leak-safe KNN graph),human,cold_pair,983997847,3,0374dee88a8014ae6196dba73dc66a252067d6bea2c2be5adab49a27342da802,0.5726618705035971,139,0.8495748855461086,0.4479530045028725,0.0902106192909827,0.09448818897637795,7.944483400024183e-07
gcn,GCN (leak-safe KNN graph),human,cold_pair,983997847,4,8b2b4d7f522a6296b722e4648052b41b54ab6f22944ae92675f84ff6ee26c967,0.5345830639948287,100,0.7663636363636364,0.37732,0.06840131134954815,0.05166051660516605,0.5031658411026001
gcn,GCN (leak-safe KNN graph),human,cold_protein,1941488137,0,7cb69146150959e01230f6b5c7717ad44925427bbf9b6d06b05a6b5c6cd3a88f,0.7802785467128028,605,0.9200601051840721,0.7906017348541765,0.4203850729050703,0.37995337995337997,0.5247381101487434
gcn,GCN (leak-safe KNN graph),human,cold_protein,1941488137,1,c03a6a0be3b7940366b4d416b49c14232283356fd56d9862dcd17f80180bb081,0.8120659722222222,476,0.9371657754010695,0.8191006549678695,0.5578590387203135,0.5346534653465347,0.6870306931048226
gcn,GCN (leak-safe KNN graph),human,cold_protein,1941488137,2,cb0f1a691beb4adc74b4b7287889c3513e426f8c77b95d8d2469955a14eb25d9,0.8235738412460123,688,0.9256078224101479,0.8207641799621417,0.4617402248761346,0.4067439409905163,0.5405056993030521
gcn,GCN (leak-safe KNN graph),human,cold_protein,1941488137,3,e9a410074f5af92384c7ea7cbc604118a4bb751d05fbef40b158e06af77078ce,0.8162481329065692,448,0.8141233766233766,0.8152475785235971,0.5233024289996597,0.3708791208791209,0.5201531574170883
gcn,GCN (leak-safe KNN graph),human,cold_protein,1941488137,4,f27eb92e44ae906264399b45ad8e075aa5c13b614d3dfc215facb2599738bb9f,0.7906497220982596,416,0.920236013986014,0.8049457978920118,0.5227416263388311,0.49793672627235214,0.7020538518118533
gcn,GCN (leak-safe KNN graph),human,cold_protein,4198936517,0,3593355e476aa732f041a4be078216cf682e8d170e22eccf705d6a3af57bd533,0.8296724764201338,666,0.9251979251979252,0.7803933437942447,0.46063295828455264,0.46062992125984253,0.6103095972374695
gcn,GCN (leak-safe KNN graph),human,cold_protein,4198936517,1,2075c796adb0e2a27e7c390bb4d8033e4d271d1bc1dba505d080b6f64d17ff34,0.8371546149323927,452,0.9412711182622687,0.7900990680554468,0.5951061093487121,0.5955678670360111,0.8635148588108691
gcn,GCN (leak-safe KNN graph),human,cold_protein,4198936517,2,d99e86b535bcb2a067d03dd88bfd76c86768bcbef42493693fa847c07710d053,0.8199991228454893,438,0.933997509339975,0.8268705302224724,0.5528767457164804,0.5323529411764706,0.68653237558391
gcn,GCN (leak-safe KNN graph),human,cold_protein,4198936517,3,87b03a37e5bd84e0d0a7a3ae7cc7077c7b7160aef7bdd2afb26e89064cab7330,0.8492728531855956,616,0.9239964580873672,0.773761384719177,0.4375540443975775,0.4219977553310887,0.756878425429946
gcn,GCN (leak-safe KNN graph),human,cold_protein,4198936517,4,126935daee05969237fe55788ca0d3770e52af4a200050501cca7fa44e62a3d3,0.859463830487103,461,0.9303884835338198,0.8133149194667821,0.5231791177649943,0.5104022191400832,0.7164536992164507
gcn,GCN (leak-safe KNN graph),human,cold_protein,983997847,0,b975bda7bffa478f7ce84c3c04a6f2334e76849cc07bdb35f50840e6781a4828,0.8406509695290859,441,0.9264069264069265,0.7876296399134105,0.5414489218742804,0.5452229299363057,0.6744806164748052
gcn,GCN (leak-safe KNN graph),human,cold_protein,983997847,1,957c6eaabfcceb16e4218df5757fdbd002c080cf60c72b1f4f2a9388bc067b8e,0.820255661066472,513,0.9278752436647173,0.7728980237033997,0.5212067430259733,0.5316455696202531,0.6151292929747334
gcn,GCN (leak-safe KNN graph),human,cold_protein,983997847,2,905573cff79b426bf47d99a1b18ed055fff710b8b00740d56aa6ab87eb08a1c2,0.7885020746288077,463,0.9330453563714903,0.8047245637195677,0.5450284152936161,0.5447263017356475,0.6158141000956705
gcn,GCN (leak-safe KNN graph),human,cold_protein,983997847,3,40f3650964082375d0fb6e5e1019d8188002152ae847d74cc00bcd40bcab0264,0.8108836279508547,724,0.9157458563535912,0.7796016032782882,0.409309728059501,0.3838383838383838,0.5072438687494356
gcn,GCN (leak-safe KNN graph),human,cold_protein,983997847,4,e147190debc1ca6a45f9f658aec6ae9bf10f0a86236fb1b2e36ec955cc112690,0.8394026146117638,492,0.8963414634146342,0.8039681654438494,0.4784952453421347,0.41985522233712513,0.5114228757603527
gcn,GCN (leak-safe KNN graph),human,random,1941488137,0,3ee649582c51d150475d3d256d55c6fff7157336dfa58397b759280f8a7dbc85,0.9422429864558297,527,0.9479040883215456,0.931805104976434,0.7554950106730653,0.6986027944111777,0.9286738456112065
gcn,GCN (leak-safe KNN graph),human,random,1941488137,1,1eb203df0bf0b5ae9a461841e4e43b8812f7685326bbff9593bb89cefc51caea,0.9587250960221019,527,0.9472140762463344,0.9533768529753825,0.7874063618185363,0.720292504570384,0.7681805254661872
gcn,GCN (leak-safe KNN graph),human,random,1941488137,2,6c082337c0ebfc9cc8200f8b88b1979992d5518604da2d05d12c4f6c2bb7c2c1,0.9415511780957301,527,0.9396239434190098,0.9433058845133205,0.7497684287547673,0.685251798561151,0.8785567296694402
gcn,GCN (leak-safe KNN graph),human,random,1941488137,3,eb685a487de50970e62869aff74f9bc2208e4d2392b5b13388bec0d70e1129c2,0.9363266772983534,526,0.94141030072589,0.9422823085486274,0.7709449393783421,0.6954177897574124,0.7107528074146942
gcn,GCN (leak-safe KNN graph),human,random,1941488137,4,0b79b831cb7ae126803958380cc5372817612cf9372ab369c224cb212271ef7d,0.9288852451652029,526,0.9431386104389907,0.9413183651635848,0.7829772565529124,0.7161345987920621,0.8179268116820347
gcn,GCN (leak-safe KNN graph),human,random,4198936517,0,3bcfa52e669072e9cb6d9b139b85fc06064191c273108f303dd1a87d1a8a0b91,0.9369735630376677,527,0.945489046058306,0.9398219127278751,0.7801513050846679,0.7063197026022305,0.8497009899518261
gcn,GCN (leak-safe KNN graph),human,random,4198936517,1,c5a6c5aaab4d4e3bec9b95463f04984cbbed697217f645a8ea24bc4f0e9de784,0.9511298039127603,527,0.9365188890805589,0.9557511098948975,0.7527641881707219,0.7008130081300813,0.8521938355001685
gcn,GCN (leak-safe KNN graph),human,random,4198936517,2,4e5f39c804d2a94efa32f8fb58590ed9076f3bdd932dcf31fdcfd6fdac711963,0.9450809730239663,527,0.9365188890805589,0.9412848496195931,0.726435604940144,0.6660617059891107,0.9161817346533683
gcn,GCN (leak-safe KNN graph),human,random,4198936517,3,e4db0b416220a414e748ec53e82eab3c5d1d6b0064e0b11e992230339346d754,0.9592888749129624,526,0.9427929484963705,0.9376664401682836,0.7525644861353793,0.696608615948671,0.8319737837739187
gcn,GCN (leak-safe KNN graph),human,random,4198936517,4,1b65f2cfeb8dec15714fa96b172c9ae08f364abd5758434f3a52d7d83202e51d,0.9504817951079266,526,0.9460767369512617,0.9501017435556391,0.7716585194656509,0.7105751391465677,0.9172098345952492
gcn,GCN (leak-safe KNN graph),human,random,983997847,0,8e3728b3831b303054f4db65a05ddba96318f5fa1c553d996fb446a685671745,0.953505087486804,527,0.9530791788856305,0.9566017592689277,0.7981426342940297,0.7424242424242424,0.7686798379845814
gcn,GCN (leak-safe KNN graph),human,random,983997847,1,74a1b53c2ca13a336af7697dcb71b812f573d3df1b21d19bce03e8461e06d5b0,0.9179690483142787,527,0.9487666034155597,0.9406468175811673,0.7731300276521387,0.6857142857142857,0.9436322269374376
gcn,GCN (leak-safe KNN graph),human,random,983997847,2,ff952d55942ea478d13768a392518e50b7b12b8ef7ace19be68a264d64ccb8ad,0.9492733766087913,527,0.9475590822839399,0.9431901241858069,0.7694250293115282,0.6820083682008368,0.9268955678155977
gcn,GCN (leak-safe KNN graph),human,random,983997847,3,791163edfbaac8b3d9568440051d03e70556061ba4a76c92e539462704d82ced,0.9528121560611846,526,0.9476322156930522,0.9421288799895906,0.7516106704619986,0.6840458811261731,0.8445869403342678
gcn,GCN (leak-safe KNN graph),human,random,983997847,4,aae19ac732a2aece44d67149029670a09036945210e85bb764eefc2e6c71a80c,0.950776038274073,526,0.9457310750086415,0.9407892263875435,0.7538986002179745,0.70817843866171,0.8701806223555787
lr,Logistic regression (Morgan+ESM-2),bindingdb,cold_drug,1941488137,0,d3122cff3f09f0e7ffd06030d60d5e2eca915ec3d9ead8dd02edbd3283126894,0.860505949326588,4182,0.8682665971044737,0.8676264002702481,0.3584709256412897,0.45562342795544375,0.706476131115667
lr,Logistic regression (Morgan+ESM-2),bindingdb,cold_drug,1941488137,1,271362873bdfd8fae15456fd6c51cac9d2e8e081d8fbaf95bf8f87f4e97a44bf,0.8641591526010002,4280,0.8685216652506372,0.8529432810725828,0.34189923229810515,0.4397175959449674,0.7179765066930386
lr,Logistic regression (Morgan+ESM-2),bindingdb,cold_drug,1941488137,2,6fade7330d6d26b28f5faeff6b9ddbaaf1b6001f51b43b0e085de6362903a3fb,0.8654224300676664,4116,0.8504284830815443,0.859495577003535,0.353991565373388,0.4442803216806171,0.6572349549744659
lr,Logistic regression (Morgan+ESM-2),bindingdb,cold_drug,1941488137,3,bb13aff79788c532ba4be6faf227627a3fd9a0922917ed81c0c27e8b1e896e17,0.8650808590648132,4061,0.8742808533500481,0.8661022097087381,0.36766919878904847,0.45359019264448336,0.7300789005563565
lr,Logistic regression (Morgan+ESM-2),bindingdb,cold_drug,1941488137,4,c7ebc80f58f9cbb1d44a9197b733c0c17d684e5c756941826054ab573b76f457,0.862120946226235,4035,0.8575870226427847,0.8606272009630725,0.34892680045705954,0.4478029177950555,0.6787842639368948
lr,Logistic regression (Morgan+ESM-2),bindingdb,cold_drug,4198936517,0,f99b8da5ab42ba3a3a174619834df007af4996a7b09c0c44599b9192d2853fb2,0.857367160253087,4084,0.8664188407087525,0.8599379485265833,0.34419163616823195,0.4496010272402091,0.7117053034094549
lr,Logistic regression (Morgan+ESM-2),bindingdb,cold_drug,4198936517,1,af1dc944cf987f1e10275d3ad0c7073b6aef183cdfd1520f3a8905ecdd563efa,0.8533829753338524,4191,0.8604368668792434,0.8579989639318121,0.3509189448391951,0.4516788818817113,0.6901237575979497
lr,Logistic regression (Morgan+ESM-2),bindingdb,cold_drug,4198936517,2,3ed3b0703aaae09b96234f544ce4f3d852b5973fdf99e944f8e86e8ff0842696,0.8721944041225143,4093,0.8676898474113232,0.8693940701557109,0.37323587219070886,0.4619275584861349,0.6942037094741829
lr,Logistic regression (Morgan+ESM-2),bindingdb,cold_drug,4198936517,3,2b423d98eadf4e955c204ac0c7d2cf1317801698510fe27edaa02dc1817607cc,0.8687766336990683,4171,0.86214337089427,0.8554360199988034,0.34428838573187426,0.442780371773412,0.6965410771559492
lr,Logistic regression (Morgan+ESM-2),bindingdb,cold_drug,4198936517,4,c0d6c15b73d44b1e9e34d83f78ea6d8fde927a5b41c7fa3eec65dd204b3f1780,0.8646478654948102,4135,0.868550071452127,0.8624717302527016,0.34163433380842295,0.4430367955286446,0.7197894509713386
lr,Logistic regression (Morgan+ESM-2),bindingdb,cold_drug,983997847,0,caa30460df33a20c98ac7f63f64cccd6e9a80b8154201f05a46ca9b2cbfc1bfa,0.8668723786831958,4095,0.8684648684648685,0.860049662994718,0.3486814431146868,0.4453805110923898,0.7246432197200738
lr,Logistic regression (Morgan+ESM-2),bindingdb,cold_drug,983997847,1,ae65eea815e50b920663d8c7fb5fe425d8ce49ff9f7ea44fc38c5d61edca2fc0,0.8423731536422169,4095,0.8706404706404707,0.863700176366843,0.3607954929495856,0.4578021773518191,0.7122818439100668
lr,Logistic regression (Morgan+ESM-2),bindingdb,cold_drug,983997847,2,530d0d9ee08f5eff47c8e7cd28570f7bdbae4a81314d4db83c4016e816c87dcd,0.8583101434898756,4149,0.859462301978571,0.8563203311033721,0.34316055951586366,0.4413865180282181,0.6938500942825696
lr,Logistic regression (Morgan+ESM-2),bindingdb,cold_drug,983997847,3,7b34a851f2b0deb3f060c6d82b3f07b4d7445a21502d5e1379f27e3441d33311,0.850270631163415,4189,0.8698973502029124,0.8578056432513373,0.3385243063693206,0.4452669566022023,0.7252986087987515
lr,Logistic regression (Morgan+ESM-2),bindingdb,cold_drug,983997847,4,a09e124b606033d05e2869d1398ae3af7c00f8029d69e95dcfc4a56497f40ed6,0.8632033490236928,4146,0.8805858878217778,0.8692025558201386,0.365204236750821,0.45659548992217125,0.747970290397508
lr,Logistic regression (Morgan+ESM-2),bindingdb,cold_pair,1941488137,0,2b4cfc3bb4039bbe25bf713ec37108d8cd7099263d4163e97de30bbe11e8916c,0.5178071894547505,876,0.17206309672063097,0.547975699005442,0.09269123813120829,0.1749741468459152,0.011464241549089824
lr,Logistic regression (Morgan+ESM-2),bindingdb,cold_pair,1941488137,1,5ecd70455c0eaf43ddb52714a848e8038eed447795919cb02a36dc75e7d002e6,0.4144987859868193,719,0.09988620558856999,0.5007482189178681,0.08811601662001255,0.16688121708601522,6.027869845349916e-05
lr,Logistic regression (Morgan+ESM-2),bindingdb,cold_pair,1941488137,2,498c1745279d8458ec7ac82f9c192b80b2d6514f22cd4804005f82496da59376,0.5574004507888805,685,0.46476443264764433,0.531917736693484,0.09277593127390932,0.16999382589010084,0.2637636692325155
lr,Logistic regression (Morgan+ESM-2),bindingdb,cold_pair,1941488137,3,43e02e384720b83176d3f006a506fdf82e19e213eac9656a0249835c8f1b0221,0.5362830812854442,1166,0.3358802432558865,0.4829028741736273,0.0831045101841473,0.1635899450117832,0.21392667050136124
lr,Logistic regression (Morgan+ESM-2),bindingdb,cold_pair,1941488137,4,b79488fb07b6204668a5d205427de2a4d6a388125d3a689c76e691a7e1078a0c,0.5571864045115074,747,0.7455275648046732,0.5258952812589044,0.09030598770404726,0.08809419973833406,0.8613527021218041
lr,Logistic regression (Morgan+ESM-2),bindingdb,cold_pair,4198936517,0,623e3f2499dd11866908cefe7fe7e7abe7c21170e81c11241d5b048682e96432,0.5112840466926071,1037,0.4632243359340756,0.514347075282996,0.08740574573309227,0.16363884715202842,0.25744460694083443
lr,Logistic regression (Morgan+ESM-2),bindingdb,cold_pair,4198936517,1,5e8664cd3b0a95abf0f6b0d15ce4771e4f24c5969a60edec42f76bebdf870ed6,0.5375844875346261,742,0.6602548395001225,0.5095856249228063,0.08644996918342723,0.13099341899091194,0.6422024272429433
lr,Logistic regression (Morgan+ESM-2),bindingdb,cold_pair,4198936517,2,f138fd2b71c3a54018d0937acabffe0ea4ac8598e60bb0b122469f6e7b60a27b,0.5495200108166577,943,0.4626434011375687,0.563953178468573,0.10208826452907241,0.2023468803663423,0.18194924565459047
lr,Logistic regression (Morgan+ESM-2),bindingdb,cold_pair,4198936517,3,3894e7ee00e5ffe62c846a7ab1197097de5b9db34c79da92c0981897c6953231,0.6623258026159334,655,0.6979875086745315,0.5244361051220792,0.09026944743077664,0.12258064516129032,0.7623717886306204
lr,Logistic regression (Morgan+ESM-2),bindingdb,cold_pair,4198936517,4,3d88c52c58071efde8e1fae42ed5be4d4d3354b23c80f64b663bc7d5806a8fc2,0.5351629696695337,723,0.663397460077958,0.5453619370649035,0.09609142566632287,0.1568503937007874,0.6054920228516031
lr,Logistic regression (Morgan+ESM-2),bindingdb,cold_pair,983997847,0,a1543616e83727949e58fe0c4fc7e23733d1725603632dfd593a38e9d4314a38,0.6113244444444444,1058,0.594088331328407,0.5263873056485647,0.08754519975053765,0.14358230601885424,0.48468122562642235
lr,Logistic regression (Morgan+ESM-2),bindingdb,cold_pair,983997847,1,44c0d6816c76aa3a2113b5e5b49b5baa57093baa92b9170f41621f144578efbc,0.5642379112074654,874,0.6118161015186186,0.5642096361189513,0.10030785680118863,0.1658471166741171,0.4521975470564159
lr,Logistic regression (Morgan+ESM-2),bindingdb,cold_pair,983997847,2,b3cf07d59bdc3e1f2b3148b95d02e95198c5ddf26efd2fe0a722234d1129296a,0.3535972650407497,732,0.10804769001490314,0.556651997670877,0.09665521575092799,0.16913465987968532,0.00011978938863515569
lr,Logistic regression (Morgan+ESM-2),bindingdb,cold_pair,983997847,3,cb3eb24cc3f35d3248ba1e807c2bc1e8ba6180a8b79931b4372d487d74d59b8c,0.5598335067637877,691,0.23325878173924483,0.5107162379236032,0.09053104962413949,0.1650429799426934,0.03561166164421026
lr,Logistic regression (Morgan+ESM-2),bindingdb,cold_pair,983997847,4,b1ee7b4942b8c6aa621a1b8d5b9dd55945af4aae50932fc4fc5366d293b027b6,0.5654967869500742,771,0.5232873481900719,0.5866334926426675,0.10407104374731402,0.19220779220779222,0.31772113876777475
lr,Logistic regression (Morgan+ESM-2),bindingdb,cold_protein,1941488137,0,b8f4b00318dc9ff3a71214100e4aa6df2e9f73a506a45512b1452972c20df9a5,0.5507875020644716,4204,0.45357235533258367,0.5719680228426373,0.09940916847479798,0.18741357687236712,0.15849063912414652
lr,Logistic regression (Morgan+ESM-2),bindingdb,cold_protein,1941488137,1,6324786832b507b8d88ac5af97a996d64cf4221232f8a2c04500f4f96dfda2e5,0.5292558855599412,3581,0.292401817674088,0.6110081552230305,0.11231212887459197,0.18773131283695177,0.033153433406715775
lr,Logistic regression (Morgan+ESM-2),bindingdb,cold_protein,1941488137,2,18a6cc162f1fa8d7979557f3103d6589ad6c76101e9d4b05edbc3508c39d7449,0.6197320774463632,3319,0.7143170177216577,0.6007422092763269,0.11133775090976158,0.18324197337509787,0.5546977634979787
lr,Logistic regression (Morgan+ESM-2),bindingdb,cold_protein,1941488137,3,d8a62a5b9d02c5fdecaf03b3e4205a1fd809acb1a39813a2983042d6e71103a7,0.540572506808414,5585,0.34169447383413365,0.49919390168543604,0.08598252195698668,0.15931153470388926,0.09289556691550664
lr,Logistic regression (Morgan+ESM-2),bindingdb,cold_protein,1941488137,4,6f23544a9a5ff66b69f436861c5b792732177ec1bed1d2b13661542bac6e24ff,0.6516938161709768,3985,0.7246492528801186,0.5617278376093537,0.10023686508122887,0.13315139327779374,0.6518990272378404
lr,Logistic regression (Morgan+ESM-2),bindingdb,cold_protein,4198936517,0,22e974af8b2c809bdefdffe3e21f5cd4dca5166faa3d99cf8e431c989fe973ec,0.5763052994921093,5398,0.4881269156926808,0.5333660450311555,0.10140061866138103,0.1741209716863214,0.15807147316853618
lr,Logistic regression (Morgan+ESM-2),bindingdb,cold_protein,4198936517,1,7de9c60893654c75d6754628b7974dd61c3826b3a821f9d60b154eb8dce8beb7,0.5526072919653114,3710,0.23241852487135506,0.5244188722836945,0.09203009113346632,0.1711866649027649,0.021969146609171274
lr,Logistic regression (Morgan+ESM-2),bindingdb,cold_protein,4198936517,2,a1b2551830003e141ac4c3d8c0b31d0bf510c9258df9358bc6e3050d3e4a2ad1,0.6027848051955524,4675,0.6366942148760331,0.5500209717178072,0.09664681822044485,0.15204466028230382,0.3902592137642933
lr,Logistic regression (Morgan+ESM-2),bindingdb,cold_protein,4198936517,3,54e27bd08e4aef100ce01bad8ce9e207fa9a2710a2c83e4014f33c0e5ca75c50,0.5973413320413263,3397,0.6280943078117055,0.5095029909592257,0.08780676496955503,0.15122457704757833,0.4387232129328267
lr,Logistic regression (Morgan+ESM-2),bindingdb,cold_protein,4198936517,4,0daede7857fabe586f0f52f24e384964600ef55eaaa7afdc863972f69e5aa1ee,0.453153083628101,3494,0.20971015246916794,0.5590730237034032,0.10269312895218813,0.17390121845082682,0.012509427255983793
lr,Logistic regression (Morgan+ESM-2),bindingdb,cold_protein,983997847,0,a5feacf2df5d6831b820604ee4902c21b8ee04ab2881d4c6d5d7c3b487a651d3,0.58728878521587,5465,0.5468019629044332,0.5405582978766148,0.09317529452166982,0.17004813257783463,0.2343237638936941
lr,Logistic regression (Morgan+ESM-2),bindingdb,cold_protein,983997847,1,0f751e4977a964aa5d45f5e60f178b601671b9f0c0c50246a40f80b5ea0bea35,0.5904532309010968,4229,0.48915496893742344,0.53455872062202,0.09267824650706952,0.16885842193620593,0.1790091539655625
lr,Logistic regression (Morgan+ESM-2),bindingdb,cold_protein,983997847,2,97af94b0063094defb869e774b6c443798a524b786f6404e94fa204ec20371a1,0.5491286475778389,3754,0.6135758221533395,0.575003370583365,0.10297944799640321,0.17179633570353453,0.4124147539345227
lr,Logistic regression (Morgan+ESM-2),bindingdb,cold_protein,983997847,3,998506e928ef1e0c00d67e1ebc691c0912c556c62ce64b142e76df88d3301536,0.41702665937116745,3428,0.1611859552349634,0.5394205043508807,0.09768570517183478,0.17068694284216046,0.0029309026516805992
lr,Logistic regression (Morgan+ESM-2),bindingdb,cold_protein,983997847,4,265ebe6c7813d7d91f031416042ef8a1914cf0307163f2e590e14d3be8496eaa,0.5780512524824071,3798,0.4887500598401072,0.6042516487572379,0.11462726311255268,0.19663745439500507,0.14477856554605364
lr,Logistic regression (Morgan+ESM-2),bindingdb,random,1941488137,0,b9f98ff3affb86a1ce4b9c5e5472552e0a3af3744fa4dc64867fb8ca8a7429c5,0.8530047709630678,4135,0.8635374299219523,0.863274626459764,0.35224586546793546,0.4485117725455353,0.6952971207369871
lr,Logistic regression (Morgan+ESM-2),bindingdb,random,1941488137,1,df7fca01d0b5a54dcc2c252649e73083ec1e03258bb2ba439dac4818d4116d32,0.8650251707414075,4135,0.8544355281961086,0.8649634859758834,0.35242912745695987,0.4487553076346682,0.675393679143318
lr,Logistic regression (Morgan+ESM-2),bindingdb,random,1941488137,2,e37319a5252456b0cc89339cc40f83f8ec8d2f500338ef847eb2394b202c8a1c,0.8659681414298852,4135,0.8803341761020117,0.8660949893921736,0.35677226663383765,0.4557544245575442,0.7435967036742256
lr,Logistic regression (Morgan+ESM-2),bindingdb,random,1941488137,3,95055dd9f725f176b4a64f81e2a0e31b3e2c38f4ab090b7d7294df43883af058,0.8687251162035825,4135,0.8606793448389579,0.8678288301855894,0.35709180612714064,0.45394226626454115,0.6840473897884797
lr,Logistic regression (Morgan+ESM-2),bindingdb,random,1941488137,4,bc251326e2f97ec272acb637b42fda0727940e6e0898341d9a1cc3254c6c327b,0.8588096132785714,4134,0.876764744689273,0.8656083608407183,0.3617454376669257,0.45091122868900646,0.7405926717022424
lr,Logistic regression (Morgan+ESM-2),bindingdb,random,4198936517,0,e19bb407247a1c3f9a14d3d79cb8a3d6a8146026a241c41e590d6d6d17e2d3b7,0.8709299137775997,4135,0.872991095965703,0.864787005668717,0.35490626349562215,0.45474280320906085,0.7252963513627645
lr,Logistic regression (Morgan+ESM-2),bindingdb,random,4198936517,1,95cdd6a9a549c0f479bbeda625fb14b4b7422a760aa633756e0585d4b7a1f46b,0.8685552155267577,4135,0.8604375068703969,0.8682567284030945,0.3579713735063952,0.4566929133858268,0.6805659550091158
lr,Logistic regression (Morgan+ESM-2),bindingdb,random,4198936517,2,eebf7de3343762db7f3b4472b0332993b822fe13571c34630f8b932c3b6554d3,0.8585173680308921,4135,0.8532703088930417,0.8638021139621217,0.3551080265766047,0.44522028262676644,0.6655020367405856
lr,Logistic regression (Morgan+ESM-2),bindingdb,random,4198936517,3,0705f193b18c75afb116332bc4434d9d915e73660944c5a068ffa67401f3f12b,0.8677739575306794,4135,0.8690777179289876,0.8639824777133299,0.35479725465766254,0.4501892715354076,0.711580957198562
lr,Logistic regression (Morgan+ESM-2),bindingdb,random,4198936517,4,0f34655d6654128ba545e6b71007cf13a0096db925a2eca3b4d7ff413699a623,0.8574622877520912,4134,0.8591942648546422,0.8625681306610737,0.3484456256981797,0.44374945704109114,0.6914664849427928
lr,Logistic regression (Morgan+ESM-2),bindingdb,random,983997847,0,50221d3d5a60a5f8305cd6466d4a636bf326cb35a8869f82e4274a1122350a14,0.8683517587351902,4135,0.8734088160932175,0.865209704516112,0.3503816157633317,0.4486786671773267,0.7296729357589664
lr,Logistic regression (Morgan+ESM-2),bindingdb,random,983997847,1,ca7853b850250bd472514b6099f39ed64f5af5c79271809d93cd00db9eb88d59,0.8665933525263585,4135,0.8664175002748159,0.8605443547502736,0.3496298628172678,0.43834350157145496,0.7117633749694849
lr,Logistic regression (Morgan+ESM-2),bindingdb,random,983997847,2,869a929e679ec92faf0964819aa84b6417cbbde21ead1497154a3892b41c1055,0.8640462314070613,4135,0.8718478619325052,0.8630574050815216,0.3526971204111116,0.455589801064724,0.7197756426047368
lr,Logistic regression (Morgan+ESM-2),bindingdb,random,983997847,3,0e34704dcc33f0c5c9228868f6d64cca9fa5b9d85a2e751d618cd9213aabcf4c,0.8615449118256426,4135,0.8596020666153678,0.8674009729080064,0.3591873903599918,0.4509028374892519,0.6876755499236507
lr,Logistic regression (Morgan+ESM-2),bindingdb,random,983997847,4,f0040bedf05f81f4adef9fcf43325837a5e5af196f2e5cb5be7e93b9224a3eb6,0.86767500720104,4134,0.8720587588512116,0.8689907452073018,0.3627917405842781,0.4573773549710875,0.7186810952707988
lr,Logistic regression (Morgan+ESM-2),biosnap,cold_drug,1941488137,0,0dde78d724b699a171b9e73ce8da6eed90afbb0e81889dba066c152277a6831a,0.8324410574939877,2947,0.8950242156892988,0.7841460877262816,0.3937587085811901,0.4207659574468085,0.8071576245363354
lr,Logistic regression (Morgan+ESM-2),biosnap,cold_drug,1941488137,1,05c1111bb5eaeec4581c48562a2d93fdad2397fb306560bc5c63ed2285481684,0.8076119978595497,2789,0.8839271162684572,0.8034533814333085,0.39115452987758603,0.42629289511841467,0.7638705831083634
lr,Logistic regression (Morgan+ESM-2),biosnap,cold_drug,1941488137,2,8d7becc9ec965fae3cad75020e65aae6611a1463eb00b269d8a65490c505b6e2,0.8074797258365511,2704,0.8772861753630984,0.8062228582573264,0.3722952388221893,0.419529262086514,0.7411919157006439
lr,Logistic regression (Morgan+ESM-2),biosnap,cold_drug,1941488137,3,b69c25480603ce368168d2027d0440423f86dd2866e16d0ed5bac620472b87af,0.7795032383074894,2578,0.8796106918682559,0.7932656207775888,0.3512764723903966,0.40687977762334954,0.7541996883656924
lr,Logistic regression (Morgan+ESM-2),biosnap,cold_drug,1941488137,4,c0fddbd8642abf6c3cf66942cdb56947649f142191b46a8425f429f532262ac6,0.7777226744420265,2812,0.8911483253588517,0.8060629017783975,0.4127063046706207,0.43967382259943416,0.776609291815568
lr,Logistic regression (Morgan+ESM-2),biosnap,cold_drug,4198936517,0,5c219cc120686c883e7bf755698024447f43c50ba720467e8ea0c62d10c59c56,0.8132546768707481,2636,0.8732583804662712,0.7975450586716896,0.37644082437552867,0.4178678916521464,0.7445285499363772
lr,Logistic regression (Morgan+ESM-2),biosnap,cold_drug,4198936517,1,3d6c3d07b85c2cc2d5be78939c078813b2caccd1365475fd07f9320e7ab8e035,0.8046284402980589,2980,0.8758389261744967,0.7937248209540112,0.3733528196748034,0.40705128205128205,0.7521938344079081
lr,Logistic regression (Morgan+ESM-2),biosnap,cold_drug,4198936517,2,8c83f85e76b7e1295bbdc5eeda9af96b06b5bebcc45111d68752138c42d35ae4,0.8112851184779257,2774,0.8858229009634921,0.7854013527611683,0.35467348914084434,0.40485138366928597,0.7784333921069183
lr,Logistic regression (Morgan+ESM-2),biosnap,cold_drug,4198936517,3,f9c6e915b8e319425e68b7ed11852de6369777cb1df242e8acaaf7516c487593,0.7986163571456649,2696,0.8845090369571081,0.789960831906154,0.35739108467461744,0.4106005850972294,0.757674324805282
lr,Logistic regression (Morgan+ESM-2),biosnap,cold_drug,4198936517,4,8c25f08c33d9218824f51c83c6e15f1b38436e4c883a76888389a856c3727acb,0.8080589253073787,2744,0.8843095679830374,0.794239326301116,0.3575241573996593,0.41546702376966854,0.7675832858683067
lr,Logistic regression (Morgan+ESM-2),biosnap,cold_drug,983997847,0,7073e1468209ad34718675fe4cde1f700224fc93c70c42e428ab87870680b0a4,0.7905504599010801,2804,0.8834457268836726,0.8104182225921396,0.39247744522059924,0.42854872039421393,0.7456911774436087
lr,Logistic regression (Morgan+ESM-2),biosnap,cold_drug,983997847,1,b09953fd4d7f62ee241de6a0743dee295aedf4f2c788ab85ac3d61b3d4534be6,0.7771497164976113,2695,0.8693877551020408,0.766675689537073,0.3590209332454574,0.38714783159227606,0.735678848509725
lr,Logistic regression (Morgan+ESM-2),biosnap,cold_drug,983997847,2,e03a947319a7ce0a30a9acde4d445c946a156102ab02ceeb9e0082a1c7577c02,0.8318535569987217,2817,0.8979249362635944,0.790945958087775,0.36683981392942855,0.42270487315203503,0.8194766762842882
lr,Logistic regression (Morgan+ESM-2),biosnap,cold_drug,983997847,3,b2d432a7a3f9058c024f5f2578182a059bf5778bbcadeb61784cabe54ba6f18c,0.8154673997032759,2922,0.9001928940327297,0.8058277302027012,0.3979926830941855,0.42979025950942057,0.8092729549036557
lr,Logistic regression (Morgan+ESM-2),biosnap,cold_drug,983997847,4,4662f7f454bfe52811ed009d8fdf5609c6f3c1f4ef1c5a40cf74dc10cf553ded,0.7622169749442477,2592,0.8918350168350169,0.7923510492874563,0.3785051449471639,0.42825361512791993,0.8034908660047505
lr,Logistic regression (Morgan+ESM-2),biosnap,cold_pair,1941488137,0,81ff1cf1289174f7f6901b238f8274214b99ccf0b30871c1e9fb9c54824eaa64,0.6506559766763849,736,0.818552371541502,0.7089169940335538,0.19018803224666744,0.2759980285855101,0.858724437827511
lr,Logistic regression (Morgan+ESM-2),biosnap,cold_pair,1941488137,1,eabf504c52c58bec765481fe1a8d067deb9776838063c0dd93aba9f9ca6a4f01,0.6564453125,536,0.8473541383989145,0.6659727249944308,0.15698754290171738,0.1906474820143885,0.8935905232929753
lr,Logistic regression (Morgan+ESM-2),biosnap,cold_pair,1941488137,2,71e439ff03789bdbb390dc0982ac35cf36ec23da8658bdc6f1c9507745b8db2c,0.6279320987654321,530,0.8614065180102916,0.6798369526521895,0.19383605351317726,0.2462686567164179,0.875797249673709
lr,Logistic regression (Morgan+ESM-2),biosnap,cold_pair,1941488137,3,a2fec1a3c34444adeaee1cbd3ef8a0559776fb58b5a9dd7b001bf0798e165db1,0.7139353664807564,448,0.8262987012987013,0.6296336894132653,0.13799603496915383,0.1785028790786948,0.8560265822830704
lr,Logistic regression (Morgan+ESM-2),biosnap,cold_pair,1941488137,4,2d243d87e3fd1623d5b3ffa784324892aff86c3e2b7e6290683beb57d2989f5f,0.5999679538535492,567,0.8722142055475389,0.6742246235485507,0.17594118916527018,0.2224390243902439,0.906935105589066
lr,Logistic regression (Morgan+ESM-2),biosnap,cold_pair,4198936517,0,d53948b107e6707f76abc6bf9e2514eb15982fc444fe80edcf89039c411d2277,0.6150292184075967,580,0.759090909090909,0.7376070154577884,0.259312102892542,0.3016810540663335,0.7116761210073794
lr,Logistic regression (Morgan+ESM-2),biosnap,cold_pair,4198936517,1,8bff8961308d7d7b0f11d6d7c62d411933414e2e6c9595b8e07a666c48d87f8f,0.6108459357277882,685,0.5380225613802256,0.6271057594970431,0.14969250070081325,0.19995403355550448,0.30316580454161113
lr,Logistic regression (Morgan+ESM-2),biosnap,cold_pair,4198936517,2,b06c142765e46d6b37f51c4a3b5e4e7e891c7f7d5174fb2d2222a0e978f374d4,0.5828553116487742,561,0.563117809107114,0.6745029724740325,0.2146976330013763,0.2190034762456547,0.3118685992892541
lr,Logistic regression (Morgan+ESM-2),biosnap,cold_pair,4198936517,3,90617ac60f1398f5f2afa657254153ae236a96395e763562096e6ea10484c2ec,0.5633637204386313,486,0.5121586232697344,0.6526715101017799,0.1599740814311383,0.2106537530266344,0.27130983860524754
lr,Logistic regression (Morgan+ESM-2),biosnap,cold_pair,4198936517,4,31c262bcb54487b7291c0f669411fd1ee4e817ab0fde336d5dc0811140ecd8b9,0.588923076923077,495,0.6268135904499541,0.630274053667993,0.15726311503948304,0.2124031007751938,0.4643443495528335
lr,Logistic regression (Morgan+ESM-2),biosnap,cold_pair,983997847,0,be2fa14682ea8a906e1802a152fe451a9cfa1250c630bcae12bca002a7e4c105,0.6529226014512227,542,0.8015766521301577,0.6478588254517231,0.16875479309087582,0.23628147191736604,0.7720744645781805
lr,Logistic regression (Morgan+ESM-2),biosnap,cold_pair,983997847,1,fdb70f98b9e463558151fd73d60c71913bd135cf0ce599a478c803de17e9da06,0.601883830455259,564,0.8230174081237911,0.6500147754137116,0.15413660948067964,0.23961218836565096,0.8203322783924544
lr,Logistic regression (Morgan+ESM-2),biosnap,cold_pair,983997847,2,60f2b6d3b2a8cf0e94118477302b68562aa9163fef1a739ab2ee91f9a9ecc305,0.5304022783908865,633,0.8120063191153238,0.6936918657612262,0.21902689794971758,0.29357798165137616,0.7353479040852948
lr,Logistic regression (Morgan+ESM-2),biosnap,cold_pair,983997847,3,58a094f9e8b563676173b717dbdfaf332a78a9bec18a7880fae9290d9c6c7f60,0.6766805472932776,465,0.7767350928641251,0.6250484449069257,0.13316983794056841,0.21458046767537828,0.7527898925880728
lr,Logistic regression (Morgan+ESM-2),biosnap,cold_pair,983997847,4,c84d88de123bbd2f315b943f35ec392b0da31f3f67825c3d6b9a97568dc17108,0.564795918367347,590,0.6668721109399075,0.6785185291582879,0.18145505097219508,0.24668989547038328,0.574152725019376
lr,Logistic regression (Morgan+ESM-2),biosnap,cold_protein,1941488137,0,766482f3df920b6196c8c65f02aec9f1e1e1665d35dd7f78a5042a0d576940bc,0.7161919191919193,3596,0.8569117200930326,0.7865756824416205,0.3266217708083704,0.40333122496310353,0.784197651608016
lr,Logistic regression (Morgan+ESM-2),biosnap,cold_protein,1941488137,1,6845a196d809cb07fee4888cc59d379b6fe25b3ba4eb5507af2fc25a3f7a82d0,0.8661340617720529,2732,0.880540396645814,0.7583042017067926,0.27509184287607197,0.32417168674698793,0.8356133872181276
lr,Logistic regression (Morgan+ESM-2),biosnap,cold_protein,1941488137,2,f39fce42250d53c5ddc8895a8498a944872f43fd73a6f13a0a9fdd355bb652a5,0.7779596273291925,2521,0.8486891926003389,0.7639657971807149,0.2897307358247632,0.3680722891566265,0.6866066581105553
lr,Logistic regression (Morgan+ESM-2),biosnap,cold_protein,1941488137,3,f358d9d2e2425b7e887892e4fe84f7af67f338032486c9b132b585223b8e3818,0.7561841753171858,2349,0.8418282441270947,0.7613353308682208,0.2805485225607534,0.3513727979685764,0.7061744322613809
lr,Logistic regression (Morgan+ESM-2),biosnap,cold_protein,1941488137,4,5389109904b9618c65333360931fc52bdb7de0768f8973450380d4a88c7fc7c2,0.7815557286895174,2632,0.835382702403979,0.7594727203070001,0.2948165910979603,0.3531487513572204,0.6554443071846462
lr,Logistic regression (Morgan+ESM-2),biosnap,cold_protein,4198936517,0,fc1aa75b9b0048814ec09add25cac8ade5a40e6a544a3caeb436ae39d1baa70f,0.7599928888526537,3097,0.8963513077171457,0.8329011410106689,0.4175654031782231,0.47897299690128375,0.8204096641774163
lr,Logistic regression (Morgan+ESM-2),biosnap,cold_protein,4198936517,1,db37bd811ed02491ea414044eaae7af593fb30c6d1b44fcfce78e2e99a64654e,0.7568083944515305,3019,0.8757866843325605,0.7293378109556995,0.25356395133076776,0.30214853662662833,0.8457155070913362
lr,Logistic regression (Morgan+ESM-2),biosnap,cold_protein,4198936517,2,008d3a0994db69d5f54c4588ac93f4b42f976f4d22fbd4d859719ba070434feb,0.7770451589272813,2727,0.8674200753408674,0.7573030576496105,0.2860507488114375,0.37517674783974864,0.7816166984821581
lr,Logistic regression (Morgan+ESM-2),biosnap,cold_protein,4198936517,3,2b4e4783de0d8059207c5a62c7dbf0be095bbdf34bc85fea34551d9ed48f64c4,0.6846417147573767,2534,0.8235273014278539,0.7524942549285517,0.33354113308481015,0.3414111661534342,0.6224024058105508
lr,Logistic regression (Morgan+ESM-2),biosnap,cold_protein,4198936517,4,060b1660c869c9a5900c2bdf4a60648e17462fa3743731198ea2f6c924b2c98c,0.7287236353422178,2453,0.8737723751991995,0.7221779233528369,0.2916156202797967,0.35856873822975516,0.7642417900884367
lr,Logistic regression (Morgan+ESM-2),biosnap,cold_protein,983997847,0,590177958a695186bda43d57061d2dd194cac2a926bfc568d7e9cbd20a0946d7,0.781457316717836,2614,0.869270362384364,0.7574935943179244,0.317060070704837,0.3781637717121588,0.7458701837565259
lr,Logistic regression (Morgan+ESM-2),biosnap,cold_protein,983997847,1,832f3a6629cf6f280cc79aecaad2047b5b96d712c30e3d0178757df16e2073f4,0.7828782666129084,3068,0.8459760578404646,0.7814931149911013,0.321844402812001,0.38746170162620786,0.705200619956885
lr,Logistic regression (Morgan+ESM-2),biosnap,cold_protein,983997847,2,220d15cc845679126f23b0d8e09c11a2944998d03393e7bdfaf23bdf7bbe6f7c,0.7795225601117817,2953,0.8950527968475818,0.7614562563810111,0.30401838848149093,0.36553136050623486,0.8348704673265683
lr,Logistic regression (Morgan+ESM-2),biosnap,cold_protein,983997847,3,c07811eaf01be5606d069d70d312ec46bd0136fb0cfcf0d26d09dad667c9c6cc,0.76135017215771,2258,0.8753522827924953,0.7284243955749108,0.22225543384073532,0.2816705336426914,0.7862568783301861
lr,Logistic regression (Morgan+ESM-2),biosnap,cold_protein,983997847,4,be3028af004ff4ad7fc880847e5721202254729b24a883654424bcb59362c142,0.6954916914577535,2937,0.8153341381124833,0.7991010517195228,0.32749897253270566,0.37633284549445956,0.6406243985929931
lr,Logistic regression (Morgan+ESM-2),biosnap,random,1941488137,0,ad307479fdfca1bc80726097c9633b89a766f0c052aa390ebf328171c21c20ea,0.8345590711849553,2766,0.9003812528758299,0.846243443131633,0.448212470881199,0.4791201237326001,0.7701652530139993
lr,Logistic regression (Morgan+ESM-2),biosnap,random,1941488137,1,6fa5158ba6cde08eb257cca347f872d440be4063e1353c8862c0835e91c2b47b,0.8488243478772698,2766,0.9081049102741077,0.840084149853949,0.46730832722042714,0.4854619065145381,0.799797892358064
lr,Logistic regression (Morgan+ESM-2),biosnap,random,1941488137,2,f6e10fabc28d032393e8f512d4983004ec310f38d62778b133b3b45cae5a2c2a,0.8506769748437751,2766,0.9058699796226911,0.8385917352481246,0.44666322781888557,0.4688427299703264,0.8020665677437949
lr,Logistic regression (Morgan+ESM-2),biosnap,random,1941488137,3,fd50f36d14dadeb82fe6a6302b549c9776447b6a69cc2f8d76efcbb99005da9f,0.8505514880203001,2766,0.9029777164267403,0.8481580578442183,0.4730044781562702,0.4919104991394148,0.7678707183136585
lr,Logistic regression (Morgan+ESM-2),biosnap,random,1941488137,4,0ae404c6a6a1746c2c9e5528b7d46caf69054bccd9adcc9e24b79ad0f3a511ae,0.8441120928422643,2766,0.8917044632879774,0.8376906020790624,0.4504924046142391,0.4696603895058748,0.7391944796503601
lr,Logistic regression (Morgan+ESM-2),biosnap,random,4198936517,0,b82fb594ef9a76316622e40d5368109a2f777cd25ff2614256d5e003e1ebb9af,0.8403885268255675,2766,0.8912771971340301,0.8410020656782153,0.4465113530353786,0.46211382113821137,0.7533382825473978
lr,Logistic regression (Morgan+ESM-2),biosnap,random,4198936517,1,d35151cd376427985bd2eb65c40c7eb5c48ac76a0c112b9972ccc80580a7ea3d,0.8509062028913473,2766,0.9001183198580162,0.8435445987298511,0.46635664707312396,0.4851770286295104,0.7651673759838962
lr,Logistic regression (Morgan+ESM-2),biosnap,random,4198936517,2,d20f0a71685f63c6b28a247742b9eb647e68a8c5a18cca43d468f7e7f4aad191,0.8309635262533152,2766,0.9042595148885821,0.8370318697916911,0.4453573688490099,0.4719956498096792,0.7863820611885596
lr,Logistic regression (Morgan+ESM-2),biosnap,random,4198936517,3,83a851fa11ed8fad65087dacef6baaa027b1b9cc62c23a66cdc0dbe4373905fc,0.8333774104097657,2766,0.9094195753631762,0.8432982374552267,0.46505163477325046,0.48214956783164226,0.8172187170168408
lr,Logistic regression (Morgan+ESM-2),biosnap,random,4198936517,4,926191e192e9d56dfe4651a1e860709623a292874976d39f7933f5519c3d0410,0.8500631930387922,2766,0.9064944455399987,0.8441876462927325,0.455051207445816,0.47538262954084454,0.7968202536999194
lr,Logistic regression (Morgan+ESM-2),biosnap,random,983997847,0,8ff5b20121f9b7c7e39c2f4ccfb4b1e8e6af52f307e5880ed1f4e1797346a11e,0.8378821421213895,2766,0.9087622428186419,0.8399427651332757,0.4584153698428595,0.47740963855421686,0.8040794307852474
lr,Logistic regression (Morgan+ESM-2),biosnap,random,983997847,1,1294db83319fed0aa355ff7e286011b66c0f93c8ba895073c9f0c24ea0d1e73e,0.8415157009767534,2766,0.9061000460132781,0.8379592029859533,0.44947189537643195,0.4777919941509779,0.7960519469624785
lr,Logistic regression (Morgan+ESM-2),biosnap,random,983997847,2,8c6e31b42705db209a13a0b41afcc94f66e6ac0e6ca18b74f1da83e2d6100a90,0.839568488827994,2766,0.9038322487346349,0.8537253311960282,0.4885783732846042,0.49236641221374045,0.7771842805640298
lr,Logistic regression (Morgan+ESM-2),biosnap,random,983997847,3,bce862cbfa862881cd04ec719d9e338a9213cc9c047924969597a45bd6381ca9,0.8519441056345628,2766,0.9050154473147966,0.8416800640355018,0.44741881032291697,0.47739602169981915,0.7888906186686047
lr,Logistic regression (Morgan+ESM-2),biosnap,random,983997847,4,2ecb245f9cc66272424e0757f73513e0fd93efc0cfda0846ffee8a367806357d,0.8376203774251249,2766,0.9050154473147966,0.8441961095086551,0.46338723431585876,0.4724351953267616,0.7952153942294652
lr,Logistic regression (Morgan+ESM-2),human,cold_drug,1941488137,0,33abce320291ccdc6698b267d9556020a416233d3b3820b517bdcc91e9fc3299,0.6946313799621927,696,0.7371995820271683,0.7096194180208747,0.16505867728547735,0.26836363636363636,0.7532739171750642
lr,Logistic regression (Morgan+ESM-2),human,cold_drug,1941488137,1,ae8f7860896616a8f2771806c8c1248d8477c63dbd8ac7815914d7c646584319,0.689741205229036,422,0.7511848341232228,0.6800161721434829,0.1707792431488211,0.27129337539432175,0.39592060658643036
lr,Logistic regression (Morgan+ESM-2),human,cold_drug,1941488137,2,b68e45549745c30c1c42e85d37fb893d878dd47a80148d4be45e71d240a4a702,0.7243507617728532,538,0.8029739776951673,0.6523534777020771,0.1367086521236895,0.16714285714285715,0.965088437971285
lr,Logistic regression (Morgan+ESM-2),human,cold_drug,1941488137,3,58a25f4b895a6d9e8f1a9cf30e14b44ae170cec34c2c4df93cc50a4dccf76988,0.6868993895633776,572,0.7140813731722823,0.6476276346031591,0.13945849654133338,0.20150909897913893,0.5917221550540798
lr,Logistic regression (Morgan+ESM-2),human,cold_drug,1941488137,4,f15ad55d17fac03e449c1c1fc6875fdb990fdf60fe1698200900740284a4d36b,0.7271253247334947,405,0.67003367003367,0.6752251181222374,0.1606418100083714,0.24070247933884298,0.3733394364079573
lr,Logistic regression (Morgan+ESM-2),human,cold_drug,4198936517,0,53fc35f787d95aa4ccf5a31c279e4d558b641572e662659e34c2367a53e39656,0.66632,623,0.8345250255362615,0.6917403749784221,0.15455001038613345,0.1829971181556196,0.9597353476686156
lr,Logistic regression (Morgan+ESM-2),human,cold_drug,4198936517,1,1dd2fa861a65bf0fe7898c29c66848a63e8e312ffcf4edc693d33fd53789ab3f,0.6949866385637398,401,0.709589662208116,0.6464132685742005,0.16220811038117589,0.2222222222222222,0.5505007586770536
lr,Logistic regression (Morgan+ESM-2),human,cold_drug,4198936517,2,d82dcbcf199a47ea672296109404c19bbedc9801ee61cc53cc69feed6560b615,0.6524279257476703,346,0.5888071466106148,0.7505262454475592,0.2169591842489823,0.26144407739499764,0.029335404762879175
lr,Logistic regression (Morgan+ESM-2),human,cold_drug,4198936517,3,5a4997537612bc4fe41970e56cb749948ccb460568fff503b1357565f01446ac,0.7546466532605574,686,0.8079777365491652,0.6708112691140595,0.1754844042889815,0.20515633571036754,0.9533272339374723
lr,Logistic regression (Morgan+ESM-2),human,cold_drug,4198936517,4,fc30f517aa0c44ac36286b6849bfb304bc065ca3c152d835f08baa678d5ca22e,0.6976108540010285,577,0.7706002835985505,0.6523174610802904,0.15112254592510557,0.19735391400220506,0.6819558143374652
lr,Logistic regression (Morgan+ESM-2),human,cold_drug,983997847,0,edeb4ffb82db75be19b3e81dcdc3e514cd377def69bbd6df03fbb940c8d1b681,0.7610485904625692,563,0.8238333602454384,0.7025239061233117,0.15906196406805906,0.20073260073260074,0.9651012951065505
lr,Logistic regression (Morgan+ESM-2),human,cold_drug,983997847,1,43dd5db9ff3a1acca1bbea81115f16ff2829c4c6ef5eaaa40226e592920df178,0.7287526014568159,626,0.7393261690386291,0.6910272637262808,0.1767124181567633,0.22795698924731184,0.5366411506634343
lr,Logistic regression (Morgan+ESM-2),human,cold_drug,983997847,2,a72f61478b527b53fa14a200c243ddf2539dc918440f12da5fdde6ecaea58e65,0.6064000876224205,436,0.5825688073394495,0.7050627051594983,0.20054021740572087,0.24051593323216997,0.033125065071436005
lr,Logistic regression (Morgan+ESM-2),human,cold_drug,983997847,3,26bae1a0955b735d7b18996531c3ef1fee75d5172f7afbf34500992918cf0f2e,0.6932755824532256,471,0.7793862188766647,0.7003682817874063,0.1760854434684087,0.28158390949088624,0.9276565012132827
lr,Logistic regression (Morgan+ESM-2),human,cold_drug,983997847,4,0f58031fe12cc2de5150b5b2ccacebfd0a27eacae9ebcf51533c226483ca9f34,0.7238363941041688,537,0.7919417640088031,0.6803907493523921,0.14540025699919024,0.21066152858060372,0.8715168179790197
lr,Logistic regression (Morgan+ESM-2),human,cold_pair,1941488137,0,bd8c67818f266d75d831f723c20013ef2773f8b572184a55088d978865aaee88,0.609526446967599,149,0.7834045149481391,0.7182694473221927,0.22960680305658826,0.294234592445328,0.576447704730901
lr,Logistic regression (Morgan+ESM-2),human,cold_pair,1941488137,1,de41199e4c62efaf511dd2137576a4bfd90a5caba0a24af7151c3e2ea0553713,0.49,72,0.8724747474747475,0.500829475308642,0.12003699240928163,0.10619469026548672,0.9985699457448736
lr,Logistic regression (Morgan+ESM-2),human,cold_pair,1941488137,2,3379df8c72138ebf749fa4110e8d3bd96e74a1e4fac40d7c974d8576f7c5e045,0.4931129476584022,135,0.35622895622895623,0.519522633744856,0.09043377274394197,0.17728055077452667,0.009309517497986966
lr,Logistic regression (Morgan+ESM-2),human,cold_pair,1941488137,3,8008f6f231278ae0fbb1547f4ba35df40452c1820b98845457baefe2fa83f3c5,0.5128205128205128,85,0.6577540106951871,0.668,0.1459722024844934,0.21182266009852216,0.3730314625961391
lr,Logistic regression (Morgan+ESM-2),human,cold_pair,1941488137,4,8b34dab23ebbaac711e38571121161f562d541af56098e2c8b87b7e581f85884,0.5725925925925925,54,0.7811447811447811,0.5269890260631,0.10074792168780403,0.12162162162162163,0.9182612528601104
lr,Logistic regression (Morgan+ESM-2),human,cold_pair,4198936517,0,c599300df5b2ef0e50f64754f47aba326dcc6a75a3d10b9702e2db478089d1f4,0.6310975609756098,152,0.3839712918660287,0.6082496537396122,0.12841854801830077,0.18769716088328076,0.015954146531556967
lr,Logistic regression (Morgan+ESM-2),human,cold_pair,4198936517,1,6d3820abd87f7335237c574ad06a563bfe76a527f8622d23ed6706e61a02501e,0.6139455782312925,73,0.597758405977584,0.5317132670294614,0.09962690166815491,0.178117048346056,0.2724162514386043
lr,Logistic regression (Morgan+ESM-2),human,cold_pair,4198936517,2,0a398b6e5968651e3f7732810ecdeb9c20ab8410e42ba1dea9b78b57b7f4b740,0.5539224952741021,59,0.48073959938366717,0.5995690893421431,0.12246191824492923,0.19184652278177458,0.0798893532561403
lr,Logistic regression (Morgan+ESM-2),human,cold_pair,4198936517,3,17ae3f073110d144df44f48448f0b1769b825674b197aa22a58820e1d26a1419,0.594,172,0.7515856236786469,0.6131050567874528,0.11992472301328413,0.19795221843003413,0.8699229601871238
lr,Logistic regression (Morgan+ESM-2),human,cold_pair,4198936517,4,5e4f89773931feec371bc5318cdb8d788c6407efb92cd88e675fc19b2bb40639,0.486122125297383,120,0.6462121212121212,0.47122222222222226,0.08246194832759246,0.11720226843100189,0.7139405549507369
lr,Logistic regression (Morgan+ESM-2),human,cold_pair,983997847,0,0f03eb4162b879e7617fddc65d193722488f8264565ffd7c40b6a62a83df8fac,0.6624293785310734,92,0.45652173913043476,0.5505434782608696,0.1000868533949737,0.1691842900302115,0.047717712772464005
lr,Logistic regression (Morgan+ESM-2),human,cold_pair,983997847,1,ab3f176e26732a9405bf7aa8cf428370d2cba2de7f534e7de90b588c3082a051,0.4988179669030733,118,0.4337442218798151,0.6081154840563057,0.12058666939237986,0.1878453038674033,0.00760005088797112
lr,Logistic regression (Morgan+ESM-2),human,cold_pair,983997847,2,a45d9e52f747a1356f288e2e07ae425edd460014c17d6ea8d75f3dea09754d32,0.5302734375,73,0.149439601494396,0.5467254644398574,0.10664062156606481,0.17212121212121212,8.990539712992623e-05
lr,Logistic regression (Morgan+ESM-2),human,cold_pair,983997847,3,0374dee88a8014ae6196dba73dc66a252067d6bea2c2be5adab49a27342da802,0.4666666666666666,139,0.30346631785480704,0.6090782050618497,0.17774488310552383,0.17887432536622977,0.020979596840522752
lr,Logistic regression (Morgan+ESM-2),human,cold_pair,983997847,4,8b2b4d7f522a6296b722e4648052b41b54ab6f22944ae92675f84ff6ee26c967,0.5100193923723335,100,0.17727272727272728,0.46027999999999997,0.08376842128049686,0.16743330266789327,6.528896949116349e-05
lr,Logistic regression (Morgan+ESM-2),human,cold_protein,1941488137,0,7cb69146150959e01230f6b5c7717ad44925427bbf9b6d06b05a6b5c6cd3a88f,0.7423771626297577,605,0.881893313298272,0.6812131684994195,0.19290535713782836,0.24277456647398843,0.9839347661893234
lr,Logistic regression (Morgan+ESM-2),human,cold_protein,1941488137,1,c03a6a0be3b7940366b4d416b49c14232283356fd56d9862dcd17f80180bb081,0.7975477430555554,476,0.8493124522536287,0.766424731657369,0.32006965894469597,0.3733121525019857,0.5716465645651826
lr,Logistic regression (Morgan+ESM-2),human,cold_protein,1941488137,2,cb0f1a691beb4adc74b4b7287889c3513e426f8c77b95d8d2469955a14eb25d9,0.7717583036216925,688,0.8370771670190275,0.6785444623783127,0.19459134553128593,0.27768014059753954,0.876420520931947
lr,Logistic regression (Morgan+ESM-2),human,cold_protein,1941488137,3,e9a410074f5af92384c7ea7cbc604118a4bb751d05fbef40b158e06af77078ce,0.5892745008382868,448,0.783887987012987,0.7684503049266583,0.27002355726045457,0.3486238532110092,0.32929068855588545
lr,Logistic regression (Morgan+ESM-2),human,cold_protein,1941488137,4,f27eb92e44ae906264399b45ad8e075aa5c13b614d3dfc215facb2599738bb9f,0.6766572680433283,416,0.8465909090909091,0.7384418916420118,0.29407299965176653,0.3732142857142857,0.7271012704571378
lr,Logistic regression (Morgan+ESM-2),human,cold_protein,4198936517,0,3593355e476aa732f041a4be078216cf682e8d170e22eccf705d6a3af57bd533,0.7918378559873022,666,0.8456183456183456,0.7106630278927576,0.26796712297884895,0.30656039239730226,0.8416155091810488
lr,Logistic regression (Morgan+ESM-2),human,cold_protein,4198936517,1,2075c796adb0e2a27e7c390bb4d8033e4d271d1bc1dba505d080b6f64d17ff34,0.7855575151871447,452,0.8640386162510056,0.7610457945023102,0.2909311357227801,0.36822429906542054,0.8457459898434972
lr,Logistic regression (Morgan+ESM-2),human,cold_protein,4198936517,2,d99e86b535bcb2a067d03dd88bfd76c86768bcbef42493693fa847c07710d053,0.7651155651067935,438,0.8914487339144873,0.7679051729530243,0.3534978761315575,0.38686987104337633,0.9573936551811786
lr,Logistic regression (Morgan+ESM-2),human,cold_protein,4198936517,3,87b03a37e5bd84e0d0a7a3ae7cc7077c7b7160aef7bdd2afb26e89064cab7330,0.7981518351800553,616,0.8224616292798111,0.6546882906054984,0.17218094990625332,0.23908918406072105,0.9367802251928564
lr,Logistic regression (Morgan+ESM-2),human,cold_protein,4198936517,4,126935daee05969237fe55788ca0d3770e52af4a200050501cca7fa44e62a3d3,0.7468833091198158,461,0.7996450404259515,0.6756271144969204,0.24490905980889716,0.3012379642365887,0.7722665642712492
lr,Logistic regression (Morgan+ESM-2),human,cold_protein,983997847,0,b975bda7bffa478f7ce84c3c04a6f2334e76849cc07bdb35f50840e6781a4828,0.7685432056017236,441,0.7897340754483612,0.7541919262035881,0.2682672965350966,0.32982917214191854,0.549161899954092
lr,Logistic regression (Morgan+ESM-2),human,cold_protein,983997847,1,957c6eaabfcceb16e4218df5757fdbd002c080cf60c72b1f4f2a9388bc067b8e,0.7254842951059167,513,0.8663831295410243,0.739539231444433,0.2504486206349465,0.3362676056338028,0.9334134445350999
lr,Logistic regression (Morgan+ESM-2),human,cold_protein,983997847,2,905573cff79b426bf47d99a1b18ed055fff710b8b00740d56aa6ab87eb08a1c2,0.7483366826179358,463,0.845277832318869,0.7783604439074678,0.24434393658456605,0.34551495016611294,0.9151275531368154
lr,Logistic regression (Morgan+ESM-2),human,cold_protein,983997847,3,40f3650964082375d0fb6e5e1019d8188002152ae847d74cc00bcd40bcab0264,0.6349250915298399,724,0.8715469613259669,0.6627368479289399,0.20641732472931337,0.25923244026068065,0.9535243926122139
lr,Logistic regression (Morgan+ESM-2),human,cold_protein,983997847,4,e147190debc1ca6a45f9f658aec6ae9bf10f0a86236fb1b2e36ec955cc112690,0.6381615640204105,492,0.8691796008869179,0.7204286882807852,0.28606635496884847,0.36330935251798563,0.8625301654299433
lr,Logistic regression (Morgan+ESM-2),human,random,1941488137,0,3ee649582c51d150475d3d256d55c6fff7157336dfa58397b759280f8a7dbc85,0.8379820758743065,527,0.9196135932378816,0.8448779205628509,0.5613110472766195,0.5458089668615984,0.8778257491271984
lr,Logistic regression (Morgan+ESM-2),human,random,1941488137,1,1eb203df0bf0b5ae9a461841e4e43b8812f7685326bbff9593bb89cefc51caea,0.8557377417398533,527,0.9265137139899948,0.8875090465885809,0.6092308709563654,0.5798816568047337,0.9118375255753678
lr,Logistic regression (Morgan+ESM-2),human,random,1941488137,2,6c082337c0ebfc9cc8200f8b88b1979992d5518604da2d05d12c4f6c2bb7c2c1,0.8243233530244155,527,0.9242711747455581,0.8567603671204663,0.5388104068527565,0.5364308342133052,0.9437235752429095
lr,Logistic regression (Morgan+ESM-2),human,random,1941488137,3,eb685a487de50970e62869aff74f9bc2208e4d2392b5b13388bec0d70e1129c2,0.8459288874912962,526,0.9179052886277221,0.8486901646691438,0.5082402647358786,0.4973544973544973,0.9496287129587304
lr,Logistic regression (Morgan+ESM-2),human,random,1941488137,4,0b79b831cb7ae126803958380cc5372817612cf9372ab369c224cb212271ef7d,0.8514453853237798,526,0.9179052886277221,0.8579837065737542,0.5697344793276251,0.5454545454545454,0.8920618306775863
lr,Logistic regression (Morgan+ESM-2),human,random,4198936517,0,3bcfa52e669072e9cb6d9b139b85fc06064191c273108f303dd1a87d1a8a0b91,0.8654163203881314,527,0.9153010177678109,0.8740599649298416,0.5852349048085395,0.5406922357343311,0.8787496288867911
lr,Logistic regression (Morgan+ESM-2),human,random,4198936517,1,c5a6c5aaab4d4e3bec9b95463f04984cbbed697217f645a8ea24bc4f0e9de784,0.8719862536780395,527,0.925306192858375,0.8556942199050153,0.5596682849045834,0.49942196531791905,0.9656950240967725
lr,Logistic regression (Morgan+ESM-2),human,random,4198936517,2,4e5f39c804d2a94efa32f8fb58590ed9076f3bdd932dcf31fdcfd6fdac711963,0.8738033736888211,527,0.8958081766430912,0.8446017520676631,0.526451754686415,0.5136876006441223,0.7322537179473759
lr,Logistic regression (Morgan+ESM-2),human,random,4198936517,3,e4db0b416220a414e748ec53e82eab3c5d1d6b0064e0b11e992230339346d754,0.8787403697131692,526,0.9132388524023505,0.8451614885280978,0.5324424134497734,0.4959839357429719,0.8979653735508765
lr,Logistic regression (Morgan+ESM-2),human,random,4198936517,4,1b65f2cfeb8dec15714fa96b172c9ae08f364abd5758434f3a52d7d83202e51d,0.8623907818782148,526,0.9172139647424818,0.8650988882302766,0.5685831194146793,0.5335929892891919,0.9082527892276261
lr,Logistic regression (Morgan+ESM-2),human,random,983997847,0,8e3728b3831b303054f4db65a05ddba96318f5fa1c553d996fb446a685671745,0.852242761842726,527,0.9237536656891495,0.8666437426412078,0.5772979066057542,0.5623762376237624,0.9139646789085653
lr,Logistic regression (Morgan+ESM-2),human,random,983997847,1,74a1b53c2ca13a336af7697dcb71b812f573d3df1b21d19bce03e8461e06d5b0,0.8242469845690799,527,0.9180610660686562,0.8572284493156999,0.5398078525287562,0.5356793743890518,0.9085134664467155
lr,Logistic regression (Morgan+ESM-2),human,random,983997847,2,ff952d55942ea478d13768a392518e50b7b12b8ef7ace19be68a264d64ccb8ad,0.8670380269984951,527,0.9159910298430223,0.8452127793640564,0.5347273247607822,0.5095669687814703,0.912821234111609
lr,Logistic regression (Morgan+ESM-2),human,random,983997847,3,791163edfbaac8b3d9568440051d03e70556061ba4a76c92e539462704d82ced,0.8766716830259877,526,0.9127203594884203,0.8534762682704679,0.5504459005147352,0.5328399629972248,0.8674489988945142
lr,Logistic regression (Morgan+ESM-2),human,random,983997847,4,aae19ac732a2aece44d67149029670a09036945210e85bb764eefc2e6c71a80c,0.8686013342018372,526,0.9160041479433114,0.8681949283638624,0.5863999886316354,0.5637342908438061,0.8646897724881802
mlp,MLP (Morgan+ESM-2),bindingdb,cold_drug,1941488137,0,d3122cff3f09f0e7ffd06030d60d5e2eca915ec3d9ead8dd02edbd3283126894,0.9724790068156163,4182,0.9718707882265989,0.9768769207651566,0.9023631355084962,0.8409537856440511,0.5433555535665936
mlp,MLP (Morgan+ESM-2),bindingdb,cold_drug,1941488137,1,271362873bdfd8fae15456fd6c51cac9d2e8e081d8fbaf95bf8f87f4e97a44bf,0.9784627115712703,4280,0.968606627017842,0.9667330443706874,0.878068425539194,0.8187837175085826,0.6127553568882433
mlp,MLP (Morgan+ESM-2),bindingdb,cold_drug,1941488137,2,6fade7330d6d26b28f5faeff6b9ddbaaf1b6001f51b43b0e085de6362903a3fb,0.9770449243946028,4116,0.9711988691580529,0.9747080327688482,0.8933000004934903,0.8355196770938446,0.5742129658183015
mlp,MLP (Morgan+ESM-2),bindingdb,cold_drug,1941488137,3,bb13aff79788c532ba4be6faf227627a3fd9a0922917ed81c0c27e8b1e896e17,0.9721858142952328,4061,0.9733384074679322,0.9739450631016617,0.8958673783946733,0.8423143121938302,0.7837305221492297
mlp,MLP (Morgan+ESM-2),bindingdb,cold_drug,1941488137,4,c7ebc80f58f9cbb1d44a9197b733c0c17d684e5c756941826054ab573b76f457,0.9751977061309048,4035,0.9701250422440013,0.9741875411708886,0.8875812881105054,0.8263488737558932,0.7342553032750956
mlp,MLP (Morgan+ESM-2),bindingdb,cold_drug,4198936517,0,f99b8da5ab42ba3a3a174619834df007af4996a7b09c0c44599b9192d2853fb2,0.9719444059878404,4084,0.9711067580803134,0.9737839329755832,0.8957739566522753,0.8349860157640479,0.643423836018941
mlp,MLP (Morgan+ESM-2),bindingdb,cold_drug,4198936517,1,af1dc944cf987f1e10275d3ad0c7073b6aef183cdfd1520f3a8905ecdd563efa,0.9717697885647378,4191,0.9708466193791891,0.9739361555858099,0.88873534897084,0.8317897371714643,0.6581807459053938
mlp,MLP (Morgan+ESM-2),bindingdb,cold_drug,4198936517,2,3ed3b0703aaae09b96234f544ce4f3d852b5973fdf99e944f8e86e8ff0842696,0.9768112752213673,4093,0.9732359016502676,0.9785179913934805,0.9073942658747242,0.8475648323845667,0.6921244565346468
mlp,MLP (Morgan+ESM-2),bindingdb,cold_drug,4198936517,3,2b423d98eadf4e955c204ac0c7d2cf1317801698510fe27edaa02dc1817607cc,0.98091501128375,4171,0.9681785488546457,0.9633236155089189,0.8685305473545453,0.8139179199592149,0.6801895019289548
mlp,MLP (Morgan+ESM-2),bindingdb,cold_drug,4198936517,4,c0d6c15b73d44b1e9e34d83f78ea6d8fde927a5b41c7fa3eec65dd204b3f1780,0.9749702454494547,4135,0.9692206221831373,0.9748453538305876,0.89297556899487,0.8275862068965517,0.5876167077887543
mlp,MLP (Morgan+ESM-2),bindingdb,cold_drug,983997847,0,caa30460df33a20c98ac7f63f64cccd6e9a80b8154201f05a46ca9b2cbfc1bfa,0.9789536726994352,4095,0.9714729714729715,0.9740126095583972,0.8942253291980197,0.8360341967589638,0.7498992823574661
mlp,MLP (Morgan+ESM-2),bindingdb,cold_drug,983997847,1,ae65eea815e50b920663d8c7fb5fe425d8ce49ff9f7ea44fc38c5d61edca2fc0,0.9559509373816436,4095,0.9699189699189699,0.9697302168730741,0.8840709720984927,0.8298807281858129,0.6022074846535459
mlp,MLP (Morgan+ESM-2),bindingdb,cold_drug,983997847,2,530d0d9ee08f5eff47c8e7cd28570f7bdbae4a81314d4db83c4016e816c87dcd,0.9710210666457827,4149,0.9704857687504108,0.9727504837430445,0.8810933102819143,0.8271082017712745,0.7151634722213215
mlp,MLP (Morgan+ESM-2),bindingdb,cold_drug,983997847,3,7b34a851f2b0deb3f060c6d82b3f07b4d7445a21502d5e1379f27e3441d33311,0.9712115714802998,4189,0.9717441784760954,0.9769248724663447,0.8998553561199821,0.841025641025641,0.9090075882330331
mlp,MLP (Morgan+ESM-2),bindingdb,cold_drug,983997847,4,a09e124b606033d05e2869d1398ae3af7c00f8029d69e95dcfc4a56497f40ed6,0.9737013001051483,4146,0.972218567732316,0.9743959009189196,0.8928084587523912,0.8390702400609679,0.7321802187619144
mlp,MLP (Morgan+ESM-2),bindingdb,cold_pair,1941488137,0,2b4cfc3bb4039bbe25bf713ec37108d8cd7099263d4163e97de30bbe11e8916c,0.8226985959354615,876,0.8929016189290162,0.826076916661454,0.46439892488809265,0.4475374732334047,0.05495921738343697
mlp,MLP (Morgan+ESM-2),bindingdb,cold_pair,1941488137,1,5ecd70455c0eaf43ddb52714a848e8038eed447795919cb02a36dc75e7d002e6,0.7661579373337959,719,0.8487798710330003,0.8230261083524676,0.42956095368557656,0.40556660039761433,0.11153515204787257
mlp,MLP (Morgan+ESM-2),bindingdb,cold_pair,1941488137,2,498c1745279d8458ec7ac82f9c192b80b2d6514f22cd4804005f82496da59376,0.8033672563349498,685,0.9134704711347047,0.8088913634184027,0.4764997194912811,0.4340277777777778,0.4302570792910171
mlp,MLP (Morgan+ESM-2),bindingdb,cold_pair,1941488137,3,43e02e384720b83176d3f006a506fdf82e19e213eac9656a0249835c8f1b0221,0.7443998109640833,1166,0.8978637143302667,0.7650226618101792,0.3734816203232737,0.3814919735599622,0.17849398055509377
mlp,MLP (Morgan+ESM-2),bindingdb,cold_pair,1941488137,4,b79488fb07b6204668a5d205427de2a4d6a388125d3a689c76e691a7e1078a0c,0.81661332114007,747,0.8775708896190824,0.8409713821820078,0.4803379314749952,0.4550379198266522,0.1444640584187965
mlp,MLP (Morgan+ESM-2),bindingdb,cold_pair,4198936517,0,623e3f2499dd11866908cefe7fe7e7abe7c21170e81c11241d5b048682e96432,0.8472679374403852,1037,0.907951257999474,0.7480654547415817,0.35439580571019735,0.33290978398983484,0.7014263711073631
mlp,MLP (Morgan+ESM-2),bindingdb,cold_pair,4198936517,1,5e8664cd3b0a95abf0f6b0d15ce4771e4f24c5969a60edec42f76bebdf870ed6,0.827612188365651,742,0.9066405292820388,0.8360633822770831,0.45515631050050875,0.42620481927710846,0.3994050929644348
mlp,MLP (Morgan+ESM-2),bindingdb,cold_pair,4198936517,2,f138fd2b71c3a54018d0937acabffe0ea4ac8598e60bb0b122469f6e7b60a27b,0.7897309356408871,943,0.9097657379735853,0.8344667241683712,0.4569453425844255,0.4717832957110609,0.2557771164709574
mlp,MLP (Morgan+ESM-2),bindingdb,cold_pair,4198936517,3,3894e7ee00e5ffe62c846a7ab1197097de5b9db34c79da92c0981897c6953231,0.8962996432818074,655,0.9085357390700902,0.834302196841676,0.5224058056379199,0.4973302822273074,0.0842237876192341
mlp,MLP (Morgan+ESM-2),bindingdb,cold_pair,4198936517,4,3d88c52c58071efde8e1fae42ed5be4d4d3354b23c80f64b663bc7d5806a8fc2,0.8119850611136262,723,0.9148748899786244,0.8114698055780338,0.4749107465226841,0.4473469387755102,0.5393369224300125
mlp,MLP (Morgan+ESM-2),bindingdb,cold_pair,983997847,0,a1543616e83727949e58fe0c4fc7e23733d1725603632dfd593a38e9d4314a38,0.7671777777777777,1058,0.9112390445093659,0.7871059369427639,0.4296025681723699,0.42579210672595885,0.3302965705362084
mlp,MLP (Morgan+ESM-2),bindingdb,cold_pair,983997847,1,44c0d6816c76aa3a2113b5e5b49b5baa57093baa92b9170f41621f144578efbc,0.8495334150249788,874,0.916267942583732,0.8337664751870723,0.49942731767956744,0.47693307342430147,0.19106916488849943
mlp,MLP (Morgan+ESM-2),bindingdb,cold_pair,983997847,2,b3cf07d59bdc3e1f2b3148b95d02e95198c5ddf26efd2fe0a722234d1129296a,0.7356155184518177,732,0.8728266269249876,0.8526926752067843,0.5198250212213749,0.4627492130115425,0.026842383869400202
mlp,MLP (Morgan+ESM-2),bindingdb,cold_pair,983997847,3,cb3eb24cc3f35d3248ba1e807c2bc1e8ba6180a8b79931b4372d487d74d59b8c,0.8706880853277835,691,0.9202736482041837,0.8363838561115521,0.5145440297372516,0.4838160136286201,0.4302197614434642
mlp,MLP (Morgan+ESM-2),bindingdb,cold_pair,983997847,4,b1ee7b4942b8c6aa621a1b8d5b9dd55945af4aae50932fc4fc5366d293b027b6,0.8235505967092719,771,0.9100341940808867,0.8666057691175407,0.5516892402135738,0.523422860712055,0.1824534087556679
mlp,MLP (Morgan+ESM-2),bindingdb,cold_protein,1941488137,0,b8f4b00318dc9ff3a71214100e4aa6df2e9f73a506a45512b1452972c20df9a5,0.8200157243917942,4204,0.8732159847764034,0.8270349768830556,0.5005910877975109,0.4430512016718913,0.05613496416796944
mlp,MLP (Morgan+ESM-2),bindingdb,cold_protein,1941488137,1,6324786832b507b8d88ac5af97a996d64cf4221232f8a2c04500f4f96dfda2e5,0.8166156070207342,3581,0.9339443019979183,0.8433806023147548,0.5358317739637914,0.5423848047836792,0.5466504182472619
mlp,MLP (Morgan+ESM-2),bindingdb,cold_protein,1941488137,2,18a6cc162f1fa8d7979557f3103d6589ad6c76101e9d4b05edbc3508c39d7449,0.8886292315742866,3319,0.9207866553452574,0.8434898642045702,0.5418394730584936,0.5074931880108992,0.13434310359089327
mlp,MLP (Morgan+ESM-2),bindingdb,cold_protein,1941488137,3,d8a62a5b9d02c5fdecaf03b3e4205a1fd809acb1a39813a2983042d6e71103a7,0.8160114834981966,5585,0.9114836819402621,0.7781858331683615,0.4205056348265944,0.41764831869779395,0.1791096370207937
mlp,MLP (Morgan+ESM-2),bindingdb,cold_protein,1941488137,4,6f23544a9a5ff66b69f436861c5b792732177ec1bed1d2b13661542bac6e24ff,0.8658578046844044,3985,0.9243070605680392,0.8246395501323186,0.5155017411413998,0.49374427830332623,0.2760854188505917
mlp,MLP (Morgan+ESM-2),bindingdb,cold_protein,4198936517,0,22e974af8b2c809bdefdffe3e21f5cd4dca5166faa3d99cf8e431c989fe973ec,0.8320211972876187,5398,0.9201892956987436,0.723470549382183,0.451093286784794,0.4589565018837767,0.20802297672384457
mlp,MLP (Morgan+ESM-2),bindingdb,cold_protein,4198936517,1,7de9c60893654c75d6754628b7974dd61c3826b3a821f9d60b154eb8dce8beb7,0.7897131763713399,3710,0.9278608184268562,0.8469302097485488,0.5190747124290362,0.488,0.6135301149054748
mlp,MLP (Morgan+ESM-2),bindingdb,cold_protein,4198936517,2,a1b2551830003e141ac4c3d8c0b31d0bf510c9258df9358bc6e3050d3e4a2ad1,0.8443115985815018,4675,0.9212056392805056,0.8139008722010923,0.46731903362683075,0.43518260384722607,0.3493348197251154
mlp,MLP (Morgan+ESM-2),bindingdb,cold_protein,4198936517,3,54e27bd08e4aef100ce01bad8ce9e207fa9a2710a2c83e4014f33c0e5ca75c50,0.8931496027287616,3397,0.9237294939385019,0.790739863889669,0.4646088362128275,0.46986607142857145,0.5540034076938893
mlp,MLP (Morgan+ESM-2),bindingdb,cold_protein,4198936517,4,0daede7857fabe586f0f52f24e384964600ef55eaaa7afdc863972f69e5aa1ee,0.7380708196626324,3494,0.9003486496331373,0.8073316420429952,0.4881152425690668,0.46056338028169014,0.03891464822402559
mlp,MLP (Morgan+ESM-2),bindingdb,cold_protein,983997847,0,a5feacf2df5d6831b820604ee4902c21b8ee04ab2881d4c6d5d7c3b487a651d3,0.8801922017333951,5465,0.9187390834234385,0.802945631729487,0.4533985583543211,0.43740642635033977,0.2531344783306121
mlp,MLP (Morgan+ESM-2),bindingdb,cold_protein,983997847,1,0f751e4977a964aa5d45f5e60f178b601671b9f0c0c50246a40f80b5ea0bea35,0.8671705845938953,4229,0.9285883187514778,0.8185490924765275,0.4965658625507954,0.4605391360831439,0.9496588483248671
mlp,MLP (Morgan+ESM-2),bindingdb,cold_protein,983997847,2,97af94b0063094defb869e774b6c443798a524b786f6404e94fa204ec20371a1,0.8163953655071746,3754,0.929553930353078,0.8378403189324035,0.5173200580275731,0.4806284592037136,0.5943841007311056
mlp,MLP (Morgan+ESM-2),bindingdb,cold_protein,983997847,3,998506e928ef1e0c00d67e1ebc691c0912c556c62ce64b142e76df88d3301536,0.605243068614026,3428,0.9211307945263605,0.792056966344838,0.515004728805057,0.5069628647214854,0.1823251177697151
mlp,MLP (Morgan+ESM-2),bindingdb,cold_protein,983997847,4,265ebe6c7813d7d91f031416042ef8a1914cf0307163f2e590e14d3be8496eaa,0.7556761475993912,3798,0.9206520178084159,0.8533647909531388,0.5259639379823062,0.5173970010190712,0.16998534929058295
mlp,MLP (Morgan+ESM-2),bindingdb,random,1941488137,0,b9f98ff3affb86a1ce4b9c5e5472552e0a3af3744fa4dc64867fb8ca8a7429c5,0.9758846130226969,4135,0.9711992964713642,0.9781117601388448,0.8942158013305678,0.8390663390663391,0.5674986713144852
mlp,MLP (Morgan+ESM-2),bindingdb,random,1941488137,1,df7fca01d0b5a54dcc2c252649e73083ec1e03258bb2ba439dac4818d4116d32,0.9780459667597075,4135,0.9709134879630648,0.977964496314676,0.8909432099565884,0.8376089358045906,0.7084852529633512
mlp,MLP (Morgan+ESM-2),bindingdb,random,1941488137,2,e37319a5252456b0cc89339cc40f83f8ec8d2f500338ef847eb2394b202c8a1c,0.9762141062888107,4135,0.970825546883588,0.9793774119828227,0.8952337512525164,0.8363546676532249,0.6701627813055071
mlp,MLP (Morgan+ESM-2),bindingdb,random,1941488137,3,95055dd9f725f176b4a64f81e2a0e31b3e2c38f4ab090b7d7294df43883af058,0.9814155599484742,4135,0.9709134879630648,0.9771974547065558,0.8953515038820633,0.8375291661549797,0.6506500884278179
mlp,MLP (Morgan+ESM-2),bindingdb,random,1941488137,4,bc251326e2f97ec272acb637b42fda0727940e6e0898341d9a1cc3254c6c327b,0.9753671982033223,4134,0.9710383955666975,0.9791468128999279,0.8996009065357267,0.8404216648491457,0.5871872501095673
mlp,MLP (Morgan+ESM-2),bindingdb,random,4198936517,0,e19bb407247a1c3f9a14d3d79cb8a3d6a8146026a241c41e590d6d6d17e2d3b7,0.9796679735762046,4135,0.9718368692975706,0.9799124441279723,0.9007658963265193,0.8418713739044562,0.7076598534355399
mlp,MLP (Morgan+ESM-2),bindingdb,random,4198936517,1,95cdd6a9a549c0f479bbeda625fb14b4b7422a760aa633756e0585d4b7a1f46b,0.9798568272437637,4135,0.9724304715840387,0.9784253482452124,0.8972914842903659,0.8398876404494382,0.7944312629634387
mlp,MLP (Morgan+ESM-2),bindingdb,random,4198936517,2,eebf7de3343762db7f3b4472b0332993b822fe13571c34630f8b932c3b6554d3,0.9747068409147733,4135,0.9712872375508409,0.9764745785015695,0.8938922197169712,0.8364228456913828,0.7453799189035221
mlp,MLP (Morgan+ESM-2),bindingdb,random,4198936517,3,0705f193b18c75afb116332bc4434d9d915e73660944c5a068ffa67401f3f12b,0.9788020393929779,4135,0.9716609871386171,0.9781960554385031,0.8970070402399554,0.8394169677338981,0.7631826407043893
mlp,MLP (Morgan+ESM-2),bindingdb,random,4198936517,4,0f34655d6654128ba545e6b71007cf13a0096db925a2eca3b4d7ff413699a623,0.9745284232720063,4134,0.9710164049786691,0.9788149659367174,0.898198226469862,0.8403198449236734,0.678701509637375
mlp,MLP (Morgan+ESM-2),bindingdb,random,983997847,0,50221d3d5a60a5f8305cd6466d4a636bf326cb35a8869f82e4274a1122350a14,0.9784278777475439,4135,0.9731120149499836,0.9791432531739406,0.9027309349596921,0.8470293933708568,0.6824255617024176
mlp,MLP (Morgan+ESM-2),bindingdb,random,983997847,1,ca7853b850250bd472514b6099f39ed64f5af5c79271809d93cd00db9eb88d59,0.9766596934769544,4135,0.9716170165988788,0.9793377792139243,0.8970342877504915,0.83952765692977,0.6237839405993887
mlp,MLP (Morgan+ESM-2),bindingdb,random,983997847,2,869a929e679ec92faf0964819aa84b6417cbbde21ead1497154a3892b41c1055,0.9753470206702743,4135,0.9706716499945037,0.9758566488626743,0.8935354834879732,0.8337073049114934,0.6446828291595792
mlp,MLP (Morgan+ESM-2),bindingdb,random,983997847,3,0e34704dcc33f0c5c9228868f6d64cca9fa5b9d85a2e751d618cd9213aabcf4c,0.9796085558588684,4135,0.9719248103770474,0.9797959291096004,0.9014089457321057,0.8432936556632715,0.6796706877424289
mlp,MLP (Morgan+ESM-2),bindingdb,random,983997847,4,f0040bedf05f81f4adef9fcf43325837a5e5af196f2e5cb5be7e93b9224a3eb6,0.9817972150617972,4134,0.9714562167392357,0.9789278685094331,0.8971672804498854,0.834733893557423,0.7594710708317693
mlp,MLP (Morgan+ESM-2),biosnap,cold_drug,1941488137,0,0dde78d724b699a171b9e73ce8da6eed90afbb0e81889dba066c152277a6831a,0.8927191356226183,2947,0.9158157756732579,0.8647125457796481,0.5804285093049772,0.5455453788509576,0.7666982858474931
mlp,MLP (Morgan+ESM-2),biosnap,cold_drug,1941488137,1,05c1111bb5eaeec4581c48562a2d93fdad2397fb306560bc5c63ed2285481684,0.8843411286838379,2789,0.9258124449949476,0.8634769193269518,0.5874969271096819,0.5653170359052712,0.6645453361289141
mlp,MLP (Morgan+ESM-2),biosnap,cold_drug,1941488137,2,8d7becc9ec965fae3cad75020e65aae6611a1463eb00b269d8a65490c505b6e2,0.8873908415342528,2704,0.9213622915545993,0.8611051920669794,0.5775389628192839,0.5485427523644084,0.5963724255561829
mlp,MLP (Morgan+ESM-2),biosnap,cold_drug,1941488137,3,b69c25480603ce368168d2027d0440423f86dd2866e16d0ed5bac620472b87af,0.8554737642763015,2578,0.9163551731433811,0.8770966481916268,0.5687636407210226,0.5483625285605483,0.7158013647549761
mlp,MLP (Morgan+ESM-2),biosnap,cold_drug,1941488137,4,c0fddbd8642abf6c3cf66942cdb56947649f142191b46a8425f429f532262ac6,0.8697497128706174,2812,0.9304280356911936,0.8818292147148269,0.6087280361237828,0.5867895545314901,0.8087826122649724
mlp,MLP (Morgan+ESM-2),biosnap,cold_drug,4198936517,0,5c219cc120686c883e7bf755698024447f43c50ba720467e8ea0c62d10c59c56,0.8956208467183171,2636,0.9237481031866465,0.8676464590322857,0.6128994379892475,0.5789373452675681,0.5604344721852916
mlp,MLP (Morgan+ESM-2),biosnap,cold_drug,4198936517,1,3d6c3d07b85c2cc2d5be78939c078813b2caccd1365475fd07f9320e7ab8e035,0.8702983688630491,2980,0.9240390482001221,0.8648395961893608,0.5792015133084487,0.5548802288165892,0.5453394904855179
mlp,MLP (Morgan+ESM-2),biosnap,cold_drug,4198936517,2,8c83f85e76b7e1295bbdc5eeda9af96b06b5bebcc45111d68752138c42d35ae4,0.8903256583576264,2774,0.9190863210329685,0.8644800454212538,0.5561365222086461,0.5283667621776504,0.7516939109318873
mlp,MLP (Morgan+ESM-2),biosnap,cold_drug,4198936517,3,f9c6e915b8e319425e68b7ed11852de6369777cb1df242e8acaaf7516c487593,0.8866624261634285,2696,0.9318519018073914,0.8745729812382781,0.6034075438013221,0.5849250359416718,0.7835102744869991
mlp,MLP (Morgan+ESM-2),biosnap,cold_drug,4198936517,4,8c25f08c33d9218824f51c83c6e15f1b38436e4c883a76888389a856c3727acb,0.8819023008483182,2744,0.924893983567453,0.8615068644336119,0.569090202712702,0.548496315475005,0.7383553331763776
mlp,MLP (Morgan+ESM-2),biosnap,cold_drug,983997847,0,7073e1468209ad34718675fe4cde1f700224fc93c70c42e428ab87870680b0a4,0.8678548109658721,2804,0.9258850992089224,0.8826767433826955,0.5947905321644018,0.5677004538577912,0.5377941465377803
mlp,MLP (Morgan+ESM-2),biosnap,cold_drug,983997847,1,b09953fd4d7f62ee241de6a0743dee295aedf4f2c788ab85ac3d61b3d4534be6,0.8611795178430189,2695,0.91887333445775,0.8637095080906371,0.5682269287019309,0.5456262988853202,0.7341263693489432
mlp,MLP (Morgan+ESM-2),biosnap,cold_drug,983997847,2,e03a947319a7ce0a30a9acde4d445c946a156102ab02ceeb9e0082a1c7577c02,0.8765398157870709,2817,0.9291961144996289,0.8568541396755764,0.5773541719472208,0.5459437086092715,0.7345054333830535
mlp,MLP (Morgan+ESM-2),biosnap,cold_drug,983997847,3,b2d432a7a3f9058c024f5f2578182a059bf5778bbcadeb61784cabe54ba6f18c,0.8821353217628425,2922,0.9173044614523054,0.863729128221273,0.5678294952556714,0.5439258750857927,0.7150395656285221
mlp,MLP (Morgan+ESM-2),biosnap,cold_drug,983997847,4,4662f7f454bfe52811ed009d8fdf5609c6f3c1f4ef1c5a40cf74dc10cf553ded,0.8683523547159911,2592,0.9155443322109988,0.8755345194973136,0.5925012602868129,0.5636100036245016,0.5427910976213952
mlp,MLP (Morgan+ESM-2),biosnap,cold_pair,1941488137,0,81ff1cf1289174f7f6901b238f8274214b99ccf0b30871c1e9fb9c54824eaa64,0.7449708454810495,736,0.9088438735177866,0.8071628736413043,0.3983027562149963,0.4133545310015898,0.851439010076327
mlp,MLP (Morgan+ESM-2),biosnap,cold_pair,1941488137,1,eabf504c52c58bec765481fe1a8d067deb9776838063c0dd93aba9f9ca6a4f01,0.778582763671875,536,0.8532903663500678,0.764246282579639,0.3523147664475468,0.3727338651196519,0.08230819223882399
mlp,MLP (Morgan+ESM-2),biosnap,cold_pair,1941488137,2,71e439ff03789bdbb390dc0982ac35cf36ec23da8658bdc6f1c9507745b8db2c,0.7804012345679012,530,0.9133790737564322,0.7794862940548238,0.3356501862579625,0.2937062937062937,0.9046280510213279
mlp,MLP (Morgan+ESM-2),biosnap,cold_pair,1941488137,3,a2fec1a3c34444adeaee1cbd3ef8a0559776fb58b5a9dd7b001bf0798e165db1,0.8108777342668406,448,0.8987418831168831,0.7891407246492348,0.41607692897563436,0.40946745562130177,0.7257189747405379
mlp,MLP (Morgan+ESM-2),biosnap,cold_pair,1941488137,4,2d243d87e3fd1623d5b3ffa784324892aff86c3e2b7e6290683beb57d2989f5f,0.757875340490306,567,0.9092512425845759,0.7868197667727355,0.382176954642341,0.38611713665943603,0.6914880041226947
mlp,MLP (Morgan+ESM-2),biosnap,cold_pair,4198936517,0,d53948b107e6707f76abc6bf9e2514eb15982fc444fe80edcf89039c411d2277,0.7187910883856831,580,0.9036050156739812,0.8303570154577884,0.43602926876145776,0.4513826940231936,0.8156472458088235
mlp,MLP (Morgan+ESM-2),biosnap,cold_pair,4198936517,1,8bff8961308d7d7b0f11d6d7c62d411933414e2e6c9595b8e07a666c48d87f8f,0.7691635160680529,685,0.8495023224950232,0.7619639831637275,0.3238550654892301,0.32660332541567694,0.66897963405472
mlp,MLP (Morgan+ESM-2),biosnap,cold_pair,4198936517,2,b06c142765e46d6b37f51c4a3b5e4e7e891c7f7d5174fb2d2222a0e978f374d4,0.733440153821503,561,0.9147625992545778,0.7788307739235703,0.3810410342714995,0.3883720930232558,0.8437965014209486
mlp,MLP (Morgan+ESM-2),biosnap,cold_pair,4198936517,3,90617ac60f1398f5f2afa657254153ae236a96395e763562096e6ea10484c2ec,0.7535077288941736,486,0.8860830527497194,0.7607300716354214,0.34663650348069547,0.38046795523906407,0.2251313529194218
mlp,MLP (Morgan+ESM-2),biosnap,cold_pair,4198936517,4,31c262bcb54487b7291c0f669411fd1ee4e817ab0fde336d5dc0811140ecd8b9,0.7830295857988165,495,0.8808080808080808,0.7508176716661565,0.34322950028744703,0.3871576959395656,0.5246965775669412
mlp,MLP (Morgan+ESM-2),biosnap,cold_pair,983997847,0,be2fa14682ea8a906e1802a152fe451a9cfa1250c630bcae12bca002a7e4c105,0.8091910776672938,542,0.8708487084870848,0.778356605983034,0.3739911148666873,0.3888888888888889,0.47779670875366315
mlp,MLP (Morgan+ESM-2),biosnap,cold_pair,983997847,1,fdb70f98b9e463558151fd73d60c71913bd135cf0ce599a478c803de17e9da06,0.7867407317956768,564,0.8794326241134752,0.7771279739449727,0.3794802148576624,0.40064102564102566,0.4970283014317082
mlp,MLP (Morgan+ESM-2),biosnap,cold_pair,983997847,2,60f2b6d3b2a8cf0e94118477302b68562aa9163fef1a739ab2ee91f9a9ecc305,0.7485226059095763,633,0.9062185839437025,0.7762854732722886,0.3795666078443538,0.4003673094582185,0.4801024183426816
mlp,MLP (Morgan+ESM-2),biosnap,cold_pair,983997847,3,58a094f9e8b563676173b717dbdfaf332a78a9bec18a7880fae9290d9c6c7f60,0.777500165245555,465,0.8692082111436951,0.7541005896635449,0.319947815751444,0.36707663197729423,0.7462178819800076
mlp,MLP (Morgan+ESM-2),biosnap,cold_pair,983997847,4,c84d88de123bbd2f315b943f35ec392b0da31f3f67825c3d6b9a97568dc17108,0.6926938775510204,590,0.8640986132511557,0.7605754093651249,0.33817192106117916,0.3771186440677966,0.7182789707102188
mlp,MLP (Morgan+ESM-2),biosnap,cold_protein,1941488137,0,766482f3df920b6196c8c65f02aec9f1e1e1665d35dd7f78a5042a0d576940bc,0.825824150596878,3596,0.9346496106785317,0.8558405721472753,0.62968599321696,0.6230129794370716,0.6920156789152591
mlp,MLP (Morgan+ESM-2),biosnap,cold_protein,1941488137,1,6845a196d809cb07fee4888cc59d379b6fe25b3ba4eb5507af2fc25a3f7a82d0,0.9313825163468616,2732,0.9386064155463862,0.8598352935438992,0.6300666831542951,0.6061899679829242,0.7810747443813165
mlp,MLP (Morgan+ESM-2),biosnap,cold_protein,1941488137,2,f39fce42250d53c5ddc8895a8498a944872f43fd73a6f13a0a9fdd355bb652a5,0.880138594190039,2521,0.9366413039558616,0.8563364210288477,0.6244711356943607,0.6106802570352315,0.7305564594187118
mlp,MLP (Morgan+ESM-2),biosnap,cold_protein,1941488137,3,f358d9d2e2425b7e887892e4fe84f7af67f338032486c9b132b585223b8e3818,0.8530825990003845,2349,0.9419869189984132,0.8480324045756634,0.64680318559151,0.6312423124231242,0.6639476928319017
mlp,MLP (Morgan+ESM-2),biosnap,cold_protein,1941488137,4,5389109904b9618c65333360931fc52bdb7de0768f8973450380d4a88c7fc7c2,0.8953266127296795,2632,0.9431818181818182,0.8555388554244694,0.6456022787333892,0.629254000450755,0.7558176707568243
mlp,MLP (Morgan+ESM-2),biosnap,cold_protein,4198936517,0,fc1aa75b9b0048814ec09add25cac8ade5a40e6a544a3caeb436ae39d1baa70f,0.8524802674153754,3097,0.9479848533771685,0.8937608801793354,0.7010495749774659,0.6705094830792117,0.8858388775995334
mlp,MLP (Morgan+ESM-2),biosnap,cold_protein,4198936517,1,db37bd811ed02491ea414044eaae7af593fb30c6d1b44fcfce78e2e99a64654e,0.8502028858418367,3019,0.9352284019392333,0.8407581507908234,0.6188556411776883,0.6123625878536674,0.7230999730139578
mlp,MLP (Morgan+ESM-2),biosnap,cold_protein,4198936517,2,008d3a0994db69d5f54c4588ac93f4b42f976f4d22fbd4d859719ba070434feb,0.8998205422439752,2727,0.9446277961129447,0.8598937824353271,0.6576400161428283,0.6442493039194689,0.8332420940023579
mlp,MLP (Morgan+ESM-2),biosnap,cold_protein,4198936517,3,2b4e4783de0d8059207c5a62c7dbf0be095bbdf34bc85fea34551d9ed48f64c4,0.8350764943312002,2534,0.9331635215613117,0.8509547502038575,0.6247685142518112,0.6065469904963041,0.35934939631860546
mlp,MLP (Morgan+ESM-2),biosnap,cold_protein,4198936517,4,060b1660c869c9a5900c2bdf4a60648e17462fa3743731198ea2f6c924b2c98c,0.8476065665865609,2453,0.9388503872808805,0.8333206807342075,0.603874410548597,0.5965770171149144,0.7887302576679075
mlp,MLP (Morgan+ESM-2),biosnap,cold_protein,983997847,0,590177958a695186bda43d57061d2dd194cac2a926bfc568d7e9cbd20a0946d7,0.879421108081499,2614,0.9343047923767128,0.8541219254335873,0.6428646518707732,0.6222755448910218,0.5506919565266131
mlp,MLP (Morgan+ESM-2),biosnap,cold_protein,983997847,1,832f3a6629cf6f280cc79aecaad2047b5b96d712c30e3d0178757df16e2073f4,0.837360409659519,3068,0.9288550432618229,0.8606458942798522,0.6524320503985248,0.6092758340113914,0.42414048877072735
mlp,MLP (Morgan+ESM-2),biosnap,cold_protein,983997847,2,220d15cc845679126f23b0d8e09c11a2944998d03393e7bdfaf23bdf7bbe6f7c,0.8336464903258359,2953,0.9334113228457963,0.8404549478114572,0.5730167394786672,0.5599186164801627,0.6726389973784146
mlp,MLP (Morgan+ESM-2),biosnap,cold_protein,983997847,3,c07811eaf01be5606d069d70d312ec46bd0136fb0cfcf0d26d09dad667c9c6cc,0.887220484838548,2258,0.9384008374265239,0.8475380224706407,0.6040759518125592,0.5692567567567568,0.915499604328038
mlp,MLP (Morgan+ESM-2),biosnap,cold_protein,983997847,4,be3028af004ff4ad7fc880847e5721202254729b24a883654424bcb59362c142,0.81543680295649,2937,0.9323675983532981,0.8788965854155052,0.6557237614036447,0.6250214518620216,0.5340194186935684
mlp,MLP (Morgan+ESM-2),biosnap,random,1941488137,0,ad307479fdfca1bc80726097c9633b89a766f0c052aa390ebf328171c21c20ea,0.9287195193732034,2766,0.9496811937159009,0.9270771542054145,0.75826506679519,0.7078801755390193,0.7859289951112185
mlp,MLP (Morgan+ESM-2),biosnap,random,1941488137,1,6fa5158ba6cde08eb257cca347f872d440be4063e1353c8862c0835e91c2b47b,0.9262823772354639,2766,0.9490238611713666,0.9161240732288418,0.7414843138982121,0.7044025157232704,0.7372199592933262
mlp,MLP (Morgan+ESM-2),biosnap,random,1941488137,2,f6e10fabc28d032393e8f512d4983004ec310f38d62778b133b3b45cae5a2c2a,0.9249269969163759,2766,0.9497469269703543,0.9261104850291919,0.7483075238745948,0.7029337478142608,0.8051497518608021
mlp,MLP (Morgan+ESM-2),biosnap,random,1941488137,3,fd50f36d14dadeb82fe6a6302b549c9776447b6a69cc2f8d76efcbb99005da9f,0.9263867724625501,2766,0.9521133241306777,0.9248953436758407,0.7514980141905664,0.7088911088911088,0.9039301794685732
mlp,MLP (Morgan+ESM-2),biosnap,random,1941488137,4,0ae404c6a6a1746c2c9e5528b7d46caf69054bccd9adcc9e24b79ad0f3a511ae,0.9163543257392686,2766,0.9500755932426215,0.914298273268681,0.7363188043486499,0.7003353718682186,0.8219112739987542
mlp,MLP (Morgan+ESM-2),biosnap,random,4198936517,0,b82fb594ef9a76316622e40d5368109a2f777cd25ff2614256d5e003e1ebb9af,0.9191386208384972,2766,0.9489581279169131,0.9141847027927699,0.7325449004387975,0.6902054657889487,0.8991688202096991
mlp,MLP (Morgan+ESM-2),biosnap,random,4198936517,1,d35151cd376427985bd2eb65c40c7eb5c48ac76a0c112b9972ccc80580a7ea3d,0.9193296714615986,2766,0.9513245250772365,0.9237745590109002,0.7466119127259244,0.7011099899091826,0.8662115879663047
mlp,MLP (Morgan+ESM-2),biosnap,random,4198936517,2,d20f0a71685f63c6b28a247742b9eb647e68a8c5a18cca43d468f7e7f4aad191,0.9049201871102552,2766,0.9492867941891803,0.9185293387999827,0.7432386589682576,0.7052531041069723,0.7735670719244698
mlp,MLP (Morgan+ESM-2),biosnap,random,4198936517,3,83a851fa11ed8fad65087dacef6baaa027b1b9cc62c23a66cdc0dbe4373905fc,0.9181403670264774,2766,0.9477749293367514,0.9233356938843691,0.7501611265536653,0.7049210770659239,0.794661201271292
mlp,MLP (Morgan+ESM-2),biosnap,random,4198936517,4,926191e192e9d56dfe4651a1e860709623a292874976d39f7933f5519c3d0410,0.9282099284193729,2766,0.947479129691711,0.9245846096777887,0.7480224882151062,0.700075075075075,0.7931320155320103
mlp,MLP (Morgan+ESM-2),biosnap,random,983997847,0,8ff5b20121f9b7c7e39c2f4ccfb4b1e8e6af52f307e5880ed1f4e1797346a11e,0.9164947728811121,2766,0.9495825938342207,0.9197960763616041,0.7430311379557689,0.7000391083300743,0.8673191038304803
mlp,MLP (Morgan+ESM-2),biosnap,random,983997847,1,1294db83319fed0aa355ff7e286011b66c0f93c8ba895073c9f0c24ea0d1e73e,0.9249879009447073,2766,0.948629461644646,0.9272242834564323,0.7460800445930227,0.7053722902921772,0.8061049163749778
mlp,MLP (Morgan+ESM-2),biosnap,random,983997847,2,8c6e31b42705db209a13a0b41afcc94f66e6ac0e6ca18b74f1da83e2d6100a90,0.9248871027340594,2766,0.9542167882731875,0.9262275126797925,0.7623434687617404,0.7172721737365537,0.9189841341890701
mlp,MLP (Morgan+ESM-2),biosnap,random,983997847,3,bce862cbfa862881cd04ec719d9e338a9213cc9c047924969597a45bd6381ca9,0.9250611084042654,2766,0.9510287254321962,0.9233327399279233,0.7455451336445149,0.7042477173481541,0.8757744796472051
mlp,MLP (Morgan+ESM-2),biosnap,random,983997847,4,2ecb245f9cc66272424e0757f73513e0fd93efc0cfda0846ffee8a367806357d,0.9176825649343217,2766,0.9522119240123579,0.9185012500725419,0.7412639901346824,0.6973355537052456,0.8925263048034827
mlp,MLP (Morgan+ESM-2),human,cold_drug,1941488137,0,33abce320291ccdc6698b267d9556020a416233d3b3820b517bdcc91e9fc3299,0.8635500945179584,696,0.8955067920585162,0.8643079501915707,0.5246511894321403,0.48119325551232167,0.2276247249890665
mlp,MLP (Morgan+ESM-2),human,cold_drug,1941488137,1,ae8f7860896616a8f2771806c8c1248d8477c63dbd8ac7815914d7c646584319,0.8890849186948667,422,0.9009047824213701,0.7940533680734935,0.46083734671417026,0.42786069651741293,0.07133398311697459
mlp,MLP (Morgan+ESM-2),human,cold_drug,1941488137,2,b68e45549745c30c1c42e85d37fb893d878dd47a80148d4be45e71d240a4a702,0.8700138504155125,538,0.9297059817505914,0.885952723151974,0.582833101995283,0.5071090047393365,0.7845647441687658
mlp,MLP (Morgan+ESM-2),human,cold_drug,1941488137,3,58a25f4b895a6d9e8f1a9cf30e14b44ae170cec34c2c4df93cc50a4dccf76988,0.913791597519434,572,0.9140178003814368,0.8246385825712749,0.41153852097385546,0.33943833943833945,0.8246978419284297
mlp,MLP (Morgan+ESM-2),human,cold_drug,1941488137,4,f15ad55d17fac03e449c1c1fc6875fdb990fdf60fe1698200900740284a4d36b,0.8556093045477619,405,0.9171717171717172,0.8568456028044507,0.5493329799746818,0.49795918367346936,0.526274263434214
mlp,MLP (Morgan+ESM-2),human,cold_drug,4198936517,0,53fc35f787d95aa4ccf5a31c279e4d558b641572e662659e34c2367a53e39656,0.8465822222222222,623,0.9012111484021597,0.8374720775824532,0.4582908112878633,0.4353628023352794,0.22349050023171943
mlp,MLP (Morgan+ESM-2),human,cold_drug,4198936517,1,1dd2fa861a65bf0fe7898c29c66848a63e8e312ffcf4edc693d33fd53789ab3f,0.8447890398584816,401,0.8945817274994332,0.8779379481470888,0.5852480831696265,0.5120671563483735,0.16974870697276226
mlp,MLP (Morgan+ESM-2),human,cold_drug,4198936517,2,d82dcbcf199a47ea672296109404c19bbedc9801ee61cc53cc69feed6560b615,0.8388822611102401,346,0.8662637940094587,0.8657481038457683,0.5920358527446358,0.4821973550356053,0.05406621241406219
mlp,MLP (Morgan+ESM-2),human,cold_drug,4198936517,3,5a4997537612bc4fe41970e56cb749948ccb460568fff503b1357565f01446ac,0.8728669922436081,686,0.9073681420620197,0.8564390687553656,0.5153464964459792,0.49530685920577616,0.15672697356098295
mlp,MLP (Morgan+ESM-2),human,cold_drug,4198936517,4,fc30f517aa0c44ac36286b6849bfb304bc065ca3c152d835f08baa678d5ca22e,0.8355049246469681,577,0.8993225145738144,0.8804661053858331,0.6076721862017503,0.5515789473684211,0.1388404623041415
mlp,MLP (Morgan+ESM-2),human,cold_drug,983997847,0,edeb4ffb82db75be19b3e81dcdc3e514cd377def69bbd6df03fbb940c8d1b681,0.8841958673642214,563,0.9223316647828194,0.8858910492824219,0.5916980184767979,0.5566820276497696,0.5028937776121374
mlp,MLP (Morgan+ESM-2),human,cold_drug,983997847,1,43dd5db9ff3a1acca1bbea81115f16ff2829c4c6ef5eaaa40226e592920df178,0.8534079084287202,626,0.9041533546325878,0.8752958844124161,0.5545157676322661,0.5378151260504201,0.2576656636105826
mlp,MLP (Morgan+ESM-2),human,cold_drug,983997847,2,a72f61478b527b53fa14a200c243ddf2539dc918440f12da5fdde6ecaea58e65,0.8791038782048356,436,0.908465387823186,0.8459236385826109,0.5151944161100042,0.4829210836277974,0.4668570440925962
mlp,MLP (Morgan+ESM-2),human,cold_drug,983997847,3,26bae1a0955b735d7b18996531c3ef1fee75d5172f7afbf34500992918cf0f2e,0.8620149519401922,471,0.8868944219262691,0.8234163206981577,0.515997859508827,0.47584973166368516,0.37784638125602515
mlp,MLP (Morgan+ESM-2),human,cold_drug,983997847,4,0f58031fe12cc2de5150b5b2ccacebfd0a27eacae9ebcf51533c226483ca9f34,0.8709620054033719,537,0.9211105468088708,0.8425246819179593,0.4647370675818058,0.33994334277620397,0.8690951153023602
mlp,MLP (Morgan+ESM-2),human,cold_pair,1941488137,0,bd8c67818f266d75d831f723c20013ef2773f8b572184a55088d978865aaee88,0.7848241484353364,149,0.8730933496034167,0.6527070852664295,0.20601721761053357,0.2827586206896552,0.5025041699409485
mlp,MLP (Morgan+ESM-2),human,cold_pair,1941488137,1,de41199e4c62efaf511dd2137576a4bfd90a5caba0a24af7151c3e2ea0553713,0.54,72,0.3547979797979798,0.5084876543209877,0.10326477108099635,0.17713365539452497,0.1831858605146408
mlp,MLP (Morgan+ESM-2),human,cold_pair,1941488137,2,3379df8c72138ebf749fa4110e8d3bd96e74a1e4fac40d7c974d8576f7c5e045,0.5674931129476584,135,0.7622895622895622,0.6896790123456791,0.29254049218054723,0.2839756592292089,0.07970927655696869
mlp,MLP (Morgan+ESM-2),human,cold_pair,1941488137,3,8008f6f231278ae0fbb1547f4ba35df40452c1820b98845457baefe2fa83f3c5,0.5746219592373438,85,0.6877005347593583,0.7264221453287197,0.22237360608309872,0.2663316582914573,0.0030875219963490963
mlp,MLP (Morgan+ESM-2),human,cold_pair,1941488137,4,8b34dab23ebbaac711e38571121161f562d541af56098e2c8b87b7e581f85884,0.6654320987654321,54,0.6178451178451179,0.6083333333333333,0.1282808977665372,0.1978798586572438,0.2918495535850525
mlp,MLP (Morgan+ESM-2),human,cold_pair,4198936517,0,c599300df5b2ef0e50f64754f47aba326dcc6a75a3d10b9702e2db478089d1f4,0.7469512195121951,152,0.7990430622009569,0.6452908587257618,0.16382207619857841,0.2186046511627907,0.030793404206633568
mlp,MLP (Morgan+ESM-2),human,cold_pair,4198936517,1,6d3820abd87f7335237c574ad06a563bfe76a527f8622d23ed6706e61a02501e,0.6530612244897959,73,0.5193026151930261,0.6619065490711203,0.22159397829427807,0.20901639344262296,0.00021295736951287836
mlp,MLP (Morgan+ESM-2),human,cold_pair,4198936517,2,0a398b6e5968651e3f7732810ecdeb9c20ab8410e42ba1dea9b78b57b7f4b740,0.7164933837429112,59,0.8859784283513097,0.6655558747486354,0.21904475947687457,0.2127659574468085,0.8516865968704224
mlp,MLP (Morgan+ESM-2),human,cold_pair,4198936517,3,17ae3f073110d144df44f48448f0b1769b825674b197aa22a58820e1d26a1419,0.76525,172,0.8699788583509513,0.6836195240670633,0.21219253593837198,0.24539877300613497,0.2941218316555023
mlp,MLP (Morgan+ESM-2),human,cold_pair,4198936517,4,5e4f89773931feec371bc5318cdb8d788c6407efb92cd88e675fc19b2bb40639,0.5463917525773195,120,0.7765151515151515,0.6937361111111111,0.23246810137287188,0.29256594724220625,0.004575118888169527
mlp,MLP (Morgan+ESM-2),human,cold_pair,983997847,0,0f03eb4162b879e7617fddc65d193722488f8264565ffd7c40b6a62a83df8fac,0.7777777777777778,92,0.7440711462450593,0.7161743856332703,0.2336089642222072,0.29041095890410956,0.011338464915752411
mlp,MLP (Morgan+ESM-2),human,cold_pair,983997847,1,ab3f176e26732a9405bf7aa8cf428370d2cba2de7f534e7de90b588c3082a051,0.5177304964539007,118,0.2465331278890601,0.6887460499856364,0.21983225451514712,0.18227424749163879,0.4682418406009674
mlp,MLP (Morgan+ESM-2),human,cold_pair,983997847,2,a45d9e52f747a1356f288e2e07ae425edd460014c17d6ea8d75f3dea09754d32,0.5869140625,73,0.7484433374844334,0.5790204541189716,0.18607625626752564,0.1652892561983471,0.10479873418807983
mlp,MLP (Morgan+ESM-2),human,cold_pair,983997847,3,0374dee88a8014ae6196dba73dc66a252067d6bea2c2be5adab49a27342da802,0.5314148681055155,139,0.8744277305428385,0.5227420940945086,0.10539177789341009,0.09433962264150944,0.38416019082069397
mlp,MLP (Morgan+ESM-2),human,cold_pair,983997847,4,8b2b4d7f522a6296b722e4648052b41b54ab6f22944ae92675f84ff6ee26c967,0.5436328377504849,100,0.47545454545454546,0.7025699999999999,0.1787395466975523,0.22963951935914553,1.505744762653194e-06
mlp,MLP (Morgan+ESM-2),human,cold_protein,1941488137,0,7cb69146150959e01230f6b5c7717ad44925427bbf9b6d06b05a6b5c6cd3a88f,0.8026643598615917,605,0.9138993238166792,0.7479639368895568,0.39654766406700875,0.4123076923076923,0.6337220409390044
mlp,MLP (Morgan+ESM-2),human,cold_protein,1941488137,1,c03a6a0be3b7940366b4d416b49c14232283356fd56d9862dcd17f80180bb081,0.8532961998456791,476,0.9197860962566845,0.8279127092013275,0.5459004302455268,0.5522388059701493,0.10361462968567474
mlp,MLP (Morgan+ESM-2),human,cold_protein,1941488137,2,cb0f1a691beb4adc74b4b7287889c3513e426f8c77b95d8d2469955a14eb25d9,0.8817883280165133,688,0.9133192389006343,0.7477064249256355,0.38954964184991725,0.4142857142857143,0.5733632347355152
mlp,MLP (Morgan+ESM-2),human,cold_protein,1941488137,3,e9a410074f5af92384c7ea7cbc604118a4bb751d05fbef40b158e06af77078ce,0.7381798506325254,448,0.9330357142857143,0.8500909299266581,0.6094867009839645,0.5895522388059702,0.47013990051942445
mlp,MLP (Morgan+ESM-2),human,cold_protein,1941488137,4,f27eb92e44ae906264399b45ad8e075aa5c13b614d3dfc215facb2599738bb9f,0.7068653900766766,416,0.9217657342657343,0.8273131240754438,0.5930389926519527,0.5601965601965602,0.40614077651337394
mlp,MLP (Morgan+ESM-2),human,cold_protein,4198936517,0,3593355e476aa732f041a4be078216cf682e8d170e22eccf705d6a3af57bd533,0.8535850554012392,666,0.9196014196014196,0.7653106935764593,0.43780776565330604,0.4490177736202058,0.8328172773531037
mlp,MLP (Morgan+ESM-2),human,cold_protein,4198936517,1,2075c796adb0e2a27e7c390bb4d8033e4d271d1bc1dba505d080b6f64d17ff34,0.854169816074578,452,0.9376508447304908,0.8317409350771399,0.6120010100857285,0.5953002610966057,0.7654841059691289
mlp,MLP (Morgan+ESM-2),human,cold_protein,4198936517,2,d99e86b535bcb2a067d03dd88bfd76c86768bcbef42493693fa847c07710d053,0.8088680321038552,438,0.9387712743877128,0.8519229165363524,0.6370117721866893,0.6183699870633894,0.7645470795566089
mlp,MLP (Morgan+ESM-2),human,cold_protein,4198936517,3,87b03a37e5bd84e0d0a7a3ae7cc7077c7b7160aef7bdd2afb26e89064cab7330,0.8610933171745152,616,0.920159386068477,0.7724437088885141,0.4251430158085262,0.41131664853101196,0.8634631144102309
mlp,MLP (Morgan+ESM-2),human,cold_protein,4198936517,4,126935daee05969237fe55788ca0d3770e52af4a200050501cca7fa44e62a3d3,0.8584701625503688,461,0.9329520804575034,0.7850722987375365,0.5347068108164861,0.5417789757412399,0.6310431924584792
mlp,MLP (Morgan+ESM-2),human,cold_protein,983997847,0,b975bda7bffa478f7ce84c3c04a6f2334e76849cc07bdb35f50840e6781a4828,0.8572204909202832,441,0.9276437847866419,0.8201029920660631,0.5872327679659627,0.5693251533742332,0.5144474551857332
mlp,MLP (Morgan+ESM-2),human,cold_protein,983997847,1,957c6eaabfcceb16e4218df5757fdbd002c080cf60c72b1f4f2a9388bc067b8e,0.84736303871439,513,0.9307106149211413,0.8345553617637336,0.5546101489239564,0.5283474065138721,0.9266113638061367
mlp,MLP (Morgan+ESM-2),human,cold_protein,983997847,2,905573cff79b426bf47d99a1b18ed055fff710b8b00740d56aa6ab87eb08a1c2,0.8331362315488152,463,0.9318672688003141,0.852816172114438,0.6018699463555007,0.568944099378882,0.6165370877474958
mlp,MLP (Morgan+ESM-2),human,cold_protein,983997847,3,40f3650964082375d0fb6e5e1019d8188002152ae847d74cc00bcd40bcab0264,0.7729116596662249,724,0.9196383726770467,0.7086987958243033,0.3586889703265473,0.37254901960784315,0.902257490647984
mlp,MLP (Morgan+ESM-2),human,cold_protein,983997847,4,e147190debc1ca6a45f9f658aec6ae9bf10f0a86236fb1b2e36ec955cc112690,0.7745317629840592,492,0.7488913525498891,0.7112108781148786,0.21430659664619434,0.2681744749596123,0.5231068701531788
mlp,MLP (Morgan+ESM-2),human,random,1941488137,0,3ee649582c51d150475d3d256d55c6fff7157336dfa58397b759280f8a7dbc85,0.8997248489476876,527,0.948594100396757,0.8918688721739537,0.6859062805896843,0.6598173515981736,0.9159618188257088
mlp,MLP (Morgan+ESM-2),human,random,1941488137,1,1eb203df0bf0b5ae9a461841e4e43b8812f7685326bbff9593bb89cefc51caea,0.9055501897980728,527,0.9484215973779541,0.9186087877031208,0.7241589537365355,0.6829268292682927,0.669785199426625
mlp,MLP (Morgan+ESM-2),human,random,1941488137,2,6c082337c0ebfc9cc8200f8b88b1979992d5518604da2d05d12c4f6c2bb7c2c1,0.8613485770759866,527,0.9408314645506296,0.8950192453794886,0.6843148764102414,0.6347177848775293,0.7505445762856388
mlp,MLP (Morgan+ESM-2),human,random,1941488137,3,eb685a487de50970e62869aff74f9bc2208e4d2392b5b13388bec0d70e1129c2,0.8880022910536601,526,0.9400276529554096,0.894444946435542,0.6776467905011091,0.6280814576634512,0.672590610752368
mlp,MLP (Morgan+ESM-2),human,random,1941488137,4,0b79b831cb7ae126803958380cc5372817612cf9372ab369c224cb212271ef7d,0.8871453920621728,526,0.9384721742136191,0.8878218566120661,0.6741088101634676,0.6299376299376299,0.5199482199263864
mlp,MLP (Morgan+ESM-2),human,random,4198936517,0,3bcfa52e669072e9cb6d9b139b85fc06064191c273108f303dd1a87d1a8a0b91,0.8877024325599155,527,0.9441090219078834,0.9077786259267129,0.6973603984364751,0.6575052854122622,0.7144674764920589
mlp,MLP (Morgan+ESM-2),human,random,4198936517,1,c5a6c5aaab4d4e3bec9b95463f04984cbbed697217f645a8ea24bc4f0e9de784,0.906087015116462,527,0.9484215973779541,0.9002441228679756,0.7108512495163648,0.6717892425905598,0.6649154780662186
mlp,MLP (Morgan+ESM-2),human,random,4198936517,2,4e5f39c804d2a94efa32f8fb58590ed9076f3bdd932dcf31fdcfd6fdac711963,0.9162844500348151,527,0.9377264102121787,0.8959492886950948,0.663219016061133,0.6320081549439348,0.45325649617469477
mlp,MLP (Morgan+ESM-2),human,random,4198936517,3,e4db0b416220a414e748ec53e82eab3c5d1d6b0064e0b11e992230339346d754,0.9121268614810988,526,0.9396819910127895,0.8932256502190288,0.6660227358890224,0.6390899689762151,0.5993272479266337
mlp,MLP (Morgan+ESM-2),human,random,4198936517,4,1b65f2cfeb8dec15714fa96b172c9ae08f364abd5758434f3a52d7d83202e51d,0.9069427910424294,526,0.9421016246111303,0.8914759502089086,0.6664173861042967,0.6432374866879659,0.670836399352713
mlp,MLP (Morgan+ESM-2),human,random,983997847,0,8e3728b3831b303054f4db65a05ddba96318f5fa1c553d996fb446a685671745,0.9028750477302846,527,0.9451440400207004,0.9098617717271152,0.7046136901121187,0.6652631578947369,0.7068141760891434
mlp,MLP (Morgan+ESM-2),human,random,983997847,1,74a1b53c2ca13a336af7697dcb71b812f573d3df1b21d19bce03e8461e06d5b0,0.8726870465622965,527,0.9289287562532345,0.9024520305765692,0.6807360344027834,0.6327985739750446,0.14877600388167603
mlp,MLP (Morgan+ESM-2),human,random,983997847,2,ff952d55942ea478d13768a392518e50b7b12b8ef7ace19be68a264d64ccb8ad,0.912198737674356,527,0.9399689494566155,0.8959188633524047,0.6779752178927809,0.640495867768595,0.5471841144235169
mlp,MLP (Morgan+ESM-2),human,random,983997847,3,791163edfbaac8b3d9568440051d03e70556061ba4a76c92e539462704d82ced,0.907471754902181,526,0.9419287936398203,0.8894427055472828,0.6575628483842451,0.6394849785407726,0.5527075197598708
mlp,MLP (Morgan+ESM-2),human,random,983997847,4,aae19ac732a2aece44d67149029670a09036945210e85bb764eefc2e6c71a80c,0.9031872599447452,526,0.9369166954718285,0.9055369818849485,0.700201309497588,0.6546830652790918,0.3428162743783981
